id,geo_point_2d,intensidad,alcaldia,area_m2,perime_m,intens_num,int2
35.0,"19.2422518066,-99.0731823535",Bajo,Xochimilco,973904.029201,6805.44825625,26 a 49,2
56.0,"19.2236128042,-99.1083418839",Muy Bajo,Xochimilco,795548.364401,4693.75269064,0 a 25,1
32.0,"19.3809650541,-99.1373113251",Muy Alto,Benito Juárez,168263.324089,1712.40960466,100,5
45.0,"19.2603567,-99.0628861422",Muy Alto,Xochimilco,267499.368896,2488.60325608,100,5
31.0,"19.3905750675,-99.144452701",Muy Alto,Benito Juárez,202062.408324,2113.71385722,100,5
305.0,"19.2276041044,-98.9941234328",Medio,Tláhuac,234874.042009,3196.0804442,50 a 72,3
323.0,"19.2771922614,-99.028409051",Bajo,Tláhuac,355850.190015,2734.1363449,26 a 49,2
322.0,"19.281094046,-99.0281852145",Muy Alto,Tláhuac,284714.87588,2399.45362774,100,5
205.0,"19.2743171889,-99.1598802949",Bajo,Tlalpan,118347.612203,1477.92294678,26 a 49,2
196.0,"19.2468417163,-99.0123697042",Muy Bajo,Xochimilco,80875.1795027,1575.46780681,0 a 25,1
228.0,"19.2208697869,-98.9702836558",Alto,Tláhuac,191056.44022,2120.75141505,73 a 99,4
66.0,"19.2261935974,-99.0961025657",Muy Bajo,Xochimilco,9832.67795981,583.095636572,0 a 25,1
100.0,"19.3946112885,-99.1745309365",Alto,Benito Juárez,280199.900175,3236.21495127,73 a 99,4
67.0,"19.3885597096,-99.1364615233",Muy Alto,Benito Juárez,145405.517839,1956.19234816,100,5
84.0,"19.377592658,-99.1563039325",Muy Alto,Benito Juárez,403840.985707,2691.8624778,100,5
273.0,"19.2948004811,-99.0380209762",Muy Alto,Tláhuac,275652.653875,2415.96623685,100,5
264.0,"19.3675109095,-99.1973712799",Muy Bajo,Álvaro Obregón,49967.6367631,956.141780185,0 a 25,1
248.0,"19.3025862964,-99.0470818801",Muy Alto,Tláhuac,311177.730683,3053.04193875,100,5
405.0,"19.3891124828,-99.2069590505",Muy Bajo,Álvaro Obregón,24577.0463168,636.026981587,0 a 25,1
140.0,"19.242566309,-99.1676853074",Muy Bajo,Tlalpan,1461151.132,6038.29974379,0 a 25,1
110.0,"19.2474109042,-99.1329730087",Muy Bajo,Xochimilco,141590.666469,2335.11331499,0 a 25,1
114.0,"19.386072694,-99.1363179788",Muy Alto,Benito Juárez,161889.032924,1671.43593141,100,5
117.0,"19.3968511136,-99.1324927771",Muy Alto,Benito Juárez,132146.044995,1492.71999669,100,5
106.0,"19.2584622354,-99.1206817076",Muy Alto,Xochimilco,46474.0831754,891.432783477,100,5
173.0,"19.3814850719,-99.2121859799",Muy Bajo,Álvaro Obregón,122196.607067,1860.58233378,0 a 25,1
178.0,"19.2907555273,-99.2396041442",Medio,Tlalpan,415376.634088,3069.47716524,50 a 72,3
164.0,"19.2770137603,-99.1241965835",Muy Alto,Xochimilco,461182.188193,3138.31248813,100,5
170.0,"19.3551925401,-99.2333172504",Muy Bajo,Álvaro Obregón,147747.067312,2174.11434318,0 a 25,1
190.0,"19.2808636014,-99.165275369",Muy Bajo,Tlalpan,335403.998317,3028.53604842,0 a 25,1
333.0,"19.2647610549,-99.2021848756",Muy Bajo,Tlalpan,971697.381809,6251.71144319,0 a 25,1
349.0,"19.3700955438,-99.2104507881",Muy Bajo,Álvaro Obregón,101160.5555,1915.70217773,0 a 25,1
347.0,"19.3671402008,-99.20299969",Muy Bajo,Álvaro Obregón,42462.4550975,1398.70807586,0 a 25,1
457.0,"19.3234180106,-99.2687540555",Muy Bajo,Álvaro Obregón,729596.029111,5029.81464924,0 a 25,1
424.0,"19.3102870556,-99.2114818253",Muy Bajo,Álvaro Obregón,1064286.7165,5084.24027649,0 a 25,1
459.0,"19.3388499766,-99.2054645547",Bajo,Álvaro Obregón,276896.928652,3678.81771345,26 a 49,2
476.0,"19.3693546825,-99.2347910223",Muy Bajo,Álvaro Obregón,195935.131483,2234.03178311,0 a 25,1
470.0,"19.3087961289,-99.0503156629",Muy Alto,Tláhuac,441545.066973,4237.63848223,100,5
478.0,"19.3800347904,-99.1942503334",Muy Bajo,Álvaro Obregón,62402.1984919,1443.24124639,0 a 25,1
469.0,"19.2960286894,-99.048426388",Muy Alto,Tláhuac,287953.750576,2756.6266714,100,5
468.0,"19.3058003122,-99.0501391121",Muy Alto,Tláhuac,222300.563026,2559.14103265,100,5
547.0,"19.2443720833,-99.0099951187",Muy Bajo,Tláhuac,675415.392076,4357.62754556,0 a 25,1
675.0,"19.3795626346,-99.0847729499",Muy Alto,Iztapalapa,981506.159824,5933.16449313,100,5
676.0,"19.3784260662,-99.0988264298",Muy Alto,Iztapalapa,199916.628301,1820.73765309,100,5
666.0,"19.3665871269,-99.1206775705",Muy Alto,Iztapalapa,233348.741023,2534.6177032,100,5
600.0,"19.3630045343,-99.2451131655",Muy Bajo,Álvaro Obregón,235262.804236,2972.11717624,0 a 25,1
715.0,"19.3621973948,-99.0944014167",Muy Alto,Iztapalapa,420708.472102,4868.60210949,100,5
709.0,"19.3398864599,-99.0376280486",Muy Alto,Iztapalapa,445195.548899,2929.40655647,100,5
720.0,"19.401021698,-99.1101603403",Muy Alto,Iztacalco,530003.010641,3001.57261167,100,5
698.0,"19.3527839398,-98.9918613606",Bajo,Iztapalapa,192325.004557,2221.1377164,26 a 49,2
818.0,"19.3578313171,-99.2327204323",Muy Bajo,Álvaro Obregón,125642.367265,1952.0205434,0 a 25,1
897.0,"19.3459138349,-99.0530517273",Muy Alto,Iztapalapa,207040.95251,3361.72561012,100,5
895.0,"19.3288934357,-99.0344088057",Muy Bajo,Iztapalapa,243214.822681,2584.18299234,0 a 25,1
873.0,"19.3729802311,-99.0505472994",Muy Alto,Iztapalapa,39396.482789,1034.04362674,100,5
983.0,"19.3319462363,-98.9938718025",Muy Bajo,Iztapalapa,497499.947215,4130.51100537,0 a 25,1
960.0,"19.3362888359,-98.9965108183",Muy Bajo,Iztapalapa,171557.797028,2325.92046099,0 a 25,1
975.0,"19.3666975692,-99.1178485965",Muy Alto,Iztapalapa,180190.897261,1886.55470481,100,5
978.0,"19.38502311,-99.0895863494",Muy Alto,Iztapalapa,183371.098595,1775.72581087,100,5
1013.0,"19.2635206523,-99.1176279645",Alto,Xochimilco,562014.680092,4994.4567041,73 a 99,4
1028.0,"19.3413688813,-99.0191122088",Medio,Iztapalapa,235835.248475,2974.12364055,50 a 72,3
1007.0,"19.2874644522,-99.1237269658",Muy Alto,Tlalpan,104479.436177,1836.83887457,100,5
996.0,"19.2974749667,-99.1872579063",Muy Bajo,Tlalpan,163726.787144,2103.18884028,0 a 25,1
994.0,"19.3401530809,-99.0419850561",Muy Alto,Iztapalapa,274561.505827,2177.24747364,100,5
2020.0,"19.5613716369,-99.1308130153",Bajo,Gustavo A. Madero,241216.55088,2629.47631453,26 a 49,2
2029.0,"19.4538329271,-99.0917655976",Muy Alto,Gustavo A. Madero,237693.951191,2042.78361789,100,5
2030.0,"19.4056496236,-99.1574288412",Muy Alto,Cuauhtémoc,170073.832453,1687.8583615,100,5
2091.0,"19.5452251469,-99.1411810109",Bajo,Gustavo A. Madero,516393.169214,2930.29677357,26 a 49,2
2101.0,"19.4941126614,-99.0703336805",Muy Alto,Gustavo A. Madero,163342.390273,1782.81061106,100,5
2104.0,"19.4022649405,-99.104119565",Muy Alto,Iztacalco,977236.28056,4811.84094552,100,5
2105.0,"19.3935576249,-99.1247127537",Muy Alto,Iztacalco,357636.540646,2793.23358443,100,5
2106.0,"19.3942804121,-99.1279579613",Muy Alto,Iztacalco,188197.195706,2058.31618436,100,5
2133.0,"19.4252629696,-99.1377302022",Muy Alto,Cuauhtémoc,226270.330571,2427.77767948,100,5
2141.0,"19.4806108318,-99.073594083",Muy Alto,Gustavo A. Madero,201986.730733,2026.82540617,100,5
2157.0,"19.5668271917,-99.1301406438",Muy Bajo,Gustavo A. Madero,261564.124653,2081.45151279,0 a 25,1
2161.0,"19.451613063,-99.09963944",Muy Alto,Gustavo A. Madero,183111.907336,1986.19335864,100,5
2163.0,"19.4553411877,-99.110969299",Muy Alto,Gustavo A. Madero,228236.375974,1986.05025315,100,5
2167.0,"19.3827445388,-99.1250370816",Muy Alto,Iztacalco,213334.154153,2147.24222187,100,5
2180.0,"19.4634982886,-99.0891434866",Muy Alto,Gustavo A. Madero,215870.323671,1973.89582616,100,5
2192.0,"19.5508788941,-99.1371853893",Bajo,Gustavo A. Madero,477272.202136,2926.66321059,26 a 49,2
2199.0,"19.4758212603,-99.1025757607",Muy Alto,Gustavo A. Madero,635512.552723,4016.37244607,100,5
2234.0,"19.3988046422,-99.1276927537",Muy Alto,Iztacalco,139044.388637,2327.9534304,100,5
2245.0,"19.4097484493,-99.1314193598",Muy Alto,Cuauhtémoc,111389.495457,1614.95969608,100,5
2252.0,"19.4086563537,-99.1697846048",Muy Alto,Cuauhtémoc,273949.95659,2258.58560489,100,5
2280.0,"19.4287388625,-99.2071600824",Muy Bajo,Miguel Hidalgo,383543.282261,3187.88215074,0 a 25,1
2302.0,"19.4170072776,-99.0854495263",Muy Alto,Venustiano Carranza,219833.633759,3721.5268636,100,5
2307.0,"19.4144569522,-99.1139842575",Muy Alto,Venustiano Carranza,156696.883926,1754.98215698,100,5
2320.0,"19.4212472697,-99.1022297677",Muy Alto,Venustiano Carranza,70661.5438427,1182.78814374,100,5
2340.0,"19.4169283778,-99.224392297",Muy Bajo,Miguel Hidalgo,691897.746795,3964.00802372,0 a 25,1
2357.0,"19.4125241185,-99.1107963297",Muy Alto,Venustiano Carranza,88968.9111067,1288.48136236,100,5
2361.0,"19.4365160236,-99.1125305495",Muy Alto,Venustiano Carranza,266483.105302,2623.71041935,100,5
2384.0,"19.455941861,-99.1682285111",Muy Alto,Miguel Hidalgo,141909.408518,2824.77859564,100,5
2397.0,"19.4270722066,-99.2111495772",Muy Bajo,Miguel Hidalgo,80219.4191823,1666.1190932,0 a 25,1
2402.0,"19.4311411615,-99.0929968084",Muy Alto,Venustiano Carranza,223796.255046,1915.92015378,100,5
2426.0,"19.4500099727,-99.0949494921",Muy Alto,Venustiano Carranza,164467.486177,1865.81661114,100,5
1685.0,"19.3060971031,-99.2567426139",Bajo,La Magdalena Contreras,268917.324983,2589.16737802,26 a 49,2
1686.0,"19.3342899269,-99.2154173132",Muy Bajo,La Magdalena Contreras,193472.796315,2408.66244706,0 a 25,1
1710.0,"19.3708498433,-99.0384385618",Muy Alto,Iztapalapa,149620.855297,1693.87969611,100,5
1718.0,"19.3327131956,-99.1150381989",Muy Alto,Coyoacán,106609.070836,1303.27502702,100,5
1719.0,"19.3282637633,-99.1406936597",Muy Alto,Coyoacán,320612.950022,3948.15934,100,5
1729.0,"19.3607111994,-99.1200325665",Muy Alto,Iztapalapa,297359.313563,2318.15718874,100,5
1732.0,"19.4655415827,-99.1677971915",Muy Alto,Azcapotzalco,212865.122493,2771.68975479,100,5
1749.0,"19.2021581154,-99.0573620758",Muy Bajo,Milpa Alta,23569.0846812,853.929540165,0 a 25,1
1778.0,"19.3044482105,-99.1703204348",Muy Bajo,Coyoacán,152835.279116,2017.51099491,0 a 25,1
1783.0,"19.3678269845,-99.0263109287",Muy Alto,Iztapalapa,161201.229985,1775.21132705,100,5
1801.0,"19.4762932637,-99.1601582025",Muy Alto,Azcapotzalco,227932.770172,2071.34405753,100,5
1817.0,"19.4422530954,-99.2040362491",Muy Bajo,Miguel Hidalgo,706655.817747,3885.58615109,0 a 25,1
1831.0,"19.4281537187,-99.1014300688",Muy Alto,Venustiano Carranza,214784.245292,2279.44873312,100,5
1834.0,"19.4309806588,-99.181203386",Alto,Miguel Hidalgo,396052.092428,4246.23618254,73 a 99,4
1856.0,"19.4021266995,-99.2349964172",Muy Bajo,Miguel Hidalgo,589399.920711,3413.8894752,0 a 25,1
1861.0,"19.4287144526,-99.1938276321",Muy Bajo,Miguel Hidalgo,275779.063818,2800.64725919,0 a 25,1
1868.0,"19.4606424481,-99.1631086524",Muy Alto,Azcapotzalco,243677.234113,2436.17142853,100,5
1873.0,"19.4233504091,-99.1131214957",Muy Alto,Venustiano Carranza,78534.7676202,1110.80890495,100,5
1906.0,"19.4582168764,-99.130623293",Muy Alto,Cuauhtémoc,132688.571939,1461.07765044,100,5
1910.0,"19.4047754636,-99.2160222495",Muy Bajo,Miguel Hidalgo,1390697.73962,9771.74609184,0 a 25,1
1925.0,"19.4560081269,-99.1483064033",Muy Alto,Cuauhtémoc,37967.7319989,1072.79956885,100,5
1928.0,"19.4692695026,-99.1977386282",Muy Alto,Miguel Hidalgo,1009183.11737,4733.72569845,100,5
1934.0,"19.437076243,-99.1594107847",Muy Alto,Cuauhtémoc,439576.329531,2780.88301221,100,5
1943.0,"19.444188789,-99.1152717975",Muy Alto,Venustiano Carranza,270144.335595,2488.98781387,100,5
1956.0,"19.4498476931,-99.1212947747",Muy Alto,Venustiano Carranza,141814.198772,1832.15099321,100,5
1959.0,"19.4115630891,-99.2273376",Muy Bajo,Miguel Hidalgo,486163.467329,3453.55300185,0 a 25,1
1962.0,"19.4535429421,-99.1463521835",Muy Alto,Cuauhtémoc,32918.2671148,912.695821817,100,5
1971.0,"19.4129561676,-99.170424417",Muy Alto,Cuauhtémoc,215343.689537,2007.28664189,100,5
1980.0,"19.4359744143,-99.1339579713",Muy Alto,Cuauhtémoc,267444.741956,3209.29418837,100,5
1984.0,"19.4468183392,-99.0965151087",Muy Alto,Venustiano Carranza,208109.14667,1910.35819089,100,5
2121.0,"19.5572202306,-99.1351617598",Bajo,Gustavo A. Madero,554095.206719,3842.84665014,26 a 49,2
2113.0,"19.407164842,-99.0584363867",Muy Alto,Iztacalco,305908.664492,3422.80411985,100,5
2116.0,"19.4159269987,-99.1365854716",Muy Alto,Cuauhtémoc,205806.95892,1864.92838651,100,5
2119.0,"19.4959100858,-99.152510601",Muy Alto,Gustavo A. Madero,379291.793544,3260.7553971,100,5
2157.0,"19.5668271917,-99.1301406438",Muy Bajo,Gustavo A. Madero,261564.124653,2081.45151279,0 a 25,1
2162.0,"19.4534907837,-99.1048034715",Muy Alto,Gustavo A. Madero,327257.149765,2335.67834748,100,5
2146.0,"19.4907947327,-99.1073148934",Alto,Gustavo A. Madero,195594.162245,2110.64704825,73 a 99,4
2177.0,"19.493378879,-99.0963277012",Muy Alto,Gustavo A. Madero,311968.071676,3418.17364854,100,5
2184.0,"19.4309506209,-99.1367925511",Muy Alto,Cuauhtémoc,267550.716916,2448.70629608,100,5
1008.0,"19.3109945146,-99.0777026577",Muy Alto,Iztapalapa,191314.381764,1873.76868905,100,5
1022.0,"19.2788466959,-99.1432524553",Medio,Tlalpan,220142.27131,3769.32315327,50 a 72,3
1033.0,"19.1985976368,-99.1418681178",Muy Bajo,Tlalpan,516343.839228,3931.35688164,0 a 25,1
1063.0,"19.2902729503,-99.1771802385",Muy Bajo,Tlalpan,168961.693281,2031.9659708,0 a 25,1
1103.0,"19.2134182192,-99.2229765389",Muy Bajo,Tlalpan,641031.824683,3976.2054374,0 a 25,1
1115.0,"19.297929235,-99.1107486512",Muy Alto,Tlalpan,95026.1160195,1321.93175215,100,5
1123.0,"19.283854993,-99.2063904891",Muy Bajo,Tlalpan,349678.917571,2865.98953184,0 a 25,1
1131.0,"19.3693513688,-99.1336521064",Muy Alto,Iztapalapa,453391.853756,2793.626676,100,5
1152.0,"19.3004292753,-99.0812345014",Muy Alto,Iztapalapa,70492.2546618,1384.72627352,100,5
1196.0,"19.4916729903,-99.0783592578",Muy Alto,Gustavo A. Madero,166619.196982,1735.07975346,100,5
1201.0,"19.4596472241,-99.1086679087",Muy Alto,Gustavo A. Madero,180679.895808,1757.08160172,100,5
1215.0,"19.4951553899,-99.1279766328",Muy Alto,Gustavo A. Madero,388163.426714,2897.60155344,100,5
1223.0,"19.4905649733,-99.1310786334",Muy Alto,Gustavo A. Madero,286293.35579,2341.84975265,100,5
1226.0,"19.5604129153,-99.1425724906",Muy Bajo,Gustavo A. Madero,137026.591436,1844.32199642,0 a 25,1
1230.0,"19.5326952827,-99.1388409621",Muy Bajo,Gustavo A. Madero,206495.892436,2877.6509905,0 a 25,1
1237.0,"19.5118227883,-99.1321576734",Muy Alto,Gustavo A. Madero,60153.1855772,1054.25907025,100,5
1250.0,"19.4536355933,-99.0640881929",Muy Alto,Gustavo A. Madero,298498.42809,2657.14040963,100,5
1264.0,"19.552584163,-99.1302038891",Muy Bajo,Gustavo A. Madero,160183.977327,1789.78683009,0 a 25,1
1300.0,"19.3878231139,-99.2591374096",Muy Bajo,Cuajimalpa de Morelos,951005.300916,5587.84682561,0 a 25,1
1307.0,"19.4602994807,-99.0733658966",Alto,Gustavo A. Madero,2980252.34975,10355.9062774,73 a 99,4
1339.0,"19.3555082607,-99.1299608414",Muy Alto,Coyoacán,309654.359825,2405.94118986,100,5
1352.0,"19.3066189547,-99.1947929323",Muy Bajo,Coyoacán,1501950.70812,5337.33120357,0 a 25,1
1359.0,"19.4886470736,-99.1980789609",Muy Alto,Azcapotzalco,269287.031467,2186.75847871,100,5
1362.0,"19.3074119936,-99.1693826472",Muy Bajo,Coyoacán,70884.5168515,1132.03713474,0 a 25,1
1385.0,"19.4957924403,-99.1240963689",Muy Alto,Gustavo A. Madero,271623.4292,2773.21676405,100,5
1474.0,"19.4759818184,-99.2182393994",Medio,Azcapotzalco,195441.716194,1806.10070542,50 a 72,3
1501.0,"19.4902911037,-99.1245645325",Muy Alto,Gustavo A. Madero,311313.271966,2257.21101806,100,5
1507.0,"19.3196551014,-99.1071971052",Muy Alto,Coyoacán,138158.256542,1733.16426509,100,5
1509.0,"19.3478519951,-99.1349664665",Muy Alto,Coyoacán,233103.731999,2196.90411539,100,5
1511.0,"19.3164402726,-99.1094243036",Muy Alto,Coyoacán,108050.038569,1460.69221322,100,5
1570.0,"19.5000291777,-99.1871248993",Muy Alto,Azcapotzalco,676150.351185,3658.76675324,100,5
1575.0,"19.4718904484,-99.0896544859",Muy Alto,Gustavo A. Madero,57766.3501207,1000.49876756,100,5
1579.0,"19.3092961196,-99.1193827361",Muy Alto,Coyoacán,537102.116877,2997.0210279,100,5
1598.0,"19.3304627323,-99.0597159876",Muy Alto,Iztapalapa,129549.535346,1699.43746922,100,5
1613.0,"19.3069493066,-99.2368557044",Muy Bajo,La Magdalena Contreras,278609.853635,2102.94122795,0 a 25,1
1646.0,"19.3232632691,-99.0856451589",Muy Alto,Iztapalapa,763834.906286,3948.21962332,100,5
1679.0,"19.1870043585,-99.08408575",Muy Bajo,Milpa Alta,43718.0063068,945.514355229,0 a 25,1
1684.0,"19.3066658384,-99.2504001343",Bajo,La Magdalena Contreras,106332.972753,1667.9744933,26 a 49,2
692.0,"19.3593044586,-99.0979721616",Muy Alto,Iztapalapa,375523.598653,2639.92431877,100,5
696.0,"19.3843859717,-99.028414124",Alto,Iztapalapa,280715.796864,2132.70821744,73 a 99,4
702.0,"19.3669303883,-99.109290957",Muy Alto,Iztapalapa,232473.712316,3196.79607576,100,5
703.0,"19.3664666231,-99.1124787316",Muy Alto,Iztapalapa,234807.292431,2511.26460773,100,5
712.0,"19.3646296793,-99.0088400548",Muy Alto,Iztapalapa,300891.090145,2292.92507743,100,5
723.0,"19.326657979,-99.0996014872",Alto,Iztapalapa,631901.635906,4068.27421939,73 a 99,4
729.0,"19.3286106475,-99.1043735469",Alto,Iztapalapa,243603.203919,2177.95580336,73 a 99,4
768.0,"19.3193501423,-99.0906502945",Muy Alto,Iztapalapa,238184.62243,2019.39393514,100,5
774.0,"19.3791998157,-99.1297920871",Muy Alto,Iztacalco,147597.858279,1915.09515633,100,5
776.0,"19.379898931,-99.0197723499",Alto,Iztapalapa,372990.451129,2524.88762083,73 a 99,4
814.0,"19.3363291393,-99.0826574707",Alto,Iztapalapa,128759.051547,1832.2123872,73 a 99,4
845.0,"19.3750719015,-99.0569685015",Muy Alto,Iztapalapa,14792.7833766,602.062928555,100,5
852.0,"19.3289489362,-99.0420223092",Muy Alto,Iztapalapa,276077.00456,2453.121376,100,5
861.0,"19.3534321744,-99.1138910525",Muy Alto,Iztapalapa,535186.723248,2932.63310136,100,5
887.0,"19.2904557763,-99.1446325901",Muy Alto,Tlalpan,189966.46868,2888.68032197,100,5
891.0,"19.3354884841,-99.0696276422",Muy Alto,Iztapalapa,134681.853358,2142.32806932,100,5
893.0,"19.3405068835,-99.0503516331",Muy Alto,Iztapalapa,239240.456433,2617.66601945,100,5
956.0,"19.3790326349,-99.1204510073",Muy Alto,Iztapalapa,337162.429849,2412.67970443,100,5
965.0,"19.3214845575,-99.0402938863",Medio,Iztapalapa,122339.654036,2322.84941923,50 a 72,3
981.0,"19.343555147,-99.0040733943",Muy Bajo,Iztapalapa,168636.212874,2053.18675584,0 a 25,1
990.0,"19.3339648498,-99.0611883761",Muy Alto,Iztapalapa,117576.357039,1434.96929396,100,5
1000.0,"19.2906202767,-99.1565765934",Muy Alto,Tlalpan,538623.554335,2957.76705608,100,5
520.0,"19.3796989364,-99.2405574067",Muy Bajo,Álvaro Obregón,171387.470383,2043.18656505,0 a 25,1
536.0,"19.2792103831,-99.0096240008",Muy Alto,Tláhuac,198538.287542,2276.33039661,100,5
538.0,"19.3684312206,-99.1943418923",Muy Bajo,Álvaro Obregón,166612.45402,1700.95485516,0 a 25,1
540.0,"19.3194544203,-99.2042383546",Muy Bajo,Álvaro Obregón,1230789.63407,5490.79134831,0 a 25,1
549.0,"19.2969269346,-98.9984809023",Muy Alto,Tláhuac,19919.9098255,664.49286573,100,5
572.0,"19.2974887722,-99.0802866645",Muy Alto,Iztapalapa,99535.5228618,1823.00845462,100,5
578.0,"19.3597218649,-99.0766965501",Muy Alto,Iztapalapa,84324.6668982,1201.79892762,100,5
602.0,"19.1959865173,-99.0338886138",Muy Bajo,Milpa Alta,168602.453225,2117.79148695,0 a 25,1
616.0,"19.3363185544,-98.9785132223",Muy Bajo,Iztapalapa,205125.913761,2147.37545953,0 a 25,1
677.0,"19.3788545332,-99.1045343623",Muy Alto,Iztapalapa,251966.164472,2090.00553912,100,5
368.0,"19.2194418825,-99.2000663304",Muy Bajo,Tlalpan,1270745.44027,5118.8158597,0 a 25,1
394.0,"19.3419018187,-99.2540388952",Muy Bajo,Álvaro Obregón,1359093.52051,7132.29601537,0 a 25,1
312.0,"19.2560218122,-99.1335660326",Bajo,Xochimilco,902452.78483,5946.67018818,26 a 49,2
302.0,"19.2844041375,-99.0091059239",Muy Alto,Tláhuac,260430.890028,2192.51920431,100,5
265.0,"19.3694919048,-99.1966547025",Muy Bajo,Álvaro Obregón,22299.4286933,831.986232538,0 a 25,1
475.0,"19.3370591642,-99.2153975601",Muy Bajo,Álvaro Obregón,287963.715576,3738.26804266,0 a 25,1
482.0,"19.2736990791,-99.175198044",Medio,Tlalpan,244721.012685,2180.10094029,50 a 72,3
473.0,"19.3411399727,-99.2104582302",Muy Bajo,Álvaro Obregón,471357.482262,4092.73945612,0 a 25,1
480.0,"19.3765263391,-99.1976190755",Bajo,Álvaro Obregón,173872.021234,2076.39034089,26 a 49,2
466.0,"19.2675842369,-99.2421903258",Muy Bajo,Tlalpan,249492.408699,2387.17507587,0 a 25,1
439.0,"19.3732841105,-99.2181419103",Muy Bajo,Álvaro Obregón,308614.920646,2500.36907959,0 a 25,1
367.0,"19.3813492772,-99.2359508201",Muy Bajo,Álvaro Obregón,250065.55859,2617.33657873,0 a 25,1
316.0,"19.3674860228,-99.2011819974",Muy Bajo,Álvaro Obregón,48279.9277684,1153.14537116,0 a 25,1
329.0,"19.2822414569,-98.9954726529",Alto,Tláhuac,460870.183744,2865.7970687,73 a 99,4
343.0,"19.3586707712,-99.0701804457",Muy Alto,Iztapalapa,273396.42424,2283.13738397,100,5
9.0,"19.2544657488,-99.0722615538",Alto,Xochimilco,726107.19297,4849.0299378,73 a 99,4
15.0,"19.3832538664,-99.1545055516",Muy Alto,Benito Juárez,270983.809075,2221.06343784,100,5
521.0,"19.3888137826,-99.205409295",Muy Bajo,Álvaro Obregón,20239.6239394,569.9569533,0 a 25,1
932.0,"19.3293320901,-99.0372425492",Alto,Iztapalapa,209421.139924,2657.7636636,73 a 99,4
917.0,"19.3286115903,-99.0229982758",Muy Bajo,Iztapalapa,132224.927484,2533.03125438,0 a 25,1
947.0,"19.3176424844,-99.0410788623",Alto,Iztapalapa,75528.4565431,1331.33522703,73 a 99,4
1654.0,"19.1709635262,-98.994245003",Muy Bajo,Milpa Alta,1243672.87356,6223.29806816,0 a 25,1
1672.0,"19.1800039461,-98.9987175168",Muy Bajo,Milpa Alta,1106092.09926,6588.06751506,0 a 25,1
1693.0,"19.1848087604,-99.0781376419",Muy Bajo,Milpa Alta,891265.219163,4531.31193777,0 a 25,1
1699.0,"19.3237667638,-99.1706051492",Muy Bajo,Coyoacán,306276.654846,4529.44895234,0 a 25,1
1595.0,"19.3089569527,-99.2633309312",Muy Bajo,La Magdalena Contreras,483822.193136,3335.35043733,0 a 25,1
1643.0,"19.3259102244,-99.1255636523",Muy Alto,Coyoacán,469859.863926,2821.6868578,100,5
1710.0,"19.3708498433,-99.0384385618",Muy Alto,Iztapalapa,149620.855297,1693.87969611,100,5
1719.0,"19.3282637633,-99.1406936597",Muy Alto,Coyoacán,320612.950022,3948.15934,100,5
1718.0,"19.3327131956,-99.1150381989",Muy Alto,Coyoacán,106609.070836,1303.27502702,100,5
1729.0,"19.3607111994,-99.1200325665",Muy Alto,Iztapalapa,297359.313563,2318.15718874,100,5
1976.0,"19.5097422086,-99.2029703405",Muy Alto,Azcapotzalco,215010.562377,2503.79545135,100,5
1969.0,"19.4460375571,-99.2117887489",Muy Bajo,Miguel Hidalgo,69449.6846134,1125.56152008,0 a 25,1
1974.0,"19.4523542682,-99.1920084152",Muy Alto,Miguel Hidalgo,79714.0442453,1151.90413622,100,5
1980.0,"19.4359744143,-99.1339579713",Muy Alto,Cuauhtémoc,267444.741956,3209.29418837,100,5
1975.0,"19.4453527486,-99.1762619199",Muy Alto,Miguel Hidalgo,306140.997349,2553.49167942,100,5
1755.0,"19.3647321142,-99.2868445033",Muy Bajo,Cuajimalpa de Morelos,794985.055551,4726.61959448,0 a 25,1
1810.0,"19.4194800692,-99.1046786188",Muy Alto,Venustiano Carranza,71681.8710046,1144.62600549,100,5
1864.0,"19.4753431541,-99.1563864074",Muy Alto,Azcapotzalco,192071.655923,1763.68028223,100,5
1853.0,"19.4431332157,-99.1119223856",Muy Alto,Venustiano Carranza,96861.574175,1538.89022146,100,5
1865.0,"19.4717144711,-99.1553663421",Muy Alto,Azcapotzalco,207715.233226,1902.21523913,100,5
1547.0,"19.3097843078,-99.1593185767",Muy Bajo,Coyoacán,383070.742991,2631.51324,0 a 25,1
1589.0,"19.503318117,-99.1749040863",Alto,Azcapotzalco,195310.521091,2292.81535045,73 a 99,4
1842.0,"19.4994654023,-99.2006880547",Muy Alto,Azcapotzalco,174225.549027,2053.90603457,100,5
1833.0,"19.4356230661,-99.1884301056",Alto,Miguel Hidalgo,250960.48774,2378.23065187,73 a 99,4
1825.0,"19.498446498,-99.2046853737",Muy Alto,Azcapotzalco,220868.908275,1952.36046711,100,5
1931.0,"19.4344244316,-99.1534746325",Muy Alto,Cuauhtémoc,172318.406814,3553.26355298,100,5
1927.0,"19.4504708148,-99.1743946019",Muy Alto,Miguel Hidalgo,111560.270992,1566.47122062,100,5
1928.0,"19.4692695026,-99.1977386282",Muy Alto,Miguel Hidalgo,1009183.11737,4733.72569845,100,5
1917.0,"19.4549817639,-99.149201309",Muy Alto,Cuauhtémoc,42335.3306783,1079.42598248,100,5
1934.0,"19.437076243,-99.1594107847",Muy Alto,Cuauhtémoc,439576.329531,2780.88301221,100,5
1949.0,"19.3740910442,-99.1653563357",Muy Alto,Benito Juárez,282463.711865,2345.91061736,100,5
1986.0,"19.418665506,-99.1028285885",Muy Alto,Venustiano Carranza,46924.274149,927.735727014,100,5
2000.0,"19.4529809324,-99.1346496714",Muy Alto,Cuauhtémoc,27873.8009774,739.859544333,100,5
739.0,"19.3367902336,-99.0486962097",Muy Alto,Iztapalapa,80754.8638734,1465.05516947,100,5
780.0,"19.3853157725,-99.0455200529",Muy Alto,Iztapalapa,167274.28148,1761.83081086,100,5
1031.0,"19.2532516958,-99.0348991591",Bajo,Xochimilco,1844739.14711,6270.08750829,26 a 49,2
1053.0,"19.2111247735,-99.1789793764",Muy Bajo,Tlalpan,886963.655381,3861.57685213,0 a 25,1
1065.0,"19.3004914778,-99.1746505008",Muy Bajo,Tlalpan,143124.698531,1703.00841198,0 a 25,1
1057.0,"19.3396211658,-99.0815106643",Bajo,Iztapalapa,69313.4522615,1204.3242456,26 a 49,2
1316.0,"19.3341414822,-99.1624704181",Alto,Coyoacán,366385.137411,3844.62950241,73 a 99,4
1329.0,"19.3199240989,-99.1099491221",Muy Alto,Coyoacán,97530.7034008,1445.00788004,100,5
1303.0,"19.3036826034,-99.1156907928",Muy Alto,Coyoacán,171868.974755,1754.82219092,100,5
1311.0,"19.3182242333,-99.161761244",Muy Bajo,Coyoacán,536118.465164,3383.03067009,0 a 25,1
1312.0,"19.3176748121,-99.1569735308",Bajo,Coyoacán,214896.822049,2029.88520273,26 a 49,2
1452.0,"19.3330028241,-99.1756499955",Muy Bajo,Coyoacán,250477.804171,2555.65543331,0 a 25,1
1453.0,"19.329334727,-99.1719237419",Muy Bajo,Coyoacán,342930.431099,2852.75880027,0 a 25,1
1455.0,"19.4985008825,-99.1001825107",Bajo,Gustavo A. Madero,150619.328126,1962.7756073,26 a 49,2
1486.0,"19.361365307,-99.0376967811",Muy Alto,Iztapalapa,561410.362917,3109.24246789,100,5
1193.0,"19.3895133168,-99.1201433916",Muy Alto,Iztacalco,237563.63502,2266.87341052,100,5
1166.0,"19.3245397103,-99.0307004371",Muy Bajo,Iztapalapa,227932.896422,2284.99102703,0 a 25,1
1363.0,"19.3545103105,-99.1246462893",Muy Alto,Coyoacán,491936.244975,2946.88164528,100,5
1272.0,"19.3833803209,-99.1125112773",Muy Alto,Iztacalco,125140.060197,1691.82076374,100,5
1278.0,"19.4777523356,-99.0711744445",Muy Alto,Gustavo A. Madero,114493.311445,1625.11634898,100,5
1283.0,"19.5061174974,-99.1337907529",Muy Alto,Gustavo A. Madero,85928.9061357,1204.84538049,100,5
1265.0,"19.5535450617,-99.1513117562",Muy Bajo,Gustavo A. Madero,202102.865021,2026.54921162,0 a 25,1
1279.0,"19.4868930244,-99.0765896996",Muy Alto,Gustavo A. Madero,273235.847467,2276.95173976,100,5
1428.0,"19.3151704584,-99.1167052283",Muy Alto,Coyoacán,116679.637232,1615.20986299,100,5
1426.0,"19.3088245196,-99.1136547945",Muy Alto,Coyoacán,174441.724355,1765.76095882,100,5
1388.0,"19.5279442108,-99.1516653293",Muy Alto,Gustavo A. Madero,86829.1160237,1317.60428867,100,5
1413.0,"19.488365666,-99.1200178013",Muy Alto,Gustavo A. Madero,267155.098983,2335.19365097,100,5
1408.0,"19.3485682541,-99.1228848645",Muy Alto,Coyoacán,359112.403269,2362.1536908,100,5
1202.0,"19.4636366352,-99.1107774191",Muy Alto,Gustavo A. Madero,155027.862534,1587.06160379,100,5
1241.0,"19.4574378388,-99.0864179933",Muy Alto,Gustavo A. Madero,222658.178176,1890.87083071,100,5
1229.0,"19.5039967728,-99.1302890795",Muy Alto,Gustavo A. Madero,34821.3506296,924.951850662,100,5
1086.0,"19.2298375479,-99.1219804578",Muy Bajo,Xochimilco,512945.147947,4728.27437442,0 a 25,1
1087.0,"19.2286747403,-99.0959817478",Muy Bajo,Xochimilco,217108.508346,2378.98334594,0 a 25,1
1121.0,"19.2641717915,-99.22884129",Muy Bajo,Tlalpan,177684.7742,1975.97940364,0 a 25,1
1101.0,"19.2340822407,-99.2036992639",Muy Bajo,Tlalpan,67266.1434486,1321.25297587,0 a 25,1
1091.0,"19.5119921554,-99.1426979154",Muy Alto,Gustavo A. Madero,235068.461266,2260.16773292,100,5
1540.0,"19.3489429361,-99.2704436617",Muy Bajo,Cuajimalpa de Morelos,2533057.0912,8923.59400208,0 a 25,1
1515.0,"19.303054299,-99.1610789702",Medio,Coyoacán,302384.756456,2788.25341733,50 a 72,3
1513.0,"19.3480562173,-99.130008955",Muy Alto,Coyoacán,307573.391962,2803.62739463,100,5
1542.0,"19.3476570187,-99.1601476954",Muy Alto,Coyoacán,380290.122289,3189.67525593,100,5
2414.0,"19.4248850692,-99.1698368432",Muy Alto,Cuauhtémoc,268516.455831,3046.75104259,100,5
2387.0,"19.4449232751,-99.2162910372",Muy Bajo,Miguel Hidalgo,298078.286503,3125.54414564,0 a 25,1
2367.0,"19.4082883391,-99.1800488904",Muy Alto,Cuauhtémoc,307634.104725,2387.45020598,100,5
2369.0,"19.4388784094,-99.1658026312",Alto,Cuauhtémoc,402276.176387,2758.02003636,73 a 99,4
2340.0,"19.4169283778,-99.224392297",Muy Bajo,Miguel Hidalgo,691897.746795,3964.00802372,0 a 25,1
2309.0,"19.4115292337,-99.1261562644",Muy Alto,Venustiano Carranza,152108.545553,1736.92266586,100,5
2334.0,"19.4152242569,-99.0953911808",Muy Alto,Venustiano Carranza,127209.496737,1988.45675554,100,5
2337.0,"19.4395034587,-99.1971974347",Alto,Miguel Hidalgo,224183.260689,2064.96834189,73 a 99,4
2440.0,"19.253278207,-98.9822203961",Muy Bajo,Tláhuac,16740810.9476,26216.306955,0 a 25,1
1.0,"19.2427320369,-99.1121062093",Muy Bajo,Xochimilco,53528.76018,1358.54634422,0 a 25,1
2423.0,"19.4270394124,-99.0609293539",Muy Alto,Venustiano Carranza,78932.4626613,1837.861605,100,5
2020.0,"19.5613716369,-99.1308130153",Bajo,Gustavo A. Madero,241216.55088,2629.47631453,26 a 49,2
2039.0,"19.429515784,-99.1542894625",Muy Alto,Cuauhtémoc,320495.788956,3027.5534389,100,5
2014.0,"19.4545844997,-99.1415051027",Muy Alto,Cuauhtémoc,35323.815507,814.321446183,100,5
2205.0,"19.4876212616,-99.0718064442",Muy Alto,Gustavo A. Madero,233159.676063,1906.39361055,100,5
2254.0,"19.4793857297,-99.1137574892",Muy Alto,Gustavo A. Madero,189365.613375,1913.724173,100,5
2287.0,"19.4240277426,-99.2264234547",Muy Bajo,Miguel Hidalgo,148826.484569,2469.92927329,0 a 25,1
2263.0,"19.4350309612,-99.2182669185",Muy Bajo,Miguel Hidalgo,165851.15957,1797.37263527,0 a 25,1
2295.0,"19.4166390494,-99.1116032098",Muy Alto,Venustiano Carranza,111436.012907,1706.30013208,100,5
54.0,"19.2398885518,-99.1416859",Muy Bajo,Xochimilco,716465.440123,4642.78735737,0 a 25,1
39.0,"19.3874382463,-99.1707400214",Muy Alto,Benito Juárez,295157.016197,2408.45137428,100,5
52.0,"19.3846502914,-99.1626336918",Muy Alto,Benito Juárez,267398.06263,2276.41128681,100,5
146.0,"19.2628920187,-99.1056937173",Muy Alto,Xochimilco,234239.470954,2446.02609853,100,5
180.0,"19.2669265058,-99.1047555632",Muy Alto,Xochimilco,217797.254902,1904.12486416,100,5
190.0,"19.2808636014,-99.165275369",Muy Bajo,Tlalpan,335403.998317,3028.53604842,0 a 25,1
139.0,"19.2954418548,-99.1719026743",Muy Bajo,Tlalpan,173903.098488,2154.16490328,0 a 25,1
152.0,"19.2786402552,-98.99873753",Muy Alto,Tláhuac,231342.808121,1976.99618709,100,5
138.0,"19.288207293,-99.2250144308",Muy Bajo,Tlalpan,254847.650047,2209.69314105,0 a 25,1
130.0,"19.3473999016,-99.1929427411",Muy Bajo,Álvaro Obregón,506501.839782,4305.60027201,0 a 25,1
114.0,"19.386072694,-99.1363179788",Muy Alto,Benito Juárez,161889.032924,1671.43593141,100,5
87.0,"19.3771282688,-99.1874567364",Muy Bajo,Benito Juárez,255621.073261,2792.32563808,0 a 25,1
81.0,"19.3956360376,-99.1522838564",Muy Alto,Benito Juárez,258310.659023,2243.8911427,100,5
65.0,"19.3949045474,-99.1401205839",Muy Alto,Benito Juárez,251972.246046,2014.15273957,100,5
202.0,"19.2458990238,-99.1076037469",Medio,Xochimilco,347735.056269,3598.93445767,50 a 72,3
223.0,"19.2456303895,-98.9997726917",Alto,Tláhuac,556546.51464,3495.00931564,73 a 99,4
207.0,"19.2905395677,-99.1236396766",Muy Alto,Tlalpan,82380.6745526,1548.12069952,100,5
228.0,"19.2208697869,-98.9702836558",Alto,Tláhuac,191056.44022,2120.75141505,73 a 99,4
234.0,"19.3744313851,-99.2384134171",Muy Bajo,Álvaro Obregón,532529.235261,3772.96044265,0 a 25,1
238.0,"19.2703031936,-99.1574781621",Medio,Tlalpan,297724.879013,2853.83308027,50 a 72,3
1624.0,"19.3622674379,-98.997824648",Muy Alto,Iztapalapa,107904.431232,1325.33235663,100,5
1641.0,"19.3137700457,-99.1040540029",Muy Alto,Coyoacán,198009.68723,2037.56534065,100,5
1646.0,"19.3232632691,-99.0856451589",Muy Alto,Iztapalapa,763834.906286,3948.21962332,100,5
1622.0,"19.3231116122,-99.1059352196",Muy Alto,Coyoacán,171504.801085,2233.63013309,100,5
1581.0,"19.3114067804,-99.1377582709",Muy Alto,Coyoacán,754057.062017,4075.91902168,100,5
1573.0,"19.4816391802,-99.1231911602",Muy Alto,Gustavo A. Madero,147602.244465,1873.3868551,100,5
1966.0,"19.4299653142,-99.2138737537",Muy Bajo,Miguel Hidalgo,64304.4143114,1514.05860911,0 a 25,1
1951.0,"19.4565643206,-99.1345861604",Muy Alto,Cuauhtémoc,84435.3460939,1239.50805894,100,5
1998.0,"19.4538319687,-99.1376502898",Muy Alto,Cuauhtémoc,25179.3266294,733.276506544,100,5
1560.0,"19.3397030382,-99.1700080195",Alto,Coyoacán,425144.435288,3912.12128752,73 a 99,4
1528.0,"19.3299505083,-99.1152239685",Muy Alto,Coyoacán,111802.953842,1379.1304461,100,5
1535.0,"19.3037016564,-99.1412913514",Muy Alto,Coyoacán,331976.612097,2615.6546583,100,5
1553.0,"19.5253066939,-99.1438180125",Muy Alto,Gustavo A. Madero,136673.0041,1911.59032249,100,5
1532.0,"19.4608774107,-99.1818144199",Medio,Azcapotzalco,192375.704563,1885.21675879,50 a 72,3
1725.0,"19.34405355,-99.0917899157",Muy Bajo,Iztapalapa,1341018.98864,6185.93185642,0 a 25,1
1728.0,"19.3656415178,-99.0800980808",Muy Alto,Iztapalapa,686986.728578,4837.77293156,100,5
1730.0,"19.3752801515,-99.1103480882",Muy Alto,Iztapalapa,261727.839247,2413.39013276,100,5
1669.0,"19.3789794405,-99.2186728557",Muy Bajo,Álvaro Obregón,173375.650396,1773.04458094,0 a 25,1
1686.0,"19.3342899269,-99.2154173132",Muy Bajo,La Magdalena Contreras,193472.796315,2408.66244706,0 a 25,1
1665.0,"19.5063154822,-99.2092854984",Alto,Azcapotzalco,72142.1003463,1618.22165048,73 a 99,4
1687.0,"19.3744762078,-99.0112852935",Alto,Iztapalapa,396103.735443,2794.86290251,73 a 99,4
1820.0,"19.4228585731,-99.2055455399",Muy Bajo,Miguel Hidalgo,413056.704988,4487.893854,0 a 25,1
1799.0,"19.4472458376,-99.2095622787",Muy Bajo,Miguel Hidalgo,250826.195472,2871.19840482,0 a 25,1
1819.0,"19.4425844863,-99.197613636",Alto,Miguel Hidalgo,231387.130948,2927.90571265,73 a 99,4
1903.0,"19.4592891063,-99.1372146677",Muy Alto,Cuauhtémoc,179947.452542,1804.38886566,100,5
1894.0,"19.4197154722,-99.121844137",Muy Alto,Venustiano Carranza,89739.2791257,1509.4104491,100,5
1886.0,"19.4258780642,-99.0697263639",Muy Alto,Venustiano Carranza,164622.703898,2258.12219558,100,5
1902.0,"19.4496707539,-99.1318012621",Muy Alto,Cuauhtémoc,207186.325514,2059.64946824,100,5
1901.0,"19.4393836798,-99.1288284737",Muy Alto,Cuauhtémoc,278399.682853,2565.09340166,100,5
1921.0,"19.4307616571,-99.1968177101",Muy Bajo,Miguel Hidalgo,38495.7501965,786.077570773,0 a 25,1
1784.0,"19.3512186046,-99.0908255408",Muy Bajo,Iztapalapa,214828.147253,2438.00775573,0 a 25,1
1736.0,"19.5024094573,-99.1522727691",Alto,Gustavo A. Madero,249848.140296,2388.03992504,73 a 99,4
1834.0,"19.4309806588,-99.181203386",Alto,Miguel Hidalgo,396052.092428,4246.23618254,73 a 99,4
1854.0,"19.4393746202,-99.1899523152",Alto,Miguel Hidalgo,281704.246832,3242.61800572,73 a 99,4
1871.0,"19.4309120237,-99.1237244474",Muy Alto,Venustiano Carranza,137699.805575,1703.13583483,100,5
1866.0,"19.4757512811,-99.1523479162",Muy Alto,Azcapotzalco,205556.862367,1960.62099739,100,5
1857.0,"19.4418833967,-99.1730861013",Muy Alto,Miguel Hidalgo,268756.517412,2385.66535965,100,5
2454.0,"19.2522025743,-99.278810334",Muy Bajo,La Magdalena Contreras,45180839.866,39195.0222453,0 a 25,1
2323.0,"19.4518563355,-99.1124977237",Muy Alto,Venustiano Carranza,329848.756305,2440.18643807,100,5
2352.0,"19.4025148124,-99.2060776318",Muy Bajo,Miguel Hidalgo,227097.119289,2877.80197099,0 a 25,1
2300.0,"19.4410140327,-99.1481711466",Muy Alto,Cuauhtémoc,332790.442279,2656.15585627,100,5
2331.0,"19.4191887596,-99.2143882506",Muy Bajo,Miguel Hidalgo,39478.8998091,879.992915114,0 a 25,1
2417.0,"19.4533390392,-99.2057041521",Bajo,Miguel Hidalgo,384222.694376,3404.80520065,26 a 49,2
2411.0,"19.4655949934,-99.2034326381",Alto,Miguel Hidalgo,985229.051353,6660.54486505,73 a 99,4
2426.0,"19.4500099727,-99.0949494921",Muy Alto,Venustiano Carranza,164467.486177,1865.81661114,100,5
2430.0,"19.4078113131,-99.1167846351",Muy Alto,Venustiano Carranza,399726.506659,3336.51434093,100,5
2368.0,"19.4627592181,-99.1329463116",Muy Alto,Cuauhtémoc,167040.824701,1672.79607113,100,5
2361.0,"19.4365160236,-99.1125305495",Muy Alto,Venustiano Carranza,266483.105302,2623.71041935,100,5
2354.0,"19.4180431997,-99.2105398228",Muy Bajo,Miguel Hidalgo,230667.163812,2024.81438932,0 a 25,1
2446.0,"19.2752650593,-99.0715741951",Medio,Xochimilco,17367027.0403,22945.8034658,50 a 72,3
2439.0,"19.2185582633,-98.955986568",Alto,Tláhuac,2403593.89981,9892.09745242,73 a 99,4
1936.0,"19.4389737475,-99.1450018881",Muy Alto,Cuauhtémoc,127032.244651,1439.77346769,100,5
1938.0,"19.3665893403,-99.177888145",Muy Bajo,Benito Juárez,247493.535876,2974.91212205,0 a 25,1
1946.0,"19.3697098896,-99.1859686725",Muy Bajo,Benito Juárez,184700.61757,2087.70351075,0 a 25,1
1939.0,"19.4164461775,-99.1731763339",Muy Alto,Cuauhtémoc,220542.244779,1983.10171243,100,5
1945.0,"19.3667464132,-99.1458934771",Muy Alto,Benito Juárez,329015.491059,2408.25392365,100,5
1942.0,"19.4384493748,-99.1182492347",Muy Alto,Venustiano Carranza,207197.24947,1899.18289412,100,5
2032.0,"19.4314914035,-99.1692057617",Muy Alto,Cuauhtémoc,291834.067448,2162.21354502,100,5
2140.0,"19.4808488862,-99.116846279",Muy Alto,Gustavo A. Madero,192766.418373,1783.94760636,100,5
2115.0,"19.4120490982,-99.1371597391",Muy Alto,Cuauhtémoc,146801.285085,1507.57939588,100,5
2130.0,"19.5483057816,-99.154888965",Muy Bajo,Gustavo A. Madero,228975.624019,2296.49812335,0 a 25,1
2077.0,"19.4212459364,-99.1672889958",Muy Alto,Cuauhtémoc,281436.674242,2391.24293203,100,5
2085.0,"19.3935675856,-99.1184850184",Muy Alto,Iztacalco,347683.002896,2717.21697905,100,5
2094.0,"19.4617214059,-99.0966467194",Muy Alto,Gustavo A. Madero,398920.743472,3479.03590751,100,5
2087.0,"19.4000134787,-99.115027114",Muy Alto,Iztacalco,62700.9329864,1233.3390872,100,5
2078.0,"19.4594131988,-99.1445807304",Muy Alto,Cuauhtémoc,296987.239206,2533.73574393,100,5
2189.0,"19.5219507748,-99.1365453967",Bajo,Gustavo A. Madero,113968.181174,1596.07030994,26 a 49,2
2193.0,"19.4713632997,-99.0835371626",Muy Alto,Gustavo A. Madero,175357.639316,2418.57485828,100,5
2170.0,"19.4845981165,-99.0842277738",Muy Alto,Gustavo A. Madero,169959.069192,1829.96321734,100,5
2163.0,"19.4553411877,-99.110969299",Muy Alto,Gustavo A. Madero,228236.375974,1986.05025315,100,5
2141.0,"19.4806108318,-99.073594083",Muy Alto,Gustavo A. Madero,201986.730733,2026.82540617,100,5
2145.0,"19.495208646,-99.0754301995",Muy Alto,Gustavo A. Madero,268213.212341,2071.05173533,100,5
2055.0,"19.4466963464,-99.1515154075",Muy Alto,Cuauhtémoc,621443.858288,5069.45669053,100,5
2075.0,"19.3710656065,-99.1512342659",Muy Alto,Benito Juárez,461214.400829,4143.42440991,100,5
2061.0,"19.3692590235,-99.1617673842",Muy Alto,Benito Juárez,204138.915922,2968.47955612,100,5
2040.0,"19.4281049379,-99.1450803837",Muy Alto,Cuauhtémoc,417133.282934,2700.28183623,100,5
2204.0,"19.465458542,-99.1221938875",Muy Alto,Gustavo A. Madero,194455.036392,1781.9646152,100,5
2211.0,"19.5724863359,-99.1267640415",Muy Bajo,Gustavo A. Madero,411776.926443,3087.54977972,0 a 25,1
2234.0,"19.3988046422,-99.1276927537",Muy Alto,Iztacalco,139044.388637,2327.9534304,100,5
2230.0,"19.4360625919,-99.1557510358",Muy Alto,Cuauhtémoc,229089.119128,2490.71456203,100,5
2278.0,"19.4215666015,-99.1880583072",Medio,Miguel Hidalgo,2895652.78228,9081.4528599,50 a 72,3
2288.0,"19.4254788907,-99.2209712683",Muy Bajo,Miguel Hidalgo,306643.927581,2725.2866935,0 a 25,1
2283.0,"19.4558742167,-99.1991068427",Muy Alto,Miguel Hidalgo,268154.16444,2274.54940535,100,5
2273.0,"19.4508193307,-99.1713442916",Muy Alto,Miguel Hidalgo,146335.018438,2137.89175422,100,5
2282.0,"19.4420372452,-99.2093774518",Muy Bajo,Miguel Hidalgo,208170.956059,2128.34742301,0 a 25,1
2290.0,"19.4576987794,-99.1943275687",Muy Alto,Miguel Hidalgo,206072.601933,2213.38170851,100,5
2276.0,"19.4083975223,-99.1479515771",Muy Alto,Cuauhtémoc,224135.509648,2060.83246173,100,5
3.0,"19.2540154821,-99.0819021436",Muy Alto,Xochimilco,284427.61082,2494.07565884,100,5
29.0,"19.2715961795,-99.1168992655",Muy Alto,Xochimilco,240445.129446,2367.40933853,100,5
109.0,"19.2475879981,-99.0341704071",Muy Bajo,Xochimilco,314885.754947,2860.78505726,0 a 25,1
107.0,"19.2522364635,-99.1001668761",Muy Alto,Xochimilco,788820.537524,4480.49897725,100,5
126.0,"19.3542591993,-99.2570899256",Muy Bajo,Álvaro Obregón,215816.206373,2972.78134001,0 a 25,1
158.0,"19.302223993,-99.2226853793",Muy Bajo,Tlalpan,308472.386143,3206.54365686,0 a 25,1
118.0,"19.3970729512,-99.135602476",Muy Alto,Benito Juárez,174224.683636,1719.55518727,100,5
120.0,"19.2895747886,-99.1491818002",Muy Alto,Tlalpan,122714.129455,1517.02558888,100,5
333.0,"19.2647610549,-99.2021848756",Muy Bajo,Tlalpan,971697.381809,6251.71144319,0 a 25,1
310.0,"19.3679920892,-99.2413742835",Muy Bajo,Álvaro Obregón,440440.386053,3818.49339944,0 a 25,1
336.0,"19.326520645,-99.207694274",Muy Bajo,Álvaro Obregón,1386263.86726,5104.89489747,0 a 25,1
372.0,"19.2454849491,-99.0291016836",Muy Bajo,Xochimilco,197026.352704,2148.96761965,0 a 25,1
355.0,"19.2731264162,-99.2259778821",Bajo,Tlalpan,276102.793425,2236.76756873,26 a 49,2
247.0,"19.3002932032,-99.029687491",Muy Alto,Tláhuac,792934.358117,3819.69573129,100,5
258.0,"19.2981085719,-99.1222643542",Muy Alto,Tlalpan,83860.3012006,1447.30173835,100,5
250.0,"19.3712011632,-99.1931704184",Muy Bajo,Álvaro Obregón,66436.0182399,1090.28113431,0 a 25,1
242.0,"19.3743839159,-99.201000025",Muy Bajo,Álvaro Obregón,127681.138765,1446.62594876,0 a 25,1
196.0,"19.2468417163,-99.0123697042",Muy Bajo,Xochimilco,80875.1795027,1575.46780681,0 a 25,1
221.0,"19.2888682616,-99.1833992412",Muy Bajo,Tlalpan,252220.145515,2782.7529987,0 a 25,1
194.0,"19.2816067863,-99.223524253",Muy Bajo,Tlalpan,296696.952605,2391.05387803,0 a 25,1
176.0,"19.291199938,-99.2319449029",Muy Bajo,Tlalpan,264538.629858,2087.97296274,0 a 25,1
94.0,"19.386652738,-99.1841544989",Medio,Benito Juárez,147197.43452,1714.02152737,50 a 72,3
78.0,"19.3916022026,-99.1725252058",Alto,Benito Juárez,220684.882012,3815.72136756,73 a 99,4
72.0,"19.3747563826,-99.1904349855",Muy Bajo,Benito Juárez,261983.327696,2821.89017058,0 a 25,1
76.0,"19.3918263023,-99.1799203934",Alto,Benito Juárez,223185.122835,2590.2173877,73 a 99,4
51.0,"19.3999250558,-99.1522667468",Muy Alto,Benito Juárez,359865.191351,3106.71109882,100,5
102.0,"19.3991171812,-99.1627987812",Muy Alto,Benito Juárez,329793.817303,2395.93013203,100,5
442.0,"19.3274338878,-99.2544405482",Muy Bajo,Álvaro Obregón,143733.177327,1942.81600396,0 a 25,1
404.0,"19.2674195302,-99.1783097135",Muy Bajo,Tlalpan,402681.105274,5442.10111714,0 a 25,1
388.0,"19.2657755217,-99.1676617302",Muy Bajo,Tlalpan,337289.036467,2929.11189913,0 a 25,1
428.0,"19.2973051664,-99.1778396751",Muy Bajo,Tlalpan,229631.482194,2213.62727447,0 a 25,1
416.0,"19.355624198,-99.2073820988",Muy Bajo,Álvaro Obregón,265785.688235,2964.86872675,0 a 25,1
431.0,"19.3084657036,-99.0372210352",Alto,Tláhuac,263525.255966,2500.29247645,73 a 99,4
376.0,"19.2900822207,-99.0129480385",Muy Alto,Tláhuac,350209.574233,2908.95259388,100,5
495.0,"19.3888481364,-99.1931098056",Muy Bajo,Álvaro Obregón,784347.916531,4631.23442269,0 a 25,1
478.0,"19.3800347904,-99.1942503334",Muy Bajo,Álvaro Obregón,62402.1984919,1443.24124639,0 a 25,1
485.0,"19.2311475956,-99.1811062848",Muy Bajo,Tlalpan,34289.2319924,1060.95362805,0 a 25,1
2011.0,"19.419925163,-99.0856979554",Muy Alto,Venustiano Carranza,174558.743593,1716.25473691,100,5
2021.0,"19.5293909807,-99.1395400674",Medio,Gustavo A. Madero,196842.903103,2009.75595165,50 a 72,3
2032.0,"19.4314914035,-99.1692057617",Muy Alto,Cuauhtémoc,291834.067448,2162.21354502,100,5
2052.0,"19.3705880556,-99.175948206",Alto,Benito Juárez,305114.671168,2240.91001997,73 a 99,4
2055.0,"19.4466963464,-99.1515154075",Muy Alto,Cuauhtémoc,621443.858288,5069.45669053,100,5
2062.0,"19.3629425602,-99.1660396164",Alto,Benito Juárez,289895.813191,2823.195943,73 a 99,4
2077.0,"19.4212459364,-99.1672889958",Muy Alto,Cuauhtémoc,281436.674242,2391.24293203,100,5
2111.0,"19.4810777607,-99.0868472825",Muy Alto,Gustavo A. Madero,247781.227798,2345.21388694,100,5
2124.0,"19.5041017692,-99.0986932319",Medio,Gustavo A. Madero,222619.999389,2379.79675751,50 a 72,3
2170.0,"19.4845981165,-99.0842277738",Muy Alto,Gustavo A. Madero,169959.069192,1829.96321734,100,5
2183.0,"19.4277304059,-99.1349567638",Muy Alto,Cuauhtémoc,165954.112579,1637.42335346,100,5
2190.0,"19.504700532,-99.132003566",Muy Alto,Gustavo A. Madero,105166.61073,1339.00481343,100,5
2194.0,"19.4646007605,-99.1298032513",Muy Alto,Gustavo A. Madero,233869.379602,2149.94794877,100,5
2249.0,"19.4038237802,-99.1650549808",Muy Alto,Cuauhtémoc,232686.715353,1948.0940068,100,5
2256.0,"19.4926844477,-99.0830662374",Muy Alto,Gustavo A. Madero,311896.27328,2572.7195976,100,5
2289.0,"19.4291687899,-99.220116139",Muy Bajo,Miguel Hidalgo,198539.889114,2538.01498794,0 a 25,1
2299.0,"19.4155129569,-99.1325411382",Muy Alto,Cuauhtémoc,228170.597764,1922.93322039,100,5
2324.0,"19.4333416564,-99.1865751486",Alto,Miguel Hidalgo,220847.421395,2538.95547211,73 a 99,4
2337.0,"19.4395034587,-99.1971974347",Alto,Miguel Hidalgo,224183.260689,2064.96834189,73 a 99,4
2356.0,"19.4260311449,-99.0572890395",Alto,Venustiano Carranza,192685.289424,3403.26797699,73 a 99,4
2377.0,"19.4182567849,-99.0728123257",Muy Alto,Venustiano Carranza,324050.227063,3052.89300692,100,5
2401.0,"19.42708686,-99.066028476",Muy Alto,Venustiano Carranza,172972.419816,2178.1305999,100,5
2424.0,"19.4423329884,-99.0898591667",Muy Alto,Venustiano Carranza,186132.1368,2047.04309426,100,5
2437.0,"19.2871101979,-99.2979754461",Muy Bajo,Álvaro Obregón,26099559.7999,33539.5521643,0 a 25,1
1329.0,"19.3199240989,-99.1099491221",Muy Alto,Coyoacán,97530.7034008,1445.00788004,100,5
1367.0,"19.4683208162,-99.1684331368",Muy Alto,Azcapotzalco,239431.215933,2616.38528101,100,5
1387.0,"19.510574436,-99.1566229929",Alto,Gustavo A. Madero,578005.866957,3045.75697978,73 a 99,4
1396.0,"19.304689654,-99.1205514131",Muy Alto,Coyoacán,361890.887149,2515.32358302,100,5
1416.0,"19.4698180533,-99.1035688326",Muy Alto,Gustavo A. Madero,117190.814999,1410.99869787,100,5
1428.0,"19.3151704584,-99.1167052283",Muy Alto,Coyoacán,116679.637232,1615.20986299,100,5
1437.0,"19.4947092679,-99.1153428046",Alto,Gustavo A. Madero,187243.163603,2374.19575582,73 a 99,4
1459.0,"19.5007286429,-99.1537491538",Muy Alto,Gustavo A. Madero,87652.7976651,1663.78916042,100,5
1472.0,"19.3436558858,-99.1338706264",Muy Alto,Coyoacán,261629.741562,2239.40644303,100,5
1473.0,"19.3286085812,-99.1669726518",Muy Bajo,Coyoacán,271880.854003,2263.76958809,0 a 25,1
1502.0,"19.5061618036,-99.1047492201",Muy Bajo,Gustavo A. Madero,200835.070626,2098.86988892,0 a 25,1
1523.0,"19.3538132651,-99.3189785153",Muy Bajo,Cuajimalpa de Morelos,1393937.32734,6309.28076356,0 a 25,1
1532.0,"19.4608774107,-99.1818144199",Medio,Azcapotzalco,192375.704563,1885.21675879,50 a 72,3
1533.0,"19.475975653,-99.1489604037",Muy Alto,Azcapotzalco,262410.301486,2426.09697607,100,5
1539.0,"19.5237381583,-99.1497180865",Alto,Gustavo A. Madero,537838.563197,4243.0619296,73 a 99,4
1568.0,"19.5065570704,-99.1927308139",Muy Alto,Azcapotzalco,132864.857511,1568.00870369,100,5
1577.0,"19.4739967564,-99.0907041202",Muy Alto,Gustavo A. Madero,181639.090311,1931.81301624,100,5
1581.0,"19.3114067804,-99.1377582709",Muy Alto,Coyoacán,754057.062017,4075.91902168,100,5
1585.0,"19.5068534212,-99.2069730797",Muy Alto,Azcapotzalco,178129.086298,1766.65415625,100,5
1599.0,"19.3305263632,-99.0620509317",Muy Alto,Iztapalapa,97338.2964351,1371.74271483,100,5
1605.0,"19.3244857734,-99.2246954275",Muy Bajo,La Magdalena Contreras,263805.110415,2582.17393452,0 a 25,1
1615.0,"19.1974615138,-99.0536754266",Muy Bajo,Milpa Alta,650379.722254,5585.19081088,0 a 25,1
1635.0,"19.3218796389,-99.2562044387",Muy Bajo,La Magdalena Contreras,271515.278658,3036.00685918,0 a 25,1
1641.0,"19.3137700457,-99.1040540029",Muy Alto,Coyoacán,198009.68723,2037.56534065,100,5
1688.0,"19.3771149447,-99.0153198554",Muy Alto,Iztapalapa,424667.404461,2667.0850295,100,5
1706.0,"19.3365517953,-99.1058235768",Alto,Iztapalapa,362001.104874,2872.74355734,73 a 99,4
1721.0,"19.3050761855,-99.1583995393",Medio,Coyoacán,351149.24641,2860.79121591,50 a 72,3
1748.0,"19.1957005321,-99.0895138304",Muy Bajo,Milpa Alta,1092310.22288,5556.60478611,0 a 25,1
1775.0,"19.3322589666,-99.1128438418",Muy Alto,Coyoacán,434732.192828,3899.05129203,100,5
1795.0,"19.4467337621,-99.1725595659",Muy Alto,Miguel Hidalgo,288576.93841,2933.1507563,100,5
1820.0,"19.4228585731,-99.2055455399",Muy Bajo,Miguel Hidalgo,413056.704988,4487.893854,0 a 25,1
1830.0,"19.4337769864,-99.0985059482",Muy Alto,Venustiano Carranza,293076.607687,2363.74569138,100,5
1844.0,"19.4951812474,-99.2010344376",Muy Alto,Azcapotzalco,113383.848332,1490.34559162,100,5
1852.0,"19.4441765224,-99.1192934095",Muy Alto,Venustiano Carranza,194501.361282,2175.91222564,100,5
1862.0,"19.4481407351,-99.1931548202",Muy Alto,Miguel Hidalgo,288039.000179,2283.68623849,100,5
1899.0,"19.3677769835,-99.1898268244",Muy Bajo,Benito Juárez,234994.083333,2770.61721969,0 a 25,1
1904.0,"19.4550150422,-99.1357501559",Muy Alto,Cuauhtémoc,107967.260626,1726.18354877,100,5
1935.0,"19.4475978602,-99.1484813056",Muy Alto,Cuauhtémoc,292861.744697,2577.85595699,100,5
1961.0,"19.4554230541,-99.1457906296",Muy Alto,Cuauhtémoc,31110.8469469,761.970546794,100,5
1997.0,"19.3678955239,-99.1695952771",Alto,Benito Juárez,441538.385125,3047.73055756,73 a 99,4
598.0,"19.3480354545,-99.2433248837",Muy Bajo,Álvaro Obregón,983500.329596,7994.7080521,0 a 25,1
645.0,"19.3194018456,-99.2487928968",Muy Bajo,La Magdalena Contreras,279290.524766,3287.87982518,0 a 25,1
586.0,"19.2082546347,-98.9845304759",Muy Bajo,Milpa Alta,161775.949624,1891.94886439,0 a 25,1
593.0,"19.3721621059,-99.1016099623",Muy Alto,Iztapalapa,407885.914272,3382.54963853,100,5
583.0,"19.3509183541,-99.2495297025",Muy Bajo,Álvaro Obregón,492400.586956,4519.89236463,0 a 25,1
584.0,"19.2197382901,-98.9879864539",Muy Alto,Milpa Alta,864923.807087,4834.56019747,100,5
542.0,"19.3476807756,-99.2261634975",Muy Bajo,Álvaro Obregón,194258.717246,2149.57609665,0 a 25,1
570.0,"19.3206923111,-99.0586333492",Muy Alto,Iztapalapa,140355.674176,2076.25616369,100,5
563.0,"19.2932631989,-99.0115620114",Muy Alto,Tláhuac,223619.628479,2080.65320277,100,5
558.0,"19.3875934428,-99.2094652153",Muy Bajo,Álvaro Obregón,31452.765862,707.219623008,0 a 25,1
753.0,"19.1981729169,-99.0016811855",Muy Bajo,Milpa Alta,1045280.17761,5077.27423526,0 a 25,1
727.0,"19.3686895172,-99.0614088254",Muy Alto,Iztapalapa,1171216.26214,4618.83789596,100,5
709.0,"19.3398864599,-99.0376280486",Muy Alto,Iztapalapa,445195.548899,2929.40655647,100,5
717.0,"19.3254814413,-99.0773832377",Muy Alto,Iztapalapa,266886.567801,2107.55968299,100,5
530.0,"19.3505611828,-99.2262889301",Muy Bajo,Álvaro Obregón,309850.416691,3536.18539962,0 a 25,1
512.0,"19.2814953935,-99.0574180346",Muy Alto,Tláhuac,92600.6286474,1287.88209173,100,5
944.0,"19.3221437358,-99.067973125",Muy Alto,Iztapalapa,598085.677649,3260.48353326,100,5
939.0,"19.3516335188,-99.0010951352",Muy Bajo,Iztapalapa,279964.345165,2441.44152191,0 a 25,1
935.0,"19.3279686,-98.9672439535",Bajo,Iztapalapa,468178.765269,3556.63894966,26 a 49,2
930.0,"19.3957433602,-99.0796145972",Muy Alto,Iztacalco,469339.970797,2766.59151908,100,5
929.0,"19.3278440994,-99.0656620839",Muy Alto,Iztapalapa,207040.242686,1876.078838,100,5
936.0,"19.3786515614,-99.1171480576",Muy Alto,Iztapalapa,211758.565895,2374.09678558,100,5
884.0,"19.2248189956,-99.2187732907",Muy Bajo,Tlalpan,2324594.6134,6710.7558228,0 a 25,1
879.0,"19.3461191342,-99.1097412917",Muy Alto,Iztapalapa,386438.640411,3378.00726735,100,5
846.0,"19.3748244353,-99.0558659632",Muy Alto,Iztapalapa,16128.7718411,562.791076175,100,5
784.0,"19.347375433,-98.9993628579",Muy Bajo,Iztapalapa,204841.875968,2286.47188647,0 a 25,1
760.0,"19.3782763424,-99.0696011655",Muy Alto,Iztapalapa,401944.987167,2572.75243462,100,5
655.0,"19.330914168,-99.0540732754",Muy Alto,Iztapalapa,144659.980057,1766.23612643,100,5
667.0,"19.360214616,-99.1161557039",Muy Alto,Iztapalapa,228398.895935,2050.07063649,100,5
885.0,"19.2114390205,-99.2188832751",Muy Bajo,Tlalpan,315922.403705,4143.49200134,0 a 25,1
906.0,"19.3019927819,-99.0779530059",Muy Alto,Iztapalapa,194314.574071,1916.00112023,100,5
905.0,"19.3044809102,-99.0750434171",Muy Alto,Iztapalapa,315398.576618,2383.29244577,100,5
901.0,"19.3330995275,-99.1056877219",Medio,Iztapalapa,209673.960379,2530.71712253,50 a 72,3
911.0,"19.3322644054,-99.0721375112",Muy Alto,Iztapalapa,99037.0085007,1358.35165573,100,5
913.0,"19.3326781082,-99.0746221315",Muy Alto,Iztapalapa,12892.3425219,552.546726926,100,5
1001.0,"19.2777707766,-99.1706293352",Muy Bajo,Tlalpan,179315.043495,2089.75199112,0 a 25,1
1011.0,"19.3196846878,-99.0785447253",Muy Alto,Iztapalapa,341144.755264,2650.29458627,100,5
1018.0,"19.2401499981,-99.1068854773",Muy Bajo,Xochimilco,799840.864255,5928.38975816,0 a 25,1
1037.0,"19.2258867084,-99.2087086831",Muy Bajo,Tlalpan,684947.729875,4658.25931788,0 a 25,1
1072.0,"19.2793186439,-99.1874087972",Muy Bajo,Tlalpan,207599.140322,1852.80455949,0 a 25,1
1073.0,"19.2718451984,-99.2395385009",Muy Bajo,Tlalpan,272733.528156,2488.83400219,0 a 25,1
1101.0,"19.2340822407,-99.2036992639",Muy Bajo,Tlalpan,67266.1434486,1321.25297587,0 a 25,1
1122.0,"19.277786424,-99.1620328896",Muy Bajo,Tlalpan,273182.51208,2343.61405857,0 a 25,1
1146.0,"19.4633685417,-99.1162502727",Muy Alto,Gustavo A. Madero,248638.103556,2171.83791883,100,5
1164.0,"19.343253917,-99.0633488388",Muy Alto,Iztapalapa,45280.8642518,935.002446613,100,5
1174.0,"19.5582296022,-99.1461968383",Muy Bajo,Gustavo A. Madero,99239.2995376,1577.74587536,0 a 25,1
1184.0,"19.5746813252,-99.135952596",Muy Bajo,Gustavo A. Madero,345161.103193,2800.73373229,0 a 25,1
1197.0,"19.4741025763,-99.127486817",Muy Alto,Gustavo A. Madero,210111.049267,2546.39687342,100,5
1204.0,"19.4666136999,-99.0838204597",Muy Alto,Gustavo A. Madero,267629.233118,2582.34742985,100,5
1205.0,"19.4705026213,-99.0809683572",Muy Alto,Gustavo A. Madero,181930.284833,1985.50579127,100,5
1263.0,"19.5499572804,-99.1263209842",Muy Bajo,Gustavo A. Madero,175048.364984,1862.58665701,0 a 25,1
1272.0,"19.3833803209,-99.1125112773",Muy Alto,Iztacalco,125140.060197,1691.82076374,100,5
1292.0,"19.4654545263,-99.1802510375",Muy Alto,Azcapotzalco,218987.340662,2527.81846515,100,5
1296.0,"19.3106411925,-99.1524136062",Alto,Coyoacán,429282.056397,3604.44206668,73 a 99,4
1319.0,"19.3543125217,-99.1708422135",Alto,Coyoacán,694324.902851,4031.57357537,73 a 99,4
983.0,"19.3319462363,-98.9938718025",Muy Bajo,Iztapalapa,497499.947215,4130.51100537,0 a 25,1
984.0,"19.3256208231,-99.0486371755",Muy Alto,Iztapalapa,118590.928267,1536.65149318,100,5
975.0,"19.3666975692,-99.1178485965",Muy Alto,Iztapalapa,180190.897261,1886.55470481,100,5
970.0,"19.3531234269,-99.0500831675",Muy Alto,Iztapalapa,374625.623067,3166.92457466,100,5
954.0,"19.3719065933,-99.1251002282",Muy Alto,Iztapalapa,411191.651937,2946.075008,100,5
955.0,"19.3716225507,-99.1284978609",Muy Alto,Iztapalapa,341189.632623,2997.44560897,100,5
993.0,"19.3464836199,-99.049692185",Muy Alto,Iztapalapa,414508.712706,2754.00330955,100,5
4.0,"19.2602911822,-99.0976968264",Muy Alto,Xochimilco,193874.809681,1969.92474162,100,5
5.0,"19.3940021412,-99.1346601622",Muy Alto,Benito Juárez,123522.838236,1794.42953695,100,5
1215.0,"19.4951553899,-99.1279766328",Muy Alto,Gustavo A. Madero,388163.426714,2897.60155344,100,5
1221.0,"19.4963252184,-99.1506820207",Muy Alto,Gustavo A. Madero,51975.348281,1185.19411835,100,5
1233.0,"19.3854739811,-99.1058573079",Muy Alto,Iztacalco,130860.341536,1604.05813494,100,5
1252.0,"19.3939672676,-99.0855136983",Muy Alto,Iztacalco,175173.937884,2463.25538752,100,5
1243.0,"19.5186207877,-99.1583056013",Muy Alto,Gustavo A. Madero,226630.743651,2278.29773458,100,5
1242.0,"19.5182037949,-99.154506099",Muy Alto,Gustavo A. Madero,214552.883969,2390.82421227,100,5
1473.0,"19.3286085812,-99.1669726518",Muy Bajo,Coyoacán,271880.854003,2263.76958809,0 a 25,1
974.0,"19.371398945,-99.1129596713",Muy Alto,Iztapalapa,345571.903556,3191.5465115,100,5
951.0,"19.3399289419,-99.1023994121",Muy Bajo,Iztapalapa,164081.177641,2037.97789463,0 a 25,1
979.0,"19.3521687463,-98.9955483978",Muy Bajo,Iztapalapa,149877.688016,1895.59491208,0 a 25,1
956.0,"19.3790326349,-99.1204510073",Muy Alto,Iztapalapa,337162.429849,2412.67970443,100,5
993.0,"19.3464836199,-99.049692185",Muy Alto,Iztapalapa,414508.712706,2754.00330955,100,5
916.0,"19.3429243169,-99.0116030461",Muy Bajo,Iztapalapa,266537.644235,2522.43626006,0 a 25,1
935.0,"19.3279686,-98.9672439535",Bajo,Iztapalapa,468178.765269,3556.63894966,26 a 49,2
910.0,"19.3464202715,-99.0706238475",Muy Alto,Iztapalapa,273427.364445,2494.58743012,100,5
995.0,"19.2687778988,-99.2261073299",Muy Bajo,Tlalpan,315967.275622,2738.23871723,0 a 25,1
998.0,"19.2921838295,-99.1816848148",Bajo,Tlalpan,311640.536152,2652.30430945,26 a 49,2
1008.0,"19.3109945146,-99.0777026577",Muy Alto,Iztapalapa,191314.381764,1873.76868905,100,5
1024.0,"19.5417687551,-99.1508024577",Alto,Gustavo A. Madero,227074.575891,2157.52666765,73 a 99,4
1048.0,"19.3044777356,-99.1296488392",Muy Alto,Tlalpan,196947.16735,1940.26062427,100,5
1025.0,"19.5196332023,-99.1508721218",Muy Alto,Gustavo A. Madero,205228.390375,2065.3239629,100,5
1429.0,"19.3305086491,-99.3264617152",Muy Bajo,Cuajimalpa de Morelos,2011397.48912,8130.80109316,0 a 25,1
1441.0,"19.4679300386,-99.1008366986",Muy Alto,Gustavo A. Madero,135658.371505,1489.3226557,100,5
1386.0,"19.5159034826,-99.1598442174",Muy Alto,Gustavo A. Madero,254757.299487,2100.46232385,100,5
1368.0,"19.4664100181,-99.1627859332",Muy Alto,Azcapotzalco,100664.579257,1832.55713088,100,5
1349.0,"19.3086346368,-99.1672175796",Muy Bajo,Coyoacán,114573.559449,1587.88262086,0 a 25,1
1110.0,"19.3522430854,-99.1051753094",Muy Alto,Iztapalapa,430970.006556,3425.82656348,100,5
1144.0,"19.4918451393,-99.1037940845",Alto,Gustavo A. Madero,149000.49137,1942.7857209,73 a 99,4
1128.0,"19.3887876804,-99.0697048471",Muy Alto,Iztacalco,150862.802451,1942.49684134,100,5
1138.0,"19.2750828639,-98.998936443",Muy Alto,Tláhuac,207741.828319,1965.80865371,100,5
1507.0,"19.3196551014,-99.1071971052",Muy Alto,Coyoacán,138158.256542,1733.16426509,100,5
213.0,"19.2925903099,-99.2004158573",Muy Bajo,Tlalpan,3584724.53808,9488.46559518,0 a 25,1
240.0,"19.3669786438,-99.2479932975",Muy Bajo,Álvaro Obregón,243574.590106,3481.72210063,0 a 25,1
199.0,"19.2285735831,-99.1155366074",Muy Bajo,Xochimilco,66920.0883938,1630.64283326,0 a 25,1
179.0,"19.2621911575,-99.1109400086",Muy Alto,Xochimilco,384976.151567,2920.32574604,100,5
233.0,"19.3985420935,-99.1969037868",Muy Bajo,Álvaro Obregón,158422.521707,1880.50522476,0 a 25,1
229.0,"19.2212396462,-98.979541979",Alto,Tláhuac,14372.45579,822.38345062,73 a 99,4
278.0,"19.2441516227,-99.1441136926",Muy Bajo,Tlalpan,479335.575879,3829.10749973,0 a 25,1
256.0,"19.2864103206,-99.1866063106",Bajo,Tlalpan,185289.458411,2515.81897347,26 a 49,2
252.0,"19.2850075354,-99.0334159875",Muy Alto,Tláhuac,244038.222497,2036.38205103,100,5
293.0,"19.3425961172,-99.2178473887",Muy Bajo,Álvaro Obregón,1299223.35485,5572.25719427,0 a 25,1
315.0,"19.3291565868,-99.247934822",Muy Bajo,Álvaro Obregón,234699.54051,2343.33037593,0 a 25,1
338.0,"19.3688422709,-99.223943555",Muy Bajo,Álvaro Obregón,160763.011721,3719.08924593,0 a 25,1
319.0,"19.3569114404,-99.2558359239",Muy Bajo,Álvaro Obregón,144302.909556,1895.6266567,0 a 25,1
324.0,"19.2752671369,-99.0360592332",Muy Alto,Tláhuac,417601.264242,2807.04824975,100,5
399.0,"19.3768972924,-99.2486104185",Muy Bajo,Álvaro Obregón,519408.159622,4429.99490066,0 a 25,1
388.0,"19.2657755217,-99.1676617302",Muy Bajo,Tlalpan,337289.036467,2929.11189913,0 a 25,1
378.0,"19.2927271645,-98.9963803313",Muy Alto,Tláhuac,940166.633124,5493.08958191,100,5
352.0,"19.2836060098,-99.213072733",Muy Bajo,Tlalpan,230099.978481,1976.48555461,0 a 25,1
127.0,"19.365811707,-99.2269974894",Muy Bajo,Álvaro Obregón,275652.810208,4321.834768,0 a 25,1
160.0,"19.3032654694,-99.2199432431",Muy Bajo,Tlalpan,338864.713588,4059.48354135,0 a 25,1
137.0,"19.2833123702,-99.0032329968",Muy Alto,Tláhuac,328390.650028,2337.4445478,100,5
174.0,"19.2951641459,-99.2256355707",Muy Bajo,Tlalpan,251146.860159,2178.34104295,0 a 25,1
94.0,"19.386652738,-99.1841544989",Medio,Benito Juárez,147197.43452,1714.02152737,50 a 72,3
118.0,"19.3970729512,-99.135602476",Muy Alto,Benito Juárez,174224.683636,1719.55518727,100,5
95.0,"19.3759522163,-99.1825661443",Bajo,Benito Juárez,272482.293999,2390.4343103,26 a 49,2
46.0,"19.2699911115,-99.0955008857",Alto,Xochimilco,784226.60891,4335.88259117,73 a 99,4
80.0,"19.3839221343,-99.140786655",Muy Alto,Benito Juárez,157960.917963,1718.37650937,100,5
74.0,"19.4020271165,-99.140842037",Muy Alto,Benito Juárez,309619.77586,2436.42999172,100,5
47.0,"19.3761554664,-99.1512234501",Muy Alto,Benito Juárez,377818.190981,2670.66342485,100,5
544.0,"19.3547191975,-99.2406930673",Muy Bajo,Álvaro Obregón,264994.553351,4091.53802584,0 a 25,1
519.0,"19.31716214,-99.2688205635",Muy Bajo,Álvaro Obregón,421387.181334,3539.11444469,0 a 25,1
542.0,"19.3476807756,-99.2261634975",Muy Bajo,Álvaro Obregón,194258.717246,2149.57609665,0 a 25,1
504.0,"19.2865226692,-99.2280299358",Bajo,Tlalpan,258599.751795,2215.07038233,26 a 49,2
658.0,"19.3716527574,-99.2095351716",Muy Bajo,Álvaro Obregón,113868.602518,1939.33372985,0 a 25,1
638.0,"19.3663228887,-99.1980554675",Bajo,Álvaro Obregón,34236.574748,1254.55748086,26 a 49,2
629.0,"19.3761871742,-99.0523947395",Muy Alto,Iztapalapa,20715.6451335,786.584970396,100,5
814.0,"19.3363291393,-99.0826574707",Alto,Iztapalapa,128759.051547,1832.2123872,73 a 99,4
787.0,"19.384775994,-99.0505033616",Muy Alto,Iztapalapa,98300.633741,1266.62792766,100,5
583.0,"19.3509183541,-99.2495297025",Muy Bajo,Álvaro Obregón,492400.586956,4519.89236463,0 a 25,1
614.0,"19.343876138,-98.986133158",Muy Bajo,Iztapalapa,140708.976579,1663.39780134,0 a 25,1
573.0,"19.294878689,-99.0761487368",Alto,Iztapalapa,189709.203531,1770.38973255,73 a 99,4
619.0,"19.3620406456,-99.2410714541",Muy Bajo,Álvaro Obregón,140733.625189,1970.98609106,0 a 25,1
622.0,"19.3607113918,-99.1948693688",Muy Bajo,Álvaro Obregón,363387.495646,2691.27161068,0 a 25,1
732.0,"19.3523525911,-99.0683402774",Muy Alto,Iztapalapa,201596.195914,2566.90028356,100,5
717.0,"19.3254814413,-99.0773832377",Muy Alto,Iztapalapa,266886.567801,2107.55968299,100,5
667.0,"19.360214616,-99.1161557039",Muy Alto,Iztapalapa,228398.895935,2050.07063649,100,5
686.0,"19.4087616351,-99.0712510509",Muy Alto,Iztacalco,205101.893965,1936.35509707,100,5
785.0,"19.3489519098,-98.9881366067",Muy Bajo,Iztapalapa,177688.98031,2384.22297143,0 a 25,1
764.0,"19.3442139937,-99.0444216641",Muy Alto,Iztapalapa,194062.034289,1909.00469285,100,5
774.0,"19.3791998157,-99.1297920871",Muy Alto,Iztacalco,147597.858279,1915.09515633,100,5
765.0,"19.3740654102,-99.0545840081",Muy Alto,Iztapalapa,11110.1747761,433.297006112,100,5
839.0,"19.3175637378,-99.0952544196",Muy Alto,Iztapalapa,382540.774773,4304.75360936,100,5
852.0,"19.3289489362,-99.0420223092",Muy Alto,Iztapalapa,276077.00456,2453.121376,100,5
859.0,"19.3480055338,-99.1154810956",Muy Alto,Iztapalapa,339455.288871,2594.96267052,100,5
883.0,"19.2865492533,-99.1611577494",Alto,Tlalpan,284553.826335,2506.46794459,73 a 99,4
860.0,"19.3543835542,-99.1193384207",Muy Alto,Iztapalapa,342439.084811,2411.16400775,100,5
1085.0,"19.2168261158,-99.1279747691",Muy Bajo,Xochimilco,561532.315098,4638.76837036,0 a 25,1
624.0,"19.187686853,-99.0293996692",Muy Bajo,Milpa Alta,942725.357286,5383.76313811,0 a 25,1
637.0,"19.3635717471,-99.2035283601",Bajo,Álvaro Obregón,518027.44274,3984.30926253,26 a 49,2
630.0,"19.3768682538,-99.0511055049",Muy Alto,Iztapalapa,65779.4664928,1089.74228757,100,5
740.0,"19.3449114817,-99.0080303237",Muy Bajo,Iztapalapa,266616.009088,3015.65660203,0 a 25,1
747.0,"19.2876947833,-99.0715163014",Muy Alto,Iztapalapa,64626.5161846,1693.00715511,100,5
823.0,"19.3650802471,-98.9936009687",Alto,Iztapalapa,108263.981702,1472.60398283,73 a 99,4
838.0,"19.3499612368,-99.0618445374",Muy Alto,Iztapalapa,153030.578543,2165.54141654,100,5
844.0,"19.3743243684,-99.0503042071",Muy Alto,Iztapalapa,26861.4425954,774.887642424,100,5
843.0,"19.3781329188,-99.0491132928",Muy Alto,Iztapalapa,19395.3295457,664.816032832,100,5
847.0,"19.3732348864,-99.0540673121",Muy Alto,Iztapalapa,21676.2641696,680.388903367,100,5
950.0,"19.3852442593,-99.0790517191",Muy Alto,Iztapalapa,570480.007479,3380.99096847,100,5
900.0,"19.3374607525,-99.0692840521",Muy Alto,Iztapalapa,198555.906845,2326.92128823,100,5
907.0,"19.3021161709,-99.0684133185",Muy Alto,Iztapalapa,188927.955879,2358.46760923,100,5
931.0,"19.388301053,-99.0648133245",Muy Alto,Iztacalco,198781.706678,2040.64186718,100,5
1160.0,"19.1966694039,-99.1172517521",Muy Bajo,Xochimilco,782139.200582,4270.33840748,0 a 25,1
1171.0,"19.1922749047,-99.145648981",Muy Bajo,Tlalpan,1147965.46007,8129.28360086,0 a 25,1
1141.0,"19.2737742881,-99.1697974262",Muy Bajo,Tlalpan,366441.781755,3575.87200988,0 a 25,1
1170.0,"19.3308661134,-99.0796489644",Muy Alto,Iztapalapa,390329.830861,3124.82844225,100,5
1286.0,"19.4678508129,-99.1151979844",Muy Alto,Gustavo A. Madero,718817.709007,6626.33117056,100,5
1280.0,"19.4916674811,-99.0735043442",Muy Alto,Gustavo A. Madero,172955.554117,1810.27275086,100,5
1291.0,"19.5016504251,-99.1651897945",Alto,Azcapotzalco,1679100.83236,5894.18499465,73 a 99,4
1174.0,"19.5582296022,-99.1461968383",Muy Bajo,Gustavo A. Madero,99239.2995376,1577.74587536,0 a 25,1
1203.0,"19.4658185127,-99.11499197",Muy Alto,Gustavo A. Madero,124067.314592,1583.36416676,100,5
1207.0,"19.4769775122,-99.1344292709",Muy Alto,Gustavo A. Madero,356344.092237,2787.14868608,100,5
1246.0,"19.5681870114,-99.1258275783",Muy Bajo,Gustavo A. Madero,356542.262952,2548.93209376,0 a 25,1
1223.0,"19.4905649733,-99.1310786334",Muy Alto,Gustavo A. Madero,286293.35579,2341.84975265,100,5
1481.0,"19.375389219,-99.0248109358",Alto,Iztapalapa,379139.360763,3329.74277417,73 a 99,4
1490.0,"19.3091256399,-99.1063317562",Muy Alto,Coyoacán,270629.138957,2304.59675903,100,5
1470.0,"19.3402568065,-99.1506623932",Muy Alto,Coyoacán,349453.476693,2881.809915,100,5
1492.0,"19.4660257772,-99.1745040229",Muy Alto,Azcapotzalco,332294.002836,2932.58843183,100,5
1467.0,"19.5331795739,-99.1444040945",Muy Alto,Gustavo A. Madero,211977.456662,2362.17764211,100,5
1100.0,"19.2127943937,-99.159080207",Muy Bajo,Tlalpan,489375.113905,4128.28376497,0 a 25,1
1107.0,"19.2542292581,-99.0147544628",Alto,Xochimilco,311546.669243,3896.75773644,73 a 99,4
1088.0,"19.2683426208,-99.1517954232",Muy Bajo,Tlalpan,434080.784936,3582.01648592,0 a 25,1
1111.0,"19.3451892219,-99.0553619151",Muy Alto,Iztapalapa,144945.433724,1676.93204501,100,5
1112.0,"19.3481936111,-99.0297608574",Muy Alto,Iztapalapa,464244.342302,3652.75823131,100,5
1092.0,"19.3881387796,-99.0957841775",Muy Alto,Iztacalco,106057.262672,1872.8980274,100,5
1118.0,"19.2936554061,-99.1633092542",Alto,Tlalpan,226916.49873,2529.67541725,73 a 99,4
1051.0,"19.2992339809,-99.1158540489",Muy Alto,Tlalpan,185367.228261,1867.81752633,100,5
1046.0,"19.2954333168,-99.1350074225",Muy Alto,Tlalpan,184945.187069,2322.30991931,100,5
1077.0,"19.3136231859,-99.0755628125",Muy Alto,Iztapalapa,244805.286671,2110.39262937,100,5
1083.0,"19.2878301446,-99.0024953836",Muy Alto,Tláhuac,368565.470015,2448.78706403,100,5
1342.0,"19.5582278041,-99.1263340465",Muy Bajo,Gustavo A. Madero,282902.304231,2529.39094309,0 a 25,1
1348.0,"19.3225273992,-99.1579829321",Muy Bajo,Coyoacán,443083.611958,3031.65786169,0 a 25,1
1320.0,"19.3445460014,-99.1716572058",Muy Alto,Coyoacán,164746.408242,1990.39519612,100,5
1326.0,"19.3179468771,-99.1516956269",Bajo,Coyoacán,256819.893831,2343.18568288,26 a 49,2
1433.0,"19.4793503525,-99.068863462",Muy Alto,Gustavo A. Madero,116207.739901,1575.97763671,100,5
1443.0,"19.4646616856,-99.1004851903",Muy Alto,Gustavo A. Madero,158857.949869,1790.43042932,100,5
1420.0,"19.5408199825,-99.137400661",Muy Bajo,Gustavo A. Madero,231863.314768,2290.67086639,0 a 25,1
1466.0,"19.4850893651,-99.1999814237",Muy Alto,Azcapotzalco,286354.520035,2217.91291205,100,5
1406.0,"19.3558120306,-99.1556609583",Bajo,Coyoacán,456380.456983,3332.45450393,26 a 49,2
1444.0,"19.3139677776,-99.1267177657",Muy Alto,Coyoacán,271118.866925,2108.20152614,100,5
1390.0,"19.3322809689,-99.1661831975",Alto,Coyoacán,510490.982672,4148.78616402,73 a 99,4
1385.0,"19.4957924403,-99.1240963689",Muy Alto,Gustavo A. Madero,271623.4292,2773.21676405,100,5
1372.0,"19.3046776465,-99.1751779957",Muy Bajo,Coyoacán,142901.351184,2007.44954145,0 a 25,1
1397.0,"19.3210402077,-99.1040425722",Muy Alto,Coyoacán,88845.2904862,1265.45474125,100,5
1371.0,"19.308846486,-99.17510664",Muy Bajo,Coyoacán,42276.1420487,843.000550645,0 a 25,1
1504.0,"19.3482842335,-99.3101434616",Muy Bajo,Cuajimalpa de Morelos,1246207.20425,5493.25112317,0 a 25,1
1503.0,"19.5086864876,-99.105500381",Medio,Gustavo A. Madero,136361.421202,2359.10703211,50 a 72,3
2421.0,"19.4371770337,-99.0995057451",Muy Alto,Venustiano Carranza,377072.856442,3868.14833038,100,5
2427.0,"19.4278674738,-99.1163853175",Muy Alto,Venustiano Carranza,480272.313428,3428.94719201,100,5
35.0,"19.2422518066,-99.0731823535",Bajo,Xochimilco,973904.029201,6805.44825625,26 a 49,2
18.0,"19.2235079672,-99.1021064662",Muy Bajo,Xochimilco,359873.060239,3475.81703501,0 a 25,1
20.0,"19.2533582325,-99.0594526586",Alto,Xochimilco,366268.737458,3098.60258378,73 a 99,4
11.0,"19.38126606,-99.1828865778",Bajo,Benito Juárez,273658.477588,2334.77611686,26 a 49,2
6.0,"19.3849470814,-99.1438969068",Muy Alto,Benito Juárez,230762.640075,2038.10872612,100,5
30.0,"19.3951885294,-99.1442066398",Muy Alto,Benito Juárez,237761.726486,2020.13733683,100,5
1503.0,"19.5086864876,-99.105500381",Medio,Gustavo A. Madero,136361.421202,2359.10703211,50 a 72,3
1534.0,"19.4837135538,-99.1605384039",Muy Alto,Azcapotzalco,1928335.32941,6847.79528,100,5
1574.0,"19.4572095871,-99.0948894505",Muy Alto,Gustavo A. Madero,267431.566299,2791.86115637,100,5
1586.0,"19.4742421748,-99.1931348097",Muy Alto,Azcapotzalco,434150.264669,2630.5573022,100,5
1600.0,"19.1970257702,-99.0473383381",Muy Bajo,Milpa Alta,574147.279587,4448.7168732,0 a 25,1
1622.0,"19.3231116122,-99.1059352196",Muy Alto,Coyoacán,171504.801085,2233.63013309,100,5
1664.0,"19.4718484557,-99.1668021246",Muy Alto,Azcapotzalco,73538.9182624,1516.77570484,100,5
1673.0,"19.1755912288,-99.0038613646",Muy Bajo,Milpa Alta,851475.600621,4829.83821409,0 a 25,1
1676.0,"19.3304059589,-99.0726486271",Muy Alto,Iztapalapa,105041.319711,1423.43278384,100,5
1680.0,"19.5124988251,-99.2006113396",Alto,Azcapotzalco,191779.01594,1972.71222576,73 a 99,4
1703.0,"19.3859857471,-99.0321480791",Muy Alto,Iztapalapa,185664.623942,1969.42560637,100,5
1712.0,"19.3658124098,-99.0862135095",Muy Alto,Iztapalapa,684335.567231,4625.10987137,100,5
1715.0,"19.4946341174,-99.1925463843",Muy Alto,Azcapotzalco,443925.241121,3525.81665914,100,5
1723.0,"19.3370541761,-99.096930658",Muy Bajo,Iztapalapa,586002.098331,3502.90317168,0 a 25,1
1744.0,"19.2102668988,-98.9728583417",Alto,Milpa Alta,259100.503287,2631.12013976,73 a 99,4
1754.0,"19.3130469767,-99.1222375517",Muy Alto,Coyoacán,143640.043236,1806.45009277,100,5
1777.0,"19.33460829,-99.1306266329",Muy Alto,Coyoacán,288998.06978,2386.35952441,100,5
1781.0,"19.3595582098,-99.0511900523",Muy Alto,Iztapalapa,274503.718041,2199.6896669,100,5
1785.0,"19.4605105077,-99.157159274",Muy Alto,Cuauhtémoc,458344.81236,3468.75671392,100,5
1788.0,"19.4283894099,-99.0695966522",Muy Alto,Venustiano Carranza,157156.566268,1734.16384454,100,5
1792.0,"19.4410836074,-99.0872289439",Muy Alto,Venustiano Carranza,185349.058384,1810.20686239,100,5
1800.0,"19.4721672701,-99.1846873008",Muy Alto,Azcapotzalco,398223.085831,3039.04536798,100,5
1812.0,"19.4262249933,-99.0614626661",Muy Alto,Venustiano Carranza,87905.8460537,1960.12120011,100,5
1836.0,"19.4380466548,-99.1815377565",Muy Alto,Miguel Hidalgo,107972.502802,1398.64792345,100,5
1854.0,"19.4393746202,-99.1899523152",Alto,Miguel Hidalgo,281704.246832,3242.61800572,73 a 99,4
1859.0,"19.450412294,-99.1788070596",Muy Alto,Miguel Hidalgo,408434.703475,3170.25902568,100,5
1860.0,"19.44694546,-99.202371114",Medio,Miguel Hidalgo,148610.698837,2031.22580228,50 a 72,3
1864.0,"19.4753431541,-99.1563864074",Muy Alto,Azcapotzalco,192071.655923,1763.68028223,100,5
1865.0,"19.4717144711,-99.1553663421",Muy Alto,Azcapotzalco,207715.233226,1902.21523913,100,5
1882.0,"19.4000140039,-99.2523296608",Muy Bajo,Miguel Hidalgo,623083.055287,6023.11106386,0 a 25,1
1884.0,"19.4009210056,-99.1860523098",Alto,Miguel Hidalgo,194629.369608,2006.06358117,73 a 99,4
1885.0,"19.4179162519,-99.230811666",Muy Bajo,Miguel Hidalgo,426614.911165,4490.47929151,0 a 25,1
1895.0,"19.4127672361,-99.1182527589",Muy Alto,Venustiano Carranza,179024.885572,1926.25484091,100,5
1897.0,"19.3605230243,-99.1567667582",Medio,Benito Juárez,360951.976981,2358.60566841,50 a 72,3
1932.0,"19.4442148275,-99.1621026514",Muy Alto,Cuauhtémoc,280130.810991,2206.09604601,100,5
1945.0,"19.3667464132,-99.1458934771",Muy Alto,Benito Juárez,329015.491059,2408.25392365,100,5
1952.0,"19.4527137592,-99.1323397615",Muy Alto,Cuauhtémoc,33192.5515138,1003.53181306,100,5
1963.0,"19.4540615535,-99.1475351282",Muy Alto,Cuauhtémoc,27360.1033931,808.347656422,100,5
1985.0,"19.4303949546,-99.0993122944",Muy Alto,Venustiano Carranza,199359.859533,1816.33437745,100,5
1996.0,"19.3731589055,-99.1784282973",Bajo,Benito Juárez,302433.475499,5533.10402169,26 a 49,2
2000.0,"19.4529809324,-99.1346496714",Muy Alto,Cuauhtémoc,27873.8009774,739.859544333,100,5
2008.0,"19.4298513234,-99.1756519801",Muy Alto,Miguel Hidalgo,286520.631052,2468.96748076,100,5
2010.0,"19.4284098601,-99.0604015966",Muy Alto,Venustiano Carranza,22732.5047513,695.685674044,100,5
2037.0,"19.4233836104,-99.150579353",Muy Alto,Cuauhtémoc,282042.037803,2605.25482803,100,5
2040.0,"19.4281049379,-99.1450803837",Muy Alto,Cuauhtémoc,417133.282934,2700.28183623,100,5
2066.0,"19.4184184485,-99.1286391638",Muy Alto,Cuauhtémoc,288304.126573,2793.81657007,100,5
2071.0,"19.36055076,-99.1411976763",Alto,Benito Juárez,318568.534497,2398.07342768,73 a 99,4
2074.0,"19.3708763754,-99.1456965327",Muy Alto,Benito Juárez,155493.839868,1953.82382901,100,5
2090.0,"19.5367720619,-99.1442916349",Muy Alto,Gustavo A. Madero,192113.985681,1855.87343553,100,5
2095.0,"19.4535850078,-99.0543293748",Alto,Gustavo A. Madero,154505.465813,1718.91514729,73 a 99,4
2099.0,"19.4046622859,-99.0806626712",Muy Alto,Iztacalco,127498.855559,1999.07660431,100,5
2115.0,"19.4120490982,-99.1371597391",Muy Alto,Cuauhtémoc,146801.285085,1507.57939588,100,5
2117.0,"19.4712026524,-99.0974091489",Muy Alto,Gustavo A. Madero,402681.523524,2592.57625921,100,5
2122.0,"19.5072190117,-99.0985326039",Muy Alto,Gustavo A. Madero,110678.948485,1383.84108401,100,5
2126.0,"19.4734026245,-99.125759476",Muy Alto,Gustavo A. Madero,208833.335434,2542.92200946,100,5
2134.0,"19.4282498714,-99.1394245172",Muy Alto,Cuauhtémoc,190411.50771,1745.08446455,100,5
2144.0,"19.5406399472,-99.1432150693",Alto,Gustavo A. Madero,295272.362777,2590.71923845,73 a 99,4
2146.0,"19.4907947327,-99.1073148934",Alto,Gustavo A. Madero,195594.162245,2110.64704825,73 a 99,4
2152.0,"19.3977487381,-99.0916867297",Muy Alto,Iztacalco,362021.954658,2570.01648041,100,5
2153.0,"19.3968270339,-99.1216899481",Muy Alto,Iztacalco,113774.674455,1385.0648465,100,5
2200.0,"19.5156444798,-99.1402397091",Muy Alto,Gustavo A. Madero,286208.190262,2330.00473629,100,5
2231.0,"19.4091644753,-99.1527899434",Muy Alto,Cuauhtémoc,500694.053514,3466.78362885,100,5
2248.0,"19.403973116,-99.1701945489",Muy Alto,Cuauhtémoc,105352.098405,1641.59659075,100,5
2276.0,"19.4083975223,-99.1479515771",Muy Alto,Cuauhtémoc,224135.509648,2060.83246173,100,5
2294.0,"19.4185360286,-99.1137298929",Muy Alto,Venustiano Carranza,124511.805076,1422.25000199,100,5
2300.0,"19.4410140327,-99.1481711466",Muy Alto,Cuauhtémoc,332790.442279,2656.15585627,100,5
2365.0,"19.4410925816,-99.1258143097",Muy Alto,Cuauhtémoc,225417.867466,2775.47213915,100,5
2390.0,"19.4068756659,-99.1239670077",Alto,Venustiano Carranza,223926.750183,1927.27635973,73 a 99,4
2405.0,"19.4160215275,-99.199528868",Muy Bajo,Miguel Hidalgo,1665326.17916,6833.18053979,0 a 25,1
2413.0,"19.4270063569,-99.1584330386",Muy Alto,Cuauhtémoc,238480.375339,1946.29289859,100,5
2422.0,"19.4391925901,-99.1223510089",Muy Alto,Venustiano Carranza,165599.736625,1887.92283115,100,5
2429.0,"19.4481550898,-99.0908953216",Muy Alto,Venustiano Carranza,142488.860916,1861.50211299,100,5
2453.0,"19.3662495691,-99.3098284797",Muy Bajo,Cuajimalpa de Morelos,2123491.19928,8455.26934799,0 a 25,1
1617.0,"19.2050907343,-99.0512943703",Muy Bajo,Milpa Alta,483204.640468,5429.65610041,0 a 25,1
1616.0,"19.2064768243,-99.0462738875",Bajo,Milpa Alta,531080.294724,5528.51066989,26 a 49,2
1635.0,"19.3218796389,-99.2562044387",Muy Bajo,La Magdalena Contreras,271515.278658,3036.00685918,0 a 25,1
1621.0,"19.324784012,-99.1114052537",Muy Alto,Coyoacán,167508.372792,1685.09827832,100,5
1596.0,"19.3503727883,-99.0438672234",Muy Alto,Iztapalapa,159012.539297,1758.72450347,100,5
1683.0,"19.3654281126,-99.2946611604",Muy Bajo,Cuajimalpa de Morelos,315034.615487,2495.31153664,0 a 25,1
1708.0,"19.3809431865,-99.045359875",Muy Alto,Iztapalapa,783822.611818,3908.8165465,100,5
1703.0,"19.3859857471,-99.0321480791",Muy Alto,Iztapalapa,185664.623942,1969.42560637,100,5
1593.0,"19.1792458863,-99.0332881892",Muy Bajo,Milpa Alta,808467.895774,5512.78394543,0 a 25,1
1548.0,"19.4927425982,-99.1623695354",Medio,Azcapotzalco,2043972.64755,6923.90307757,50 a 72,3
1579.0,"19.3092961196,-99.1193827361",Muy Alto,Coyoacán,537102.116877,2997.0210279,100,5
1556.0,"19.4741781567,-99.13244313",Muy Alto,Gustavo A. Madero,363140.253164,2967.10287075,100,5
1529.0,"19.3308089146,-99.1195889899",Muy Alto,Coyoacán,235072.679623,2090.25948362,100,5
1681.0,"19.3786742507,-99.2793493668",Muy Bajo,Cuajimalpa de Morelos,968314.475529,5734.55317202,0 a 25,1
1652.0,"19.3791682979,-99.0324281379",Medio,Iztapalapa,270963.060573,3228.21854783,50 a 72,3
1661.0,"19.3207656377,-99.134259419",Muy Alto,Coyoacán,360382.609214,2810.0555521,100,5
1636.0,"19.3260764116,-99.2437865064",Muy Bajo,La Magdalena Contreras,187938.835679,1907.91145169,0 a 25,1
1664.0,"19.4718484557,-99.1668021246",Muy Alto,Azcapotzalco,73538.9182624,1516.77570484,100,5
1653.0,"19.3881573819,-99.044654864",Muy Alto,Iztapalapa,163881.912785,1956.37896847,100,5
1870.0,"19.4428395147,-99.1105082172",Muy Alto,Venustiano Carranza,80866.0593618,1425.26261568,100,5
1751.0,"19.3453717275,-99.3029179614",Muy Bajo,Cuajimalpa de Morelos,1120860.90996,5947.05846971,0 a 25,1
1744.0,"19.2102668988,-98.9728583417",Alto,Milpa Alta,259100.503287,2631.12013976,73 a 99,4
1733.0,"19.4729160123,-99.1778912593",Muy Alto,Azcapotzalco,316691.513807,2399.83047727,100,5
1855.0,"19.4055425702,-99.240237588",Muy Bajo,Miguel Hidalgo,134147.793744,2086.96327605,0 a 25,1
1850.0,"19.4463709647,-99.1076994584",Muy Alto,Venustiano Carranza,99143.9097592,1374.02339946,100,5
1846.0,"19.498527952,-99.178322109",Muy Alto,Azcapotzalco,749522.471597,4038.37749448,100,5
1808.0,"19.4206431694,-99.1080450461",Muy Alto,Venustiano Carranza,71550.563852,1192.29967127,100,5
1849.0,"19.448233866,-99.1150965179",Muy Alto,Venustiano Carranza,107232.335967,2064.75532246,100,5
1876.0,"19.4496271287,-99.2007646846",Muy Alto,Miguel Hidalgo,78742.6352103,1258.60423536,100,5
1908.0,"19.4157304232,-99.1089093803",Muy Alto,Venustiano Carranza,43823.9124422,1071.79448458,100,5
1956.0,"19.4498476931,-99.1212947747",Muy Alto,Venustiano Carranza,141814.198772,1832.15099321,100,5
1909.0,"19.4153718025,-99.1002308524",Muy Alto,Venustiano Carranza,90718.8301877,1280.05603227,100,5
1954.0,"19.4497871647,-99.1347622052",Muy Alto,Cuauhtémoc,68904.4918324,1341.77500331,100,5
1925.0,"19.4560081269,-99.1483064033",Muy Alto,Cuauhtémoc,37967.7319989,1072.79956885,100,5
1915.0,"19.453247327,-99.1447085387",Muy Alto,Cuauhtémoc,36117.9569985,890.932641912,100,5
2003.0,"19.4525118188,-99.1418336576",Muy Alto,Cuauhtémoc,38889.3551296,876.584744472,100,5
464.0,"19.2507580755,-99.1885065722",Muy Bajo,Tlalpan,1349989.24715,6352.24485972,0 a 25,1
472.0,"19.3563410356,-99.2191776396",Muy Bajo,Álvaro Obregón,462188.445691,4748.34512872,0 a 25,1
467.0,"19.2993020038,-99.0537533637",Muy Alto,Tláhuac,222854.003768,2156.70362349,100,5
448.0,"19.2825174379,-99.1941772174",Muy Bajo,Tlalpan,390358.593646,3012.83419535,0 a 25,1
417.0,"19.3439374215,-99.1897154307",Muy Bajo,Álvaro Obregón,312281.973873,3565.28011608,0 a 25,1
451.0,"19.2966616135,-99.0524144931",Muy Alto,Tláhuac,230048.42995,2660.49060122,100,5
401.0,"19.286182897,-99.1513068126",Alto,Tlalpan,421071.130283,3290.9130354,73 a 99,4
567.0,"19.3966279547,-99.11707721",Muy Alto,Iztacalco,191555.897365,1825.03675365,100,5
559.0,"19.387757156,-99.2077159079",Muy Bajo,Álvaro Obregón,36877.275036,800.635820676,0 a 25,1
395.0,"19.3416646891,-99.2361050336",Muy Bajo,Álvaro Obregón,856854.924248,7712.93149617,0 a 25,1
374.0,"19.2559413572,-99.1261039181",Alto,Xochimilco,928870.638563,4810.42634784,73 a 99,4
391.0,"19.2821277862,-99.1596150733",Muy Bajo,Tlalpan,214200.229682,2973.49588144,0 a 25,1
498.0,"19.3845642835,-99.2136285999",Muy Bajo,Álvaro Obregón,102184.906161,1399.86195104,0 a 25,1
486.0,"19.3071853509,-99.0412257213",Muy Alto,Tláhuac,90651.8590797,1410.71477015,100,5
514.0,"19.2877045118,-99.0576441082",Muy Alto,Tláhuac,119472.709999,2099.93067431,100,5
587.0,"19.2125456141,-98.9976184016",Muy Bajo,Milpa Alta,846408.287471,5067.21452093,0 a 25,1
584.0,"19.2197382901,-98.9879864539",Muy Alto,Milpa Alta,864923.807087,4834.56019747,100,5
576.0,"19.1928096213,-98.9967557008",Muy Bajo,Milpa Alta,20997.2601187,692.242095771,0 a 25,1
663.0,"19.3119571291,-99.2521485091",Muy Bajo,La Magdalena Contreras,132905.928887,1770.71363113,0 a 25,1
680.0,"19.3619965067,-99.1077182541",Muy Alto,Iztapalapa,648205.582496,3600.41936076,100,5
661.0,"19.3035449096,-99.2679633387",Muy Bajo,La Magdalena Contreras,258326.33673,2266.17938859,0 a 25,1
674.0,"19.3732739648,-99.2322344185",Muy Bajo,Álvaro Obregón,176425.028169,1988.15948793,0 a 25,1
810.0,"19.304653196,-99.0657855819",Muy Alto,Iztapalapa,151458.098545,1638.40291498,100,5
793.0,"19.3276668657,-99.0520583279",Muy Alto,Iztapalapa,81617.2966013,1710.76131182,100,5
804.0,"19.3875810743,-99.1169018865",Muy Alto,Iztacalco,86459.0169903,1392.3244309,100,5
794.0,"19.3281471399,-99.0455884252",Muy Alto,Iztapalapa,182644.60753,1927.22699415,100,5
896.0,"19.3356657991,-99.0508529683",Muy Alto,Iztapalapa,195123.937405,1918.29380948,100,5
854.0,"19.373469671,-99.0337601285",Alto,Iztapalapa,285763.470576,2616.43892727,73 a 99,4
856.0,"19.3600205479,-99.0553050144",Muy Alto,Iztapalapa,278523.397073,2161.81716674,100,5
967.0,"19.3199808804,-99.0322421904",Muy Bajo,Iztapalapa,595520.270338,3757.77237701,0 a 25,1
986.0,"19.3266846174,-99.0549006283",Muy Alto,Iztapalapa,273859.181322,2796.61377417,100,5
20.0,"19.2533582325,-99.0594526586",Alto,Xochimilco,366268.737458,3098.60258378,73 a 99,4
41.0,"19.3806747522,-99.1721936882",Alto,Benito Juárez,217990.579132,2323.846362,73 a 99,4
40.0,"19.3861871392,-99.1666193379",Muy Alto,Benito Juárez,354758.280094,2452.99944916,100,5
131.0,"19.2669251341,-99.1841348625",Muy Bajo,Tlalpan,786576.768164,4423.03909883,0 a 25,1
116.0,"19.3923820189,-99.1355260449",Muy Alto,Benito Juárez,125468.547134,1726.71942925,100,5
235.0,"19.3610554447,-99.2491332123",Muy Bajo,Álvaro Obregón,228192.930272,3532.55719424,0 a 25,1
202.0,"19.2458990238,-99.1076037469",Medio,Xochimilco,347735.056269,3598.93445767,50 a 72,3
222.0,"19.2474330649,-98.9963083949",Muy Alto,Tláhuac,198506.957543,2530.63350549,100,5
254.0,"19.3069701351,-99.0554872813",Alto,Tláhuac,360981.25543,2723.3665586,73 a 99,4
148.0,"19.2726123658,-99.0997849416",Alto,Xochimilco,420448.301984,3165.92305868,73 a 99,4
149.0,"19.2708791397,-99.1032964342",Muy Alto,Xochimilco,168118.133051,1913.59004796,100,5
69.0,"19.3782910037,-99.1379507475",Muy Alto,Benito Juárez,157838.905246,1652.63514203,100,5
87.0,"19.3771282688,-99.1874567364",Muy Bajo,Benito Juárez,255621.073261,2792.32563808,0 a 25,1
89.0,"19.3864207169,-99.1502515441",Muy Alto,Benito Juárez,271395.742928,2332.2228682,100,5
307.0,"19.3571101502,-99.2294866226",Muy Bajo,Álvaro Obregón,116584.671873,1548.70584936,0 a 25,1
281.0,"19.228298699,-99.166439749",Muy Bajo,Tlalpan,98552.846046,1764.00375665,0 a 25,1
267.0,"19.3994109598,-99.2076457874",Muy Bajo,Álvaro Obregón,316451.510592,2644.49936024,0 a 25,1
341.0,"19.3817083305,-99.0352399487",Muy Alto,Iztapalapa,52460.5325147,1412.05923311,100,5
364.0,"19.3595443791,-99.0318209872",Muy Alto,Iztapalapa,573620.731193,3075.25416073,100,5
1021.0,"19.2767559544,-99.1544235579",Muy Bajo,Tlalpan,157919.644612,3034.12808992,0 a 25,1
1031.0,"19.2532516958,-99.0348991591",Bajo,Xochimilco,1844739.14711,6270.08750829,26 a 49,2
1036.0,"19.2451468458,-99.0824412525",Medio,Xochimilco,781865.200838,5178.11359091,50 a 72,3
1058.0,"19.3468914977,-99.08000899",Alto,Iztapalapa,124169.966604,1651.97778881,73 a 99,4
1120.0,"19.3004702312,-99.1689065595",Bajo,Tlalpan,171251.615444,1677.11713909,26 a 49,2
1167.0,"19.3543189922,-99.0886038781",Bajo,Iztapalapa,349199.207844,2911.62168547,26 a 49,2
1170.0,"19.3308661134,-99.0796489644",Muy Alto,Iztapalapa,390329.830861,3124.82844225,100,5
1187.0,"19.3278433925,-99.143568394",Muy Alto,Coyoacán,360003.523041,3572.03645655,100,5
1189.0,"19.4098010199,-99.0638562226",Muy Alto,Iztacalco,246910.476113,2728.14349012,100,5
1210.0,"19.3907395886,-99.0914344678",Muy Alto,Iztacalco,116385.910624,1750.24799096,100,5
1219.0,"19.50518825,-99.1262119363",Muy Alto,Gustavo A. Madero,194151.499601,1952.76112833,100,5
1231.0,"19.3939973501,-99.0678176004",Muy Alto,Iztacalco,313820.870736,2911.91035309,100,5
1233.0,"19.3854739811,-99.1058573079",Muy Alto,Iztacalco,130860.341536,1604.05813494,100,5
1244.0,"19.5224888839,-99.1546871999",Muy Alto,Gustavo A. Madero,264491.44496,2416.27309639,100,5
1245.0,"19.5208596865,-99.1631124392",Muy Alto,Gustavo A. Madero,243385.414635,2101.46621766,100,5
1246.0,"19.5681870114,-99.1258275783",Muy Bajo,Gustavo A. Madero,356542.262952,2548.93209376,0 a 25,1
1274.0,"19.3846171596,-99.1185910765",Muy Alto,Iztacalco,118098.307017,1604.96709512,100,5
1277.0,"19.4779323964,-99.065444295",Alto,Gustavo A. Madero,240227.56206,2067.21090149,73 a 99,4
1280.0,"19.4916674811,-99.0735043442",Muy Alto,Gustavo A. Madero,172955.554117,1810.27275086,100,5
1291.0,"19.5016504251,-99.1651897945",Alto,Azcapotzalco,1679100.83236,5894.18499465,73 a 99,4
1314.0,"19.4944844499,-99.2054575404",Muy Alto,Azcapotzalco,64318.9702499,1064.53853787,100,5
1316.0,"19.3341414822,-99.1624704181",Alto,Coyoacán,366385.137411,3844.62950241,73 a 99,4
1322.0,"19.5663428776,-99.1174079898",Muy Bajo,Gustavo A. Madero,2273692.68164,8212.11293535,0 a 25,1
1335.0,"19.3224126931,-99.115334253",Muy Alto,Coyoacán,87380.9140442,1290.99266778,100,5
1337.0,"19.3069231097,-99.1523951302",Alto,Coyoacán,295099.873132,2472.03067722,73 a 99,4
1344.0,"19.5503390637,-99.1311351852",Bajo,Gustavo A. Madero,152840.396809,2161.36131752,26 a 49,2
1354.0,"19.3064432919,-99.1772402682",Muy Bajo,Coyoacán,78362.198075,1846.27395024,0 a 25,1
1368.0,"19.4664100181,-99.1627859332",Muy Alto,Azcapotzalco,100664.579257,1832.55713088,100,5
1369.0,"19.4631759392,-99.1643317932",Muy Alto,Azcapotzalco,55149.1761401,1060.49036654,100,5
1379.0,"19.3468866336,-99.3197537228",Muy Bajo,Cuajimalpa de Morelos,98264.9224604,2372.98913419,0 a 25,1
1380.0,"19.3174458429,-99.1050589025",Muy Alto,Coyoacán,161673.05704,1742.30137121,100,5
1392.0,"19.4697569383,-99.1463981549",Muy Alto,Azcapotzalco,212125.070272,2077.51299345,100,5
1395.0,"19.313720944,-99.1525348405",Medio,Coyoacán,351711.649772,2803.66494966,50 a 72,3
1408.0,"19.3485682541,-99.1228848645",Muy Alto,Coyoacán,359112.403269,2362.1536908,100,5
1410.0,"19.4788692916,-99.2174105392",Medio,Azcapotzalco,167479.329925,1707.5579326,50 a 72,3
1417.0,"19.4839462865,-99.0732900281",Muy Alto,Gustavo A. Madero,220438.421752,1893.52552658,100,5
1443.0,"19.4646616856,-99.1004851903",Muy Alto,Gustavo A. Madero,158857.949869,1790.43042932,100,5
1457.0,"19.5444196137,-99.1342963386",Bajo,Gustavo A. Madero,341160.206273,2922.92512583,26 a 49,2
1476.0,"19.5510411833,-99.1534351265",Muy Bajo,Gustavo A. Madero,195541.511109,2156.07501184,0 a 25,1
1481.0,"19.375389219,-99.0248109358",Alto,Iztapalapa,379139.360763,3329.74277417,73 a 99,4
1482.0,"19.3929014863,-99.0566556342",Muy Alto,Iztapalapa,509256.691944,3152.54793846,100,5
1485.0,"19.356528872,-99.0180404597",Muy Alto,Iztapalapa,419323.000077,2997.6502523,100,5
1489.0,"19.3101773236,-99.1027114119",Muy Alto,Coyoacán,181479.871361,1750.0105614,100,5
1498.0,"19.344484064,-99.1439098528",Muy Alto,Coyoacán,652219.324649,4073.85534862,100,5
535.0,"19.2920421733,-99.0611794865",Muy Alto,Tláhuac,64852.729601,1138.28246003,100,5
545.0,"19.3472189551,-99.2327928529",Muy Bajo,Álvaro Obregón,403347.479103,3993.29549738,0 a 25,1
546.0,"19.3540965836,-99.2362467368",Muy Bajo,Álvaro Obregón,142217.749205,2065.92821028,0 a 25,1
554.0,"19.2442628143,-99.1899371465",Muy Bajo,Tlalpan,196618.368431,2540.00870019,0 a 25,1
561.0,"19.2600708799,-99.1877288368",Muy Bajo,Tlalpan,2283832.65779,8481.45566327,0 a 25,1
577.0,"19.1876742201,-98.9953476942",Muy Bajo,Milpa Alta,603140.916505,4022.05185297,0 a 25,1
592.0,"19.3643942537,-99.0518120576",Muy Alto,Iztapalapa,301077.759453,3063.07579422,100,5
629.0,"19.3761871742,-99.0523947395",Muy Alto,Iztapalapa,20715.6451335,786.584970396,100,5
669.0,"19.3680563408,-98.9951251753",Alto,Iztapalapa,155891.628492,1790.3669898,73 a 99,4
673.0,"19.3282447463,-99.0130988439",Muy Bajo,Iztapalapa,1151272.00028,5736.06991501,0 a 25,1
739.0,"19.3367902336,-99.0486962097",Muy Alto,Iztapalapa,80754.8638734,1465.05516947,100,5
764.0,"19.3442139937,-99.0444216641",Muy Alto,Iztapalapa,194062.034289,1909.00469285,100,5
765.0,"19.3740654102,-99.0545840081",Muy Alto,Iztapalapa,11110.1747761,433.297006112,100,5
783.0,"19.3445731103,-99.0007448528",Muy Bajo,Iztapalapa,181419.309009,2228.97564291,0 a 25,1
803.0,"19.3900813141,-99.1152128896",Muy Alto,Iztacalco,182895.019304,1961.91139673,100,5
805.0,"19.3900159388,-99.1116613504",Muy Alto,Iztacalco,110489.386963,1903.07097038,100,5
821.0,"19.3651357122,-98.9994377697",Muy Alto,Iztapalapa,164741.688806,2612.24893612,100,5
824.0,"19.3619772454,-98.9948170683",Alto,Iztapalapa,112907.889932,1309.45531861,73 a 99,4
839.0,"19.3175637378,-99.0952544196",Muy Alto,Iztapalapa,382540.774773,4304.75360936,100,5
841.0,"19.3101731128,-99.0614018041",Muy Alto,Iztapalapa,1059000.04945,4776.15366642,100,5
872.0,"19.3717808059,-99.0521717415",Muy Alto,Iztapalapa,14703.750017,488.540490029,100,5
876.0,"19.335808539,-99.0777388568",Muy Alto,Iztapalapa,494746.885531,2872.18835144,100,5
881.0,"19.29256675,-99.1138069351",Muy Alto,Tlalpan,324220.15851,2251.66354007,100,5
907.0,"19.3021161709,-99.0684133185",Muy Alto,Iztapalapa,188927.955879,2358.46760923,100,5
917.0,"19.3286115903,-99.0229982758",Muy Bajo,Iztapalapa,132224.927484,2533.03125438,0 a 25,1
950.0,"19.3852442593,-99.0790517191",Muy Alto,Iztapalapa,570480.007479,3380.99096847,100,5
966.0,"19.3214383447,-99.0429147808",Muy Alto,Iztapalapa,188888.729902,2121.67859405,100,5
978.0,"19.38502311,-99.0895863494",Muy Alto,Iztapalapa,183371.098595,1775.72581087,100,5
197.0,"19.2483847207,-99.0497690225",Bajo,Xochimilco,1971701.39737,5988.66554126,26 a 49,2
209.0,"19.2946542283,-99.1274901117",Muy Alto,Tlalpan,198242.780762,2582.28430104,100,5
57.0,"19.263659665,-99.0955853066",Muy Alto,Xochimilco,142933.015078,1960.19799291,100,5
58.0,"19.2633072327,-99.1265216306",Muy Alto,Xochimilco,137918.423827,1966.91053271,100,5
41.0,"19.3806747522,-99.1721936882",Alto,Benito Juárez,217990.579132,2323.846362,73 a 99,4
96.0,"19.2257421883,-99.0875117516",Muy Bajo,Xochimilco,584285.231377,4012.89452638,0 a 25,1
60.0,"19.2854851437,-99.1178156567",Muy Alto,Xochimilco,274741.611952,2494.52602003,100,5
165.0,"19.2785999256,-99.1162531283",Muy Alto,Xochimilco,183022.289594,2198.64936424,100,5
186.0,"19.2898224001,-99.2352826357",Muy Bajo,Tlalpan,276689.491716,2802.1344654,0 a 25,1
484.0,"19.2317516018,-99.1741539984",Muy Bajo,Tlalpan,1376269.7669,6847.77098193,0 a 25,1
474.0,"19.3696837501,-99.2010394613",Muy Bajo,Álvaro Obregón,133525.481643,2161.09531309,0 a 25,1
290.0,"19.3690521532,-99.197951561",Muy Bajo,Álvaro Obregón,32375.5449568,846.64410414,0 a 25,1
257.0,"19.2889813575,-99.1308701322",Muy Alto,Tlalpan,306113.24982,3318.66035953,100,5
251.0,"19.3716628704,-99.205262985",Muy Bajo,Álvaro Obregón,140027.174914,1512.43450444,0 a 25,1
143.0,"19.2601539624,-99.0837332695",Alto,Xochimilco,675147.334454,5147.88409215,73 a 99,4
156.0,"19.2922501665,-99.128459787",Muy Alto,Tlalpan,150983.631426,1675.62380536,100,5
148.0,"19.2726123658,-99.0997849416",Alto,Xochimilco,420448.301984,3165.92305868,73 a 99,4
159.0,"19.2940477397,-99.2224394405",Muy Bajo,Tlalpan,254630.594872,2327.62766033,0 a 25,1
409.0,"19.3744542568,-99.2086278418",Muy Bajo,Álvaro Obregón,136799.369668,1697.2501798,0 a 25,1
363.0,"19.3917337284,-99.0427173499",Muy Alto,Iztapalapa,150249.277415,1555.1008652,100,5
318.0,"19.384796068,-99.243953907",Muy Bajo,Álvaro Obregón,191362.639088,2893.236682,0 a 25,1
313.0,"19.2800495429,-99.2310971837",Muy Bajo,Tlalpan,242060.931231,2356.76548676,0 a 25,1
448.0,"19.2825174379,-99.1941772174",Muy Bajo,Tlalpan,390358.593646,3012.83419535,0 a 25,1
462.0,"19.4014823254,-99.1945746784",Muy Bajo,Álvaro Obregón,240024.473244,2384.05949688,0 a 25,1
440.0,"19.3597148483,-99.2010020633",Muy Bajo,Álvaro Obregón,472477.814796,3419.55584063,0 a 25,1
434.0,"19.290202584,-99.0532306325",Muy Alto,Tláhuac,235217.755011,2112.77227167,100,5
1019.0,"19.2131910883,-99.1224587448",Muy Bajo,Xochimilco,1324281.87673,7543.32109347,0 a 25,1
1016.0,"19.262988377,-99.0882167955",Alto,Xochimilco,265362.785848,3090.54263543,73 a 99,4
2080.0,"19.4303006857,-99.1627530858",Muy Alto,Cuauhtémoc,127240.679413,1778.82031668,100,5
2088.0,"19.3963364372,-99.112372099",Muy Alto,Iztacalco,185013.184236,1701.72225516,100,5
2106.0,"19.3942804121,-99.1279579613",Muy Alto,Iztacalco,188197.195706,2058.31618436,100,5
2051.0,"19.4164735846,-99.1622732741",Muy Alto,Cuauhtémoc,169236.556924,1826.8207547,100,5
2025.0,"19.4758916268,-99.0815895695",Muy Alto,Gustavo A. Madero,280489.979226,2288.14691748,100,5
2239.0,"19.3886232201,-99.1312811456",Muy Alto,Iztacalco,188247.325368,1838.49115082,100,5
2214.0,"19.4892579185,-99.0902588648",Muy Alto,Gustavo A. Madero,205283.442273,1906.8109956,100,5
2272.0,"19.4616718919,-99.2056189812",Alto,Miguel Hidalgo,654435.430591,3905.50998088,73 a 99,4
2262.0,"19.4506127014,-99.2186596175",Muy Bajo,Miguel Hidalgo,123872.489398,1454.87318996,0 a 25,1
2156.0,"19.5657452918,-99.1373797858",Muy Bajo,Gustavo A. Madero,260995.968419,2756.84752279,0 a 25,1
2164.0,"19.4591973942,-99.1153009442",Muy Alto,Gustavo A. Madero,182634.30475,1784.69800618,100,5
2169.0,"19.4839743862,-99.0802513749",Muy Alto,Gustavo A. Madero,251556.282308,2363.08828851,100,5
2207.0,"19.4874592388,-99.1392838706",Muy Alto,Gustavo A. Madero,235267.541867,2033.47023586,100,5
2168.0,"19.4993167443,-99.069359239",Alto,Gustavo A. Madero,189020.676716,2141.21128997,73 a 99,4
2148.0,"19.4722213203,-99.1113263024",Muy Alto,Gustavo A. Madero,247390.695269,2013.9004043,100,5
2314.0,"19.4368912098,-99.0842215729",Muy Alto,Venustiano Carranza,152044.056629,1829.36075611,100,5
2310.0,"19.4112939989,-99.0886656159",Muy Alto,Venustiano Carranza,208884.977044,2096.61187607,100,5
2319.0,"19.412298234,-99.0993183456",Muy Alto,Venustiano Carranza,94538.9968719,1314.39019055,100,5
2360.0,"19.4251665552,-99.1099898361",Muy Alto,Venustiano Carranza,116710.603159,1441.95276576,100,5
2373.0,"19.4477017922,-99.0803764756",Muy Alto,Venustiano Carranza,306694.902589,2368.20715766,100,5
2329.0,"19.4518744798,-99.1611404287",Muy Alto,Cuauhtémoc,368623.575217,2763.45550628,100,5
7.0,"19.2398443005,-99.0177256257",Muy Bajo,Xochimilco,53144.7086834,994.116911893,0 a 25,1
16.0,"19.3902216115,-99.1494473798",Muy Alto,Benito Juárez,273083.182025,2199.96794946,100,5
23.0,"19.304210835,-99.2298105415",Muy Bajo,Tlalpan,223769.953534,2124.38614637,0 a 25,1
30.0,"19.3951885294,-99.1442066398",Muy Alto,Benito Juárez,237761.726486,2020.13733683,100,5
39.0,"19.3874382463,-99.1707400214",Muy Alto,Benito Juárez,295157.016197,2408.45137428,100,5
60.0,"19.2854851437,-99.1178156567",Muy Alto,Xochimilco,274741.611952,2494.52602003,100,5
78.0,"19.3916022026,-99.1725252058",Alto,Benito Juárez,220684.882012,3815.72136756,73 a 99,4
82.0,"19.3754562128,-99.1466768808",Muy Alto,Benito Juárez,227636.090614,2078.80957073,100,5
103.0,"19.4011587376,-99.1588058018",Muy Alto,Benito Juárez,233161.957085,3035.92999922,100,5
138.0,"19.288207293,-99.2250144308",Muy Bajo,Tlalpan,254847.650047,2209.69314105,0 a 25,1
152.0,"19.2786402552,-98.99873753",Muy Alto,Tláhuac,231342.808121,1976.99618709,100,5
166.0,"19.2688047671,-99.1093627879",Muy Alto,Xochimilco,449912.131062,3217.19846724,100,5
182.0,"19.2501363288,-99.0250104209",Muy Bajo,Xochimilco,642972.806631,3820.273215,0 a 25,1
183.0,"19.2296196464,-99.1180031908",Muy Bajo,Xochimilco,790065.009725,7163.85822816,0 a 25,1
201.0,"19.2413700093,-99.1000910704",Muy Bajo,Xochimilco,254787.099773,2717.54400245,0 a 25,1
217.0,"19.2416913563,-99.0898393774",Muy Bajo,Xochimilco,696725.32462,4017.18506575,0 a 25,1
234.0,"19.3744313851,-99.2384134171",Muy Bajo,Álvaro Obregón,532529.235261,3772.96044265,0 a 25,1
236.0,"19.282120185,-99.1302810922",Muy Alto,Xochimilco,442805.298221,3637.4881657,100,5
276.0,"19.2843488973,-99.1331717388",Muy Alto,Tlalpan,308719.365946,2863.90522467,100,5
285.0,"19.3272582412,-99.2170613692",Muy Bajo,La Magdalena Contreras,901540.804721,4909.72005768,0 a 25,1
296.0,"19.2609460682,-99.1174357785",Muy Alto,Xochimilco,228171.40529,2318.79668394,100,5
312.0,"19.2560218122,-99.1335660326",Bajo,Xochimilco,902452.78483,5946.67018818,26 a 49,2
330.0,"19.2929571378,-99.0509176156",Muy Alto,Tláhuac,207535.422765,2162.42916335,100,5
337.0,"19.3785939952,-99.2221333575",Muy Bajo,Álvaro Obregón,174029.086385,1880.2620603,0 a 25,1
355.0,"19.2731264162,-99.2259778821",Bajo,Tlalpan,276102.793425,2236.76756873,26 a 49,2
368.0,"19.2194418825,-99.2000663304",Muy Bajo,Tlalpan,1270745.44027,5118.8158597,0 a 25,1
371.0,"19.2217588501,-99.1138906706",Muy Bajo,Xochimilco,155728.802784,2025.48415974,0 a 25,1
419.0,"19.3160245313,-99.2739173454",Muy Bajo,Álvaro Obregón,76836.2297457,1357.30614921,0 a 25,1
421.0,"19.3464139822,-99.1846190835",Muy Bajo,Álvaro Obregón,588470.536368,4735.75217106,0 a 25,1
432.0,"19.2934035085,-99.0568631314",Muy Alto,Tláhuac,184647.596914,1953.98719413,100,5
433.0,"19.2891996395,-99.0477206304",Muy Alto,Tláhuac,243117.240122,2294.06096275,100,5
438.0,"19.3502750945,-99.1952451526",Muy Bajo,Álvaro Obregón,303487.564083,3220.57097798,0 a 25,1
449.0,"19.2801146798,-99.2372223483",Muy Bajo,Tlalpan,267443.711169,2242.43505706,0 a 25,1
466.0,"19.2675842369,-99.2421903258",Muy Bajo,Tlalpan,249492.408699,2387.17507587,0 a 25,1
488.0,"19.3012235873,-99.041917039",Muy Alto,Tláhuac,67053.412528,1432.65934732,100,5
500.0,"19.2295792736,-99.1631074102",Muy Bajo,Tlalpan,321067.864612,3071.2368421,0 a 25,1
1430.0,"19.3386950658,-99.3255248958",Muy Bajo,Cuajimalpa de Morelos,326326.753713,3740.73662561,0 a 25,1
1445.0,"19.3148918562,-99.133152019",Muy Alto,Coyoacán,63001.4839571,1074.94908979,100,5
1476.0,"19.5510411833,-99.1534351265",Muy Bajo,Gustavo A. Madero,195541.511109,2156.07501184,0 a 25,1
1530.0,"19.4666783497,-99.1554473872",Muy Alto,Azcapotzalco,544939.599185,3006.46994131,100,5
1543.0,"19.3308996225,-99.1254928295",Muy Alto,Coyoacán,212336.980397,2180.297128,100,5
1004.0,"19.284916205,-99.1388638873",Muy Alto,Tlalpan,144888.03902,1575.05528482,100,5
1014.0,"19.262675805,-99.1228652487",Alto,Xochimilco,393985.529735,2690.88441573,73 a 99,4
1020.0,"19.2942327544,-99.1591464047",Alto,Tlalpan,255665.529534,2527.23654547,73 a 99,4
1067.0,"19.2717150832,-99.1929204797",Muy Bajo,Tlalpan,128130.001568,1604.62309869,0 a 25,1
1085.0,"19.2168261158,-99.1279747691",Muy Bajo,Xochimilco,561532.315098,4638.76837036,0 a 25,1
1090.0,"19.2530196527,-99.0795283804",Muy Alto,Xochimilco,238466.532892,2520.74941272,100,5
1121.0,"19.2641717915,-99.22884129",Muy Bajo,Tlalpan,177684.7742,1975.97940364,0 a 25,1
1147.0,"19.3244250475,-99.0372083699",Bajo,Iztapalapa,232446.585845,2148.49094863,26 a 49,2
1149.0,"19.3153298389,-99.0673899871",Muy Alto,Iztapalapa,365614.178206,3633.52019453,100,5
1151.0,"19.2904706475,-99.0684516178",Muy Alto,Iztapalapa,102090.285288,1462.76604874,100,5
1162.0,"19.3475423466,-99.0133668934",Muy Bajo,Iztapalapa,177251.673179,2366.04492434,0 a 25,1
1165.0,"19.3410353046,-99.0615880068",Muy Alto,Iztapalapa,211213.949888,2444.31455617,100,5
1168.0,"19.3513553498,-99.0819679416",Alto,Iztapalapa,309271.973203,2970.62308703,73 a 99,4
1179.0,"19.4822608546,-99.2164358196",Alto,Azcapotzalco,211739.561636,2096.62267314,73 a 99,4
1180.0,"19.4913352529,-99.2118043199",Alto,Azcapotzalco,562941.730387,3139.90764407,73 a 99,4
1181.0,"19.4815208892,-99.1772238378",Muy Alto,Azcapotzalco,339625.134481,2511.8835379,100,5
1191.0,"19.3877286429,-99.1261821078",Muy Alto,Iztacalco,108039.403603,2237.6240452,100,5
1220.0,"19.4850104552,-99.1105577546",Muy Alto,Gustavo A. Madero,353092.170255,2715.61037509,100,5
1238.0,"19.5088110318,-99.1371367053",Muy Alto,Gustavo A. Madero,188288.826192,2061.99982855,100,5
1257.0,"19.4624522382,-99.1069098327",Muy Alto,Gustavo A. Madero,153341.28964,1569.46779436,100,5
1271.0,"19.3830727846,-99.1094899526",Muy Alto,Iztacalco,102805.160372,1347.83379382,100,5
1276.0,"19.4670368609,-99.0681722068",Muy Alto,Gustavo A. Madero,247867.702618,2657.35265259,100,5
1284.0,"19.5059681974,-99.1533592138",Muy Alto,Gustavo A. Madero,145339.850094,1611.56577394,100,5
1285.0,"19.5549466612,-99.1206372553",Muy Bajo,Gustavo A. Madero,700529.133992,4652.05782037,0 a 25,1
1324.0,"19.4895323645,-99.1483505855",Muy Alto,Gustavo A. Madero,281393.871414,2513.72115009,100,5
1326.0,"19.3179468771,-99.1516956269",Bajo,Coyoacán,256819.893831,2343.18568288,26 a 49,2
1330.0,"19.4728710837,-99.170831054",Muy Alto,Azcapotzalco,74430.6207675,1193.86316853,100,5
1372.0,"19.3046776465,-99.1751779957",Muy Bajo,Coyoacán,142901.351184,2007.44954145,0 a 25,1
1378.0,"19.3555967592,-99.2864031803",Muy Bajo,Cuajimalpa de Morelos,390174.145517,3969.94907656,0 a 25,1
1390.0,"19.3322809689,-99.1661831975",Alto,Coyoacán,510490.982672,4148.78616402,73 a 99,4
1413.0,"19.488365666,-99.1200178013",Muy Alto,Gustavo A. Madero,267155.098983,2335.19365097,100,5
1422.0,"19.5219195307,-99.1340171776",Bajo,Gustavo A. Madero,84091.2912967,1217.21985403,26 a 49,2
1427.0,"19.3062201021,-99.125804385",Muy Alto,Coyoacán,112263.779737,1375.90599019,100,5
1460.0,"19.457375214,-99.1035674395",Muy Alto,Gustavo A. Madero,290373.081944,2221.87828389,100,5
1491.0,"19.4712696582,-99.1735302829",Muy Alto,Azcapotzalco,240228.424041,2740.99709995,100,5
1514.0,"19.3482684836,-99.1651150362",Muy Alto,Coyoacán,413051.248575,2927.93698492,100,5
1516.0,"19.3048053926,-99.1659287932",Bajo,Coyoacán,324020.78481,2483.33578044,26 a 49,2
1528.0,"19.3299505083,-99.1152239685",Muy Alto,Coyoacán,111802.953842,1379.1304461,100,5
1538.0,"19.3408438889,-99.125017215",Muy Alto,Coyoacán,374800.30855,2697.95263429,100,5
1545.0,"19.3352324569,-99.1201876249",Muy Alto,Coyoacán,355012.655932,2588.18900152,100,5
1547.0,"19.3097843078,-99.1593185767",Muy Bajo,Coyoacán,383070.742991,2631.51324,0 a 25,1
1593.0,"19.1792458863,-99.0332881892",Muy Bajo,Milpa Alta,808467.895774,5512.78394543,0 a 25,1
1597.0,"19.3294464672,-99.0580154689",Muy Alto,Iztapalapa,94486.0658451,1368.93112618,100,5
1620.0,"19.3217736305,-99.1177696413",Muy Alto,Coyoacán,137744.97213,1556.52606468,100,5
1630.0,"19.3674925297,-99.0148894773",Muy Alto,Iztapalapa,700689.708868,4001.72545473,100,5
1632.0,"19.38742324,-99.041629994",Muy Alto,Iztapalapa,110611.089824,1679.82140425,100,5
1644.0,"19.3262721179,-99.1212479089",Muy Alto,Coyoacán,159974.966257,1729.82394051,100,5
1663.0,"19.469107373,-99.1606299091",Muy Alto,Azcapotzalco,403132.669634,3809.19913124,100,5
1672.0,"19.1800039461,-98.9987175168",Muy Bajo,Milpa Alta,1106092.09926,6588.06751506,0 a 25,1
1714.0,"19.2912099839,-99.246117513",Muy Bajo,La Magdalena Contreras,918722.462322,6324.40273952,0 a 25,1
1720.0,"19.3282801507,-99.1379742464",Muy Alto,Coyoacán,335711.260939,3108.03388041,100,5
1727.0,"19.3868680663,-99.2067470133",Muy Bajo,Álvaro Obregón,268573.565554,4760.73645789,0 a 25,1
1737.0,"19.4905155277,-99.1430633471",Muy Alto,Gustavo A. Madero,265056.091796,2452.58783628,100,5
1751.0,"19.3453717275,-99.3029179614",Muy Bajo,Cuajimalpa de Morelos,1120860.90996,5947.05846971,0 a 25,1
1753.0,"19.3155765806,-99.1216861205",Muy Alto,Coyoacán,138910.637632,1704.67738867,100,5
1761.0,"19.3109632177,-99.2380920761",Muy Bajo,La Magdalena Contreras,343320.847787,2670.81759968,0 a 25,1
1769.0,"19.368624195,-99.0302401041",Muy Alto,Iztapalapa,153979.278808,1585.7355119,100,5
1774.0,"19.3034494288,-99.1050255552",Muy Alto,Coyoacán,741938.957322,4375.57469953,100,5
1776.0,"19.3367570527,-99.1255277649",Muy Alto,Coyoacán,183954.051995,1930.57059523,100,5
1786.0,"19.4058126101,-99.1339421452",Muy Alto,Cuauhtémoc,271844.928815,2196.94823853,100,5
1791.0,"19.4131877782,-99.1027789524",Muy Alto,Venustiano Carranza,129488.935909,1531.06591346,100,5
1799.0,"19.4472458376,-99.2095622787",Muy Bajo,Miguel Hidalgo,250826.195472,2871.19840482,0 a 25,1
1825.0,"19.498446498,-99.2046853737",Muy Alto,Azcapotzalco,220868.908275,1952.36046711,100,5
1832.0,"19.4370884715,-99.2099130376",Muy Bajo,Miguel Hidalgo,267115.868832,2579.24740788,0 a 25,1
1841.0,"19.441775567,-99.180236482",Muy Alto,Miguel Hidalgo,466942.108132,3166.700322,100,5
1843.0,"19.4852430175,-99.2144764276",Alto,Azcapotzalco,210899.191234,2239.07349156,73 a 99,4
1887.0,"19.4421627426,-99.1064697082",Muy Alto,Venustiano Carranza,174630.595981,1709.40694318,100,5
1891.0,"19.4217319567,-99.0932289311",Muy Alto,Venustiano Carranza,276829.018395,2892.29342427,100,5
1896.0,"19.4205569131,-99.1158318262",Muy Alto,Venustiano Carranza,121757.523053,1647.18595116,100,5
1918.0,"19.4085299882,-99.207542548",Muy Bajo,Miguel Hidalgo,1163736.54284,5212.87610526,0 a 25,1
1922.0,"19.4522012832,-99.2102223589",Muy Bajo,Miguel Hidalgo,481153.58899,3963.99635614,0 a 25,1
1951.0,"19.4565643206,-99.1345861604",Muy Alto,Cuauhtémoc,84435.3460939,1239.50805894,100,5
1958.0,"19.4311058387,-99.2178690335",Muy Bajo,Miguel Hidalgo,98297.5126095,1335.91452604,0 a 25,1
1986.0,"19.418665506,-99.1028285885",Muy Alto,Venustiano Carranza,46924.274149,927.735727014,100,5
2007.0,"19.4293721521,-99.1879341636",Medio,Miguel Hidalgo,382174.787128,2838.84859347,50 a 72,3
2014.0,"19.4545844997,-99.1415051027",Muy Alto,Cuauhtémoc,35323.815507,814.321446183,100,5
2016.0,"19.4520649698,-99.1689104312",Muy Alto,Miguel Hidalgo,661428.056892,6500.54868834,100,5
2022.0,"19.4522451196,-99.0701877208",Muy Alto,Gustavo A. Madero,237720.645202,1957.30177361,100,5
2033.0,"19.4330384459,-99.1652237369",Alto,Cuauhtémoc,301824.083565,3113.05772054,73 a 99,4
2081.0,"19.4476821987,-99.1613288736",Muy Alto,Cuauhtémoc,273315.917244,2194.75768804,100,5
2085.0,"19.3935675856,-99.1184850184",Muy Alto,Iztacalco,347683.002896,2717.21697905,100,5
2177.0,"19.493378879,-99.0963277012",Muy Alto,Gustavo A. Madero,311968.071676,3418.17364854,100,5
2216.0,"19.4900816306,-99.136927651",Muy Alto,Gustavo A. Madero,213236.09735,2108.19271145,100,5
2218.0,"19.5192607895,-99.1467097579",Muy Alto,Gustavo A. Madero,177886.761441,2015.59756024,100,5
2226.0,"19.4091261685,-99.1629469581",Muy Alto,Cuauhtémoc,135832.942177,1758.45997501,100,5
2230.0,"19.4360625919,-99.1557510358",Muy Alto,Cuauhtémoc,229089.119128,2490.71456203,100,5
2238.0,"19.4808627394,-99.1075992145",Muy Alto,Gustavo A. Madero,332794.264531,2489.62485036,100,5
2255.0,"19.4992953672,-99.0946149809",Muy Alto,Gustavo A. Madero,117726.904711,1711.38628311,100,5
2261.0,"19.4090086125,-99.2425742157",Muy Bajo,Miguel Hidalgo,321319.055166,3348.19973816,0 a 25,1
2266.0,"19.4156327182,-99.0970191397",Muy Alto,Venustiano Carranza,202615.478215,2804.73907922,100,5
2283.0,"19.4558742167,-99.1991068427",Muy Alto,Miguel Hidalgo,268154.16444,2274.54940535,100,5
2296.0,"19.4344801668,-99.1782400336",Muy Alto,Miguel Hidalgo,169001.884436,2276.24710205,100,5
2326.0,"19.4541759177,-99.1394144436",Muy Alto,Cuauhtémoc,40643.0515392,878.608569426,100,5
2348.0,"19.4216408054,-99.2092565391",Muy Bajo,Miguel Hidalgo,74897.6420977,1586.31231176,0 a 25,1
2349.0,"19.4119631171,-99.1853453199",Muy Alto,Miguel Hidalgo,223442.131691,2513.87690658,100,5
2353.0,"19.4159573764,-99.2266391101",Muy Bajo,Miguel Hidalgo,32658.6354069,879.424967295,0 a 25,1
2376.0,"19.4155248816,-99.1183540045",Muy Alto,Venustiano Carranza,217995.608698,2093.90650553,100,5
2394.0,"19.4209837373,-99.1521402898",Muy Alto,Cuauhtémoc,126993.507551,1440.93002873,100,5
2403.0,"19.4435655712,-99.093022039",Muy Alto,Venustiano Carranza,184194.803053,1812.24935115,100,5
2410.0,"19.459797381,-99.1851503472",Medio,Miguel Hidalgo,361299.830236,4220.72230833,50 a 72,3
2414.0,"19.4248850692,-99.1698368432",Muy Alto,Cuauhtémoc,268516.455831,3046.75104259,100,5
2428.0,"19.4311116859,-99.1126745674",Muy Alto,Venustiano Carranza,288056.125657,2247.27696862,100,5
2447.0,"19.1383433025,-99.204566686",Muy Bajo,Tlalpan,103373656.323,56977.9841258,0 a 25,1
2448.0,"19.1750845376,-99.1449152066",Muy Bajo,Tlalpan,12775400.5304,21203.0830783,0 a 25,1
2005.0,"19.4185766291,-99.1091235287",Muy Alto,Venustiano Carranza,41901.331338,927.892782992,100,5
2013.0,"19.4165046468,-99.1037503426",Muy Alto,Venustiano Carranza,153886.850271,1853.18246917,100,5
2019.0,"19.4168559534,-99.1520694463",Muy Alto,Cuauhtémoc,314454.65345,2394.95206534,100,5
2028.0,"19.5006683965,-99.1102549436",Bajo,Gustavo A. Madero,128905.073205,1710.56114137,26 a 49,2
2031.0,"19.4263985285,-99.1711469422",Muy Alto,Cuauhtémoc,268137.708445,3237.43021547,100,5
2043.0,"19.4098064077,-99.1609788383",Muy Alto,Cuauhtémoc,158015.833077,1896.22115021,100,5
2046.0,"19.4601296271,-99.1407144319",Muy Alto,Cuauhtémoc,481343.657524,3451.39924904,100,5
2063.0,"19.3751647154,-99.1692827113",Muy Alto,Benito Juárez,277193.401688,2499.60585822,100,5
2138.0,"19.4730892083,-99.1421035292",Muy Alto,Gustavo A. Madero,248465.238897,2734.21887611,100,5
2154.0,"19.3958945761,-99.1090357676",Muy Alto,Iztacalco,99024.6436687,1292.60225427,100,5
2155.0,"19.5639673373,-99.1335094756",Bajo,Gustavo A. Madero,221370.069296,2377.34527919,26 a 49,2
2166.0,"19.383281897,-99.1288673154",Muy Alto,Iztacalco,222491.157958,2069.30796292,100,5
2174.0,"19.4843818476,-99.1012129683",Muy Alto,Gustavo A. Madero,125737.382994,1796.65979249,100,5
2226.0,"19.4091261685,-99.1629469581",Muy Alto,Cuauhtémoc,135832.942177,1758.45997501,100,5
2243.0,"19.5228166649,-99.1678551529",Alto,Gustavo A. Madero,215716.54704,1880.00806923,73 a 99,4
2250.0,"19.4057519237,-99.1740683274",Muy Alto,Cuauhtémoc,164657.588923,1768.13431152,100,5
2251.0,"19.4112928102,-99.1765703821",Muy Alto,Cuauhtémoc,207245.996496,1852.79740834,100,5
2257.0,"19.5619317269,-99.1388151857",Muy Bajo,Gustavo A. Madero,286868.419212,3176.7962228,0 a 25,1
2265.0,"19.4101228598,-99.1189220115",Muy Alto,Venustiano Carranza,207915.592588,2370.09876166,100,5
2316.0,"19.4381081155,-99.0902763239",Muy Alto,Venustiano Carranza,250819.257801,2279.27261687,100,5
2318.0,"19.4009818575,-99.1798165026",Muy Alto,Miguel Hidalgo,334458.993453,2826.5146095,100,5
2335.0,"19.416155364,-99.1066905252",Muy Alto,Venustiano Carranza,119752.6571,1855.8022458,100,5
2356.0,"19.4260311449,-99.0572890395",Alto,Venustiano Carranza,192685.289424,3403.26797699,73 a 99,4
2365.0,"19.4410925816,-99.1258143097",Muy Alto,Cuauhtémoc,225417.867466,2775.47213915,100,5
2366.0,"19.4361522085,-99.1263593043",Muy Alto,Cuauhtémoc,185869.515365,1934.85855954,100,5
2372.0,"19.4102611747,-99.1001961443",Muy Alto,Venustiano Carranza,74888.1577709,1328.83014329,100,5
2376.0,"19.4155248816,-99.1183540045",Muy Alto,Venustiano Carranza,217995.608698,2093.90650553,100,5
2378.0,"19.4085707248,-99.0798897785",Muy Alto,Venustiano Carranza,179369.638701,1769.09010201,100,5
2434.0,"19.2044323352,-99.0725261813",Muy Bajo,Milpa Alta,8173222.04523,28275.800953,0 a 25,1
2451.0,"19.2092634214,-99.1772568303",Muy Bajo,Tlalpan,18099483.4295,41596.906331,0 a 25,1
530.0,"19.3505611828,-99.2262889301",Muy Bajo,Álvaro Obregón,309850.416691,3536.18539962,0 a 25,1
539.0,"19.3749281782,-99.2286150678",Muy Bajo,Álvaro Obregón,272630.734421,3060.27397269,0 a 25,1
560.0,"19.2554012069,-99.1786564653",Muy Bajo,Tlalpan,597934.742818,4752.19807696,0 a 25,1
591.0,"19.3734833309,-99.0531053615",Muy Alto,Iztapalapa,11058.7541025,423.831243457,100,5
596.0,"19.3266050682,-98.9777603311",Muy Bajo,Iztapalapa,249941.36063,3232.75164383,0 a 25,1
604.0,"19.1873424362,-99.0178639799",Muy Bajo,Milpa Alta,536748.320446,3523.66635066,0 a 25,1
610.0,"19.3756134068,-99.0583599783",Muy Alto,Iztapalapa,23654.6790259,615.687885775,100,5
621.0,"19.3654229335,-99.207893495",Muy Bajo,Álvaro Obregón,356321.77185,4696.97643249,0 a 25,1
650.0,"19.3634940344,-99.1238332003",Muy Alto,Iztapalapa,113316.098236,1371.44083185,100,5
670.0,"19.3289320618,-99.0498858222",Muy Alto,Iztapalapa,154928.806065,1920.35325171,100,5
679.0,"19.3871970603,-99.0490309932",Muy Alto,Iztapalapa,73136.5161413,1080.8512077,100,5
705.0,"19.3711591949,-99.1063567028",Muy Alto,Iztapalapa,154644.966424,1579.5332765,100,5
707.0,"19.3302314856,-99.0395022885",Muy Alto,Iztapalapa,229925.076915,3417.87545054,100,5
726.0,"19.2909360429,-99.0648829416",Muy Alto,Iztapalapa,112977.637019,1556.74758869,100,5
728.0,"19.3782721214,-99.0522221471",Muy Alto,Iztapalapa,64019.3053305,1554.14971796,100,5
738.0,"19.3342693633,-99.0540363272",Muy Alto,Iztapalapa,168285.77251,1845.50772399,100,5
745.0,"19.3956151295,-99.1065438163",Muy Alto,Iztacalco,103200.714094,1365.00631113,100,5
750.0,"19.2930562934,-99.0723995839",Muy Alto,Iztapalapa,201284.444619,2524.9674265,100,5
773.0,"19.3789038379,-99.1269985213",Muy Alto,Iztacalco,142222.339098,2110.29535343,100,5
777.0,"19.390658948,-99.0383904486",Muy Alto,Iztapalapa,37323.7690322,791.079331625,100,5
790.0,"19.3729823402,-99.0550439581",Muy Alto,Iztapalapa,10687.7948629,421.310261815,100,5
801.0,"19.3560901666,-99.2266615256",Muy Bajo,Álvaro Obregón,791608.743105,6621.53919155,0 a 25,1
820.0,"19.2215350475,-98.9979243176",Bajo,Milpa Alta,1085487.43508,6540.26571758,26 a 49,2
864.0,"19.3121662447,-99.0924778448",Muy Alto,Iztapalapa,95471.4259151,1907.45950937,100,5
876.0,"19.335808539,-99.0777388568",Muy Alto,Iztapalapa,494746.885531,2872.18835144,100,5
885.0,"19.2114390205,-99.2188832751",Muy Bajo,Tlalpan,315922.403705,4143.49200134,0 a 25,1
898.0,"19.3592218638,-99.1255932466",Muy Alto,Iztapalapa,200770.535787,2789.35605009,100,5
915.0,"19.3489381487,-99.0991374652",Bajo,Iztapalapa,190833.73531,2125.82043531,26 a 49,2
924.0,"19.2981484682,-99.0747820291",Muy Alto,Iztapalapa,214252.89423,2178.07382063,100,5
955.0,"19.3716225507,-99.1284978609",Muy Alto,Iztapalapa,341189.632623,2997.44560897,100,5
972.0,"19.340915227,-99.0558279173",Muy Alto,Iztapalapa,242609.291035,2653.73361411,100,5
976.0,"19.3900536226,-99.0822399661",Muy Alto,Iztapalapa,157728.921859,1724.54838372,100,5
980.0,"19.3534836222,-99.0041694617",Bajo,Iztapalapa,341103.558423,3928.14368723,26 a 49,2
982.0,"19.347570685,-98.9928369521",Muy Bajo,Iztapalapa,195689.292651,2470.96030288,0 a 25,1
988.0,"19.3251115122,-99.0615113111",Muy Alto,Iztapalapa,60734.8942552,1004.6777385,100,5
522.0,"19.3845521345,-99.2008520085",Muy Bajo,Álvaro Obregón,133693.255959,1493.92530645,0 a 25,1
537.0,"19.3701767635,-99.2167896066",Muy Bajo,Álvaro Obregón,309394.754585,3069.99537642,0 a 25,1
539.0,"19.3749281782,-99.2286150678",Muy Bajo,Álvaro Obregón,272630.734421,3060.27397269,0 a 25,1
550.0,"19.4010967458,-99.1999204318",Muy Bajo,Álvaro Obregón,130413.435252,1711.94050669,0 a 25,1
600.0,"19.3630045343,-99.2451131655",Muy Bajo,Álvaro Obregón,235262.804236,2972.11717624,0 a 25,1
603.0,"19.1917416525,-99.0230159027",Muy Bajo,Milpa Alta,761577.3201,6241.67841997,0 a 25,1
607.0,"19.3872800722,-99.0584771871",Muy Alto,Iztapalapa,139526.100174,1496.83379108,100,5
608.0,"19.3854337568,-99.0547669865",Muy Alto,Iztapalapa,129996.604993,1578.04046155,100,5
615.0,"19.3402163733,-98.9777232183",Muy Bajo,Iztapalapa,58855.0009684,1314.68001279,0 a 25,1
619.0,"19.3620406456,-99.2410714541",Muy Bajo,Álvaro Obregón,140733.625189,1970.98609106,0 a 25,1
620.0,"19.3634063777,-99.2172771273",Muy Bajo,Álvaro Obregón,320850.333891,3557.00327094,0 a 25,1
623.0,"19.1979132107,-99.0291819967",Muy Bajo,Milpa Alta,997671.330751,5159.38600577,0 a 25,1
624.0,"19.187686853,-99.0293996692",Muy Bajo,Milpa Alta,942725.357286,5383.76313811,0 a 25,1
633.0,"19.3332721797,-98.9732705511",Muy Bajo,Iztapalapa,418424.560158,3005.24039725,0 a 25,1
656.0,"19.3669779424,-99.2166223013",Muy Bajo,Álvaro Obregón,350210.639469,5526.79634307,0 a 25,1
663.0,"19.3119571291,-99.2521485091",Muy Bajo,La Magdalena Contreras,132905.928887,1770.71363113,0 a 25,1
664.0,"19.3100826586,-99.2559743409",Bajo,La Magdalena Contreras,500513.40912,3326.6418698,26 a 49,2
665.0,"19.3673279925,-99.1235083586",Muy Alto,Iztapalapa,92707.7278496,1391.512522,100,5
666.0,"19.3665871269,-99.1206775705",Muy Alto,Iztapalapa,233348.741023,2534.6177032,100,5
671.0,"19.3319779167,-99.0487370789",Muy Alto,Iztapalapa,230792.513549,2116.1629489,100,5
682.0,"19.3538853323,-99.0998231427",Alto,Iztapalapa,234501.294949,2543.37039746,73 a 99,4
686.0,"19.4087616351,-99.0712510509",Muy Alto,Iztacalco,205101.893965,1936.35509707,100,5
700.0,"19.3391808703,-98.979174428",Muy Bajo,Iztapalapa,137717.142268,2196.49204792,0 a 25,1
704.0,"19.3747552905,-99.1045378548",Muy Alto,Iztapalapa,276458.835647,2283.39726315,100,5
710.0,"19.3478463479,-99.0233364051",Muy Alto,Iztapalapa,563217.43609,3249.09281034,100,5
724.0,"19.3257322881,-99.0938831887",Alto,Iztapalapa,481645.809462,3179.23904466,73 a 99,4
738.0,"19.3342693633,-99.0540363272",Muy Alto,Iztapalapa,168285.77251,1845.50772399,100,5
755.0,"19.3738300769,-99.0079140803",Muy Alto,Iztapalapa,50342.6152522,904.524408167,100,5
762.0,"19.3822348351,-99.0538392514",Muy Alto,Iztapalapa,68788.7348901,1328.59306752,100,5
767.0,"19.314296553,-99.0880121761",Muy Alto,Iztapalapa,65875.2729489,1042.02617974,100,5
815.0,"19.3424259739,-99.0740788952",Muy Alto,Iztapalapa,361328.903951,3287.15510886,100,5
827.0,"19.3848094103,-99.1023348445",Muy Alto,Iztacalco,105996.375698,1315.95802538,100,5
828.0,"19.3945918573,-99.0933062914",Muy Alto,Iztacalco,108832.574784,1564.22610689,100,5
856.0,"19.3600205479,-99.0553050144",Muy Alto,Iztapalapa,278523.397073,2161.81716674,100,5
857.0,"19.3613715385,-99.0731243865",Muy Alto,Iztapalapa,387899.453161,2947.11914408,100,5
862.0,"19.3350040878,-99.0214472434",Muy Bajo,Iztapalapa,204376.495623,2433.66380474,0 a 25,1
877.0,"19.3502145272,-99.0960935149",Muy Bajo,Iztapalapa,173241.273875,2008.38674251,0 a 25,1
894.0,"19.3487555135,-99.0664455492",Muy Alto,Iztapalapa,180374.622904,1983.81401554,100,5
909.0,"19.3475440253,-99.0746157238",Muy Alto,Iztapalapa,246770.55407,2868.46268836,100,5
927.0,"19.2923646528,-99.0688584912",Muy Alto,Iztapalapa,105373.548631,1634.26987895,100,5
931.0,"19.388301053,-99.0648133245",Muy Alto,Iztacalco,198781.706678,2040.64186718,100,5
947.0,"19.3176424844,-99.0410788623",Alto,Iztapalapa,75528.4565431,1331.33522703,73 a 99,4
949.0,"19.371207349,-99.0499795598",Muy Alto,Iztapalapa,91890.671405,1230.08083822,100,5
952.0,"19.3423481844,-99.1058065851",Alto,Iztapalapa,179264.724522,2643.21174473,73 a 99,4
991.0,"19.3349320125,-99.0576204936",Muy Alto,Iztapalapa,136670.316017,1989.03939416,100,5
994.0,"19.3401530809,-99.0419850561",Muy Alto,Iztapalapa,274561.505827,2177.24747364,100,5
8.0,"19.3834194777,-99.1736658848",Muy Alto,Benito Juárez,152424.999343,1888.2409652,100,5
12.0,"19.3867775197,-99.1794146708",Alto,Benito Juárez,159743.594,1937.90223897,73 a 99,4
36.0,"19.2357215077,-99.1120000813",Muy Bajo,Xochimilco,126699.411191,1527.86933961,0 a 25,1
68.0,"19.3796882436,-99.1424823068",Muy Alto,Benito Juárez,182431.17049,1914.02014248,100,5
69.0,"19.3782910037,-99.1379507475",Muy Alto,Benito Juárez,157838.905246,1652.63514203,100,5
89.0,"19.3864207169,-99.1502515441",Muy Alto,Benito Juárez,271395.742928,2332.2228682,100,5
112.0,"19.2587553193,-99.1069573294",Muy Alto,Xochimilco,258083.3778,2443.10247328,100,5
116.0,"19.3923820189,-99.1355260449",Muy Alto,Benito Juárez,125468.547134,1726.71942925,100,5
117.0,"19.3968511136,-99.1324927771",Muy Alto,Benito Juárez,132146.044995,1492.71999669,100,5
217.0,"19.2416913563,-99.0898393774",Muy Bajo,Xochimilco,696725.32462,4017.18506575,0 a 25,1
255.0,"19.2752554444,-98.9943823587",Muy Alto,Tláhuac,153875.666013,1582.33271795,100,5
269.0,"19.3230392108,-99.2402845521",Muy Bajo,La Magdalena Contreras,138059.911092,1562.57257146,0 a 25,1
270.0,"19.3257800334,-99.2310773043",Muy Bajo,La Magdalena Contreras,855615.41504,4611.94845126,0 a 25,1
275.0,"19.3759551846,-99.2583147309",Muy Bajo,Álvaro Obregón,1419898.08389,9730.8615202,0 a 25,1
278.0,"19.2441516227,-99.1441136926",Muy Bajo,Tlalpan,479335.575879,3829.10749973,0 a 25,1
284.0,"19.3141131043,-99.2326680875",Muy Bajo,La Magdalena Contreras,441459.558495,3236.85076086,0 a 25,1
288.0,"19.3717238851,-99.008023964",Muy Alto,Iztapalapa,94453.3164316,1270.26578598,100,5
311.0,"19.3960004407,-99.2169276338",Muy Bajo,Álvaro Obregón,452299.466118,3235.55771865,0 a 25,1
326.0,"19.3933687069,-99.2035452412",Muy Bajo,Álvaro Obregón,43866.4204799,863.840551644,0 a 25,1
335.0,"19.285267627,-99.1710870363",Muy Bajo,Tlalpan,336119.667513,3150.39529669,0 a 25,1
342.0,"19.3572945808,-99.0905915192",Medio,Iztapalapa,128253.972325,1745.17326306,50 a 72,3
370.0,"19.1370042594,-99.1760935344",Muy Bajo,Tlalpan,658494.769101,5510.95074032,0 a 25,1
386.0,"19.2995617411,-99.1882227381",Muy Bajo,Tlalpan,106374.49233,1558.32136758,0 a 25,1
398.0,"19.3131759289,-99.0466413859",Muy Alto,Tláhuac,52308.1608174,940.058453755,100,5
413.0,"19.2867755832,-98.994797118",Muy Alto,Tláhuac,504313.931953,2977.40825592,100,5
456.0,"19.3954795507,-99.2083781579",Muy Bajo,Álvaro Obregón,193535.025035,2693.24973544,0 a 25,1
1004.0,"19.284916205,-99.1388638873",Muy Alto,Tlalpan,144888.03902,1575.05528482,100,5
1006.0,"19.2946636534,-99.1670730912",Bajo,Tlalpan,241311.141573,2258.40117252,26 a 49,2
1011.0,"19.3196846878,-99.0785447253",Muy Alto,Iztapalapa,341144.755264,2650.29458627,100,5
1027.0,"19.5081121211,-99.1486643761",Muy Alto,Gustavo A. Madero,913730.615126,5960.37169803,100,5
1074.0,"19.2751646085,-99.1480463027",Muy Bajo,Tlalpan,1610146.40992,7296.40305772,0 a 25,1
1090.0,"19.2530196527,-99.0795283804",Muy Alto,Xochimilco,238466.532892,2520.74941272,100,5
1103.0,"19.2134182192,-99.2229765389",Muy Bajo,Tlalpan,641031.824683,3976.2054374,0 a 25,1
1109.0,"19.3283590864,-99.0716233269",Muy Alto,Iztapalapa,151116.185571,1920.41315652,100,5
1114.0,"19.3007720798,-99.1218218832",Muy Alto,Tlalpan,319015.833665,2715.16361044,100,5
1117.0,"19.2969909092,-99.1042985486",Muy Alto,Tlalpan,68605.8167601,1543.37936818,100,5
1129.0,"19.4949629462,-99.1486655987",Muy Alto,Gustavo A. Madero,97217.024402,1377.28402996,100,5
1153.0,"19.3134703133,-99.0826182098",Muy Alto,Iztapalapa,350414.168587,2827.41661651,100,5
1157.0,"19.2020391967,-99.15559018",Muy Bajo,Tlalpan,1442846.59702,5666.99235642,0 a 25,1
1173.0,"19.3080915163,-99.2219277889",Muy Bajo,Tlalpan,186783.204628,2610.17570666,0 a 25,1
1180.0,"19.4913352529,-99.2118043199",Alto,Azcapotzalco,562941.730387,3139.90764407,73 a 99,4
1188.0,"19.4683431154,-99.0906749426",Muy Alto,Gustavo A. Madero,479855.656818,3038.21999967,100,5
1222.0,"19.4961308298,-99.1455779876",Muy Alto,Gustavo A. Madero,246702.832865,2537.91613943,100,5
1224.0,"19.4864705107,-99.0874781179",Muy Alto,Gustavo A. Madero,81305.7097603,1368.07353492,100,5
1227.0,"19.4849582076,-99.0690564507",Alto,Gustavo A. Madero,184737.165307,2169.66787543,73 a 99,4
1234.0,"19.4026012237,-99.1218089187",Muy Alto,Iztacalco,325932.618446,2413.19856095,100,5
1239.0,"19.51266961,-99.1366140131",Muy Alto,Gustavo A. Madero,302534.676435,2310.81714277,100,5
1264.0,"19.552584163,-99.1302038891",Muy Bajo,Gustavo A. Madero,160183.977327,1789.78683009,0 a 25,1
1270.0,"19.448572617,-99.0696136968",Muy Alto,Gustavo A. Madero,243097.858485,2179.29468326,100,5
1297.0,"19.3133896573,-99.1418882262",Muy Alto,Coyoacán,285177.247139,2746.62507709,100,5
1301.0,"19.3839341791,-99.2564751965",Muy Bajo,Cuajimalpa de Morelos,1580757.50177,8304.42200045,0 a 25,1
1302.0,"19.3239650369,-99.1438820271",Muy Alto,Coyoacán,561840.921246,4900.70156387,100,5
1318.0,"19.3482750917,-99.1706221624",Muy Alto,Coyoacán,385043.68463,2883.08547718,100,5
1321.0,"19.5407127075,-99.129822249",Muy Bajo,Gustavo A. Madero,469452.407464,3137.0127262,0 a 25,1
1343.0,"19.5548616662,-99.1275441746",Muy Bajo,Gustavo A. Madero,296750.578042,2836.85901455,0 a 25,1
1351.0,"19.5244792549,-99.1598091617",Muy Alto,Gustavo A. Madero,325043.350248,2739.95643798,100,5
1399.0,"19.5009715659,-99.09165273",Muy Alto,Gustavo A. Madero,234706.375098,2450.25701528,100,5
1418.0,"19.4711318407,-99.0752243308",Muy Alto,Gustavo A. Madero,275322.336222,2384.93863167,100,5
1557.0,"19.4688745665,-99.132853336",Muy Alto,Gustavo A. Madero,260343.119434,2370.42386648,100,5
1559.0,"19.341672764,-99.1617728001",Muy Alto,Coyoacán,648709.93212,4095.94557514,100,5
1565.0,"19.3441299609,-99.1825408639",Muy Bajo,Coyoacán,162605.470284,1820.1065341,0 a 25,1
1578.0,"19.4678996133,-99.0604849131",Alto,Gustavo A. Madero,210646.92571,2294.02411489,73 a 99,4
1632.0,"19.38742324,-99.041629994",Muy Alto,Iztapalapa,110611.089824,1679.82140425,100,5
1637.0,"19.3302078467,-99.2223196109",Muy Bajo,La Magdalena Contreras,421067.572977,3173.10448723,0 a 25,1
1662.0,"19.4865911214,-99.20995133",Alto,Azcapotzalco,364787.999528,3504.01831997,73 a 99,4
1666.0,"19.5100165458,-99.207901795",Alto,Azcapotzalco,180275.63652,1800.37178313,73 a 99,4
1671.0,"19.3191483764,-99.2242182477",Muy Bajo,La Magdalena Contreras,328808.654368,2627.7009637,0 a 25,1
1684.0,"19.3066658384,-99.2504001343",Bajo,La Magdalena Contreras,106332.972753,1667.9744933,26 a 49,2
1689.0,"19.2979322762,-99.2403062939",Muy Bajo,La Magdalena Contreras,887766.168155,5053.07197447,0 a 25,1
1705.0,"19.3573343224,-99.0798790081",Muy Alto,Iztapalapa,392251.823722,3082.10328808,100,5
1722.0,"19.3132357247,-99.1654920069",Muy Bajo,Coyoacán,619574.911367,3527.72460686,0 a 25,1
1727.0,"19.3868680663,-99.2067470133",Muy Bajo,Álvaro Obregón,268573.565554,4760.73645789,0 a 25,1
1746.0,"19.3195049448,-99.2356859422",Muy Bajo,La Magdalena Contreras,453132.603478,3253.78745228,0 a 25,1
1780.0,"19.35702538,-99.0638849161",Muy Alto,Iztapalapa,189464.755279,1971.96665992,100,5
1781.0,"19.3595582098,-99.0511900523",Muy Alto,Iztapalapa,274503.718041,2199.6896669,100,5
1806.0,"19.4221822706,-99.0971471546",Muy Alto,Venustiano Carranza,152597.966024,1695.07847475,100,5
1814.0,"19.4441800398,-99.0832316741",Alto,Venustiano Carranza,305100.971801,2978.99280938,73 a 99,4
1838.0,"19.4015846133,-99.1894568213",Muy Bajo,Miguel Hidalgo,507609.651912,4300.32799053,0 a 25,1
1869.0,"19.409592742,-99.0834515202",Muy Alto,Venustiano Carranza,174357.832633,1751.84114849,100,5
1916.0,"19.455079584,-99.1442901397",Muy Alto,Cuauhtémoc,41341.0554602,816.696957784,100,5
1924.0,"19.4426910713,-99.1568170397",Muy Alto,Cuauhtémoc,225968.832247,1903.17996808,100,5
1943.0,"19.444188789,-99.1152717975",Muy Alto,Venustiano Carranza,270144.335595,2488.98781387,100,5
1955.0,"19.4471251806,-99.1098930728",Muy Alto,Venustiano Carranza,89973.9375938,1227.35608895,100,5
1960.0,"19.4512582765,-99.1371477194",Muy Alto,Cuauhtémoc,98429.8431921,1385.49243926,100,5
1977.0,"19.4454107315,-99.1454834224",Muy Alto,Cuauhtémoc,205580.213839,1843.8980463,100,5
1983.0,"19.4279496409,-99.1213689178",Muy Alto,Venustiano Carranza,183094.541646,1870.59716015,100,5
1984.0,"19.4468183392,-99.0965151087",Muy Alto,Venustiano Carranza,208109.14667,1910.35819089,100,5
1990.0,"19.4685701741,-99.18036772",Muy Alto,Azcapotzalco,256812.163543,2205.84864982,100,5
2039.0,"19.429515784,-99.1542894625",Muy Alto,Cuauhtémoc,320495.788956,3027.5534389,100,5
2047.0,"19.4116803173,-99.1300593466",Muy Alto,Cuauhtémoc,202360.644791,2190.99276103,100,5
2058.0,"19.4104999251,-99.1343767635",Muy Alto,Cuauhtémoc,111518.72372,1485.44474344,100,5
2061.0,"19.3692590235,-99.1617673842",Muy Alto,Benito Juárez,204138.915922,2968.47955612,100,5
2086.0,"19.3868448605,-99.1134469709",Muy Alto,Iztacalco,124790.327198,1493.05425183,100,5
2092.0,"19.4061662387,-99.1000382309",Muy Alto,Iztacalco,317065.642831,2517.55882765,100,5
2120.0,"19.5082609946,-99.092836682",Alto,Gustavo A. Madero,134347.548802,1520.13803523,73 a 99,4
2154.0,"19.3958945761,-99.1090357676",Muy Alto,Iztacalco,99024.6436687,1292.60225427,100,5
2160.0,"19.4509636834,-99.0755655232",Muy Alto,Gustavo A. Madero,279455.658593,2364.00291494,100,5
2166.0,"19.383281897,-99.1288673154",Muy Alto,Iztacalco,222491.157958,2069.30796292,100,5
2175.0,"19.4841230837,-99.1036792799",Muy Alto,Gustavo A. Madero,144228.24984,1769.43372577,100,5
2181.0,"19.4246094075,-99.1292940458",Muy Alto,Cuauhtémoc,221512.799326,2118.16021205,100,5
2182.0,"19.4282198413,-99.1306921095",Muy Alto,Cuauhtémoc,215700.999641,1886.71116162,100,5
2185.0,"19.4341091056,-99.1385256414",Muy Alto,Cuauhtémoc,178385.280189,1711.06323227,100,5
2189.0,"19.5219507748,-99.1365453967",Bajo,Gustavo A. Madero,113968.181174,1596.07030994,26 a 49,2
2191.0,"19.5012148983,-99.076717098",Alto,Gustavo A. Madero,273484.193219,2099.5969597,73 a 99,4
2193.0,"19.4713632997,-99.0835371626",Muy Alto,Gustavo A. Madero,175357.639316,2418.57485828,100,5
2203.0,"19.4988294562,-99.1302504565",Muy Alto,Gustavo A. Madero,329191.218031,3408.67785372,100,5
2204.0,"19.465458542,-99.1221938875",Muy Alto,Gustavo A. Madero,194455.036392,1781.9646152,100,5
2212.0,"19.4963702979,-99.0665244808",Alto,Gustavo A. Madero,213525.060797,2090.25314646,73 a 99,4
2233.0,"19.3954860145,-99.1041299815",Muy Alto,Iztacalco,91354.4339353,1267.79917772,100,5
2281.0,"19.4191977778,-99.0980456473",Muy Alto,Venustiano Carranza,90359.7829511,1331.58485273,100,5
2293.0,"19.4397468868,-99.1169825718",Muy Alto,Venustiano Carranza,245535.963092,3259.69402042,100,5
2323.0,"19.4518563355,-99.1124977237",Muy Alto,Venustiano Carranza,329848.756305,2440.18643807,100,5
2332.0,"19.4325068009,-99.1038484671",Muy Alto,Venustiano Carranza,179556.077861,2046.77014119,100,5
2335.0,"19.416155364,-99.1066905252",Muy Alto,Venustiano Carranza,119752.6571,1855.8022458,100,5
2351.0,"19.4323627626,-99.2125838964",Muy Bajo,Miguel Hidalgo,305380.215568,2744.41705623,0 a 25,1
2370.0,"19.4283486755,-99.1729611391",Muy Alto,Cuauhtémoc,221640.834208,2293.68446079,100,5
2395.0,"19.4210946165,-99.1358534282",Muy Alto,Cuauhtémoc,280301.667709,2168.44611101,100,5
2400.0,"19.4145781236,-99.0784477618",Muy Alto,Venustiano Carranza,200873.519168,2171.50663595,100,5
2406.0,"19.4052674632,-99.198902382",Muy Bajo,Miguel Hidalgo,236483.367772,2269.47986661,0 a 25,1
2417.0,"19.4533390392,-99.2057041521",Bajo,Miguel Hidalgo,384222.694376,3404.80520065,26 a 49,2
43.0,"19.2608542992,-99.0598933026",Alto,Xochimilco,113983.796839,1653.40596598,73 a 99,4
97.0,"19.3010904856,-99.0960794566",Muy Alto,Xochimilco,3171486.8043,9228.91187152,100,5
104.0,"19.3835797456,-99.1368496056",Muy Alto,Benito Juárez,159759.018904,1696.14032446,100,5
124.0,"19.2707448092,-99.2477395476",Muy Bajo,La Magdalena Contreras,681039.898596,3698.07919918,0 a 25,1
136.0,"19.2895469884,-99.0572551819",Muy Alto,Tláhuac,174012.069808,2116.28755195,100,5
161.0,"19.2805423109,-99.1127835568",Muy Alto,Xochimilco,116137.413924,1509.04785101,100,5
206.0,"19.2990461165,-99.1329720872",Muy Alto,Tlalpan,254362.272467,2125.72125509,100,5
208.0,"19.2972980117,-99.1179093656",Muy Alto,Tlalpan,84076.5868074,1266.6502679,100,5
210.0,"19.287483428,-99.2174453685",Muy Bajo,Tlalpan,347677.488537,2477.90417797,0 a 25,1
220.0,"19.2803374333,-99.2412151037",Muy Bajo,Tlalpan,297490.907749,2723.42701811,0 a 25,1
221.0,"19.2888682616,-99.1833992412",Muy Bajo,Tlalpan,252220.145515,2782.7529987,0 a 25,1
225.0,"19.2640811169,-99.0183384638",Alto,Tláhuac,1016154.65843,5271.97192101,73 a 99,4
271.0,"19.3805931863,-99.0354279835",Muy Alto,Iztapalapa,43090.810177,1270.4861458,100,5
328.0,"19.2782865605,-98.993918721",Alto,Tláhuac,147841.797564,1552.05393725,73 a 99,4
329.0,"19.2822414569,-98.9954726529",Alto,Tláhuac,460870.183744,2865.7970687,73 a 99,4
336.0,"19.326520645,-99.207694274",Muy Bajo,Álvaro Obregón,1386263.86726,5104.89489747,0 a 25,1
342.0,"19.3572945808,-99.0905915192",Medio,Iztapalapa,128253.972325,1745.17326306,50 a 72,3
354.0,"19.2365382606,-99.0954473847",Muy Bajo,Xochimilco,648324.922262,3913.65331121,0 a 25,1
356.0,"19.2889854812,-99.1248207893",Muy Alto,Tlalpan,47630.6455029,886.471730382,100,5
416.0,"19.355624198,-99.2073820988",Muy Bajo,Álvaro Obregón,265785.688235,2964.86872675,0 a 25,1
440.0,"19.3597148483,-99.2010020633",Muy Bajo,Álvaro Obregón,472477.814796,3419.55584063,0 a 25,1
481.0,"19.3928760212,-99.1960029806",Muy Bajo,Álvaro Obregón,326495.66308,3037.73882235,0 a 25,1
484.0,"19.2317516018,-99.1741539984",Muy Bajo,Tlalpan,1376269.7669,6847.77098193,0 a 25,1
5.0,"19.3940021412,-99.1346601622",Muy Alto,Benito Juárez,123522.838236,1794.42953695,100,5
9.0,"19.2544657488,-99.0722615538",Alto,Xochimilco,726107.19297,4849.0299378,73 a 99,4
28.0,"19.2321054762,-99.0913349157",Muy Bajo,Xochimilco,150087.659958,2067.2907035,0 a 25,1
31.0,"19.3905750675,-99.144452701",Muy Alto,Benito Juárez,202062.408324,2113.71385722,100,5
43.0,"19.2608542992,-99.0598933026",Alto,Xochimilco,113983.796839,1653.40596598,73 a 99,4
47.0,"19.3761554664,-99.1512234501",Muy Alto,Benito Juárez,377818.190981,2670.66342485,100,5
90.0,"19.391098048,-99.1550370736",Muy Alto,Benito Juárez,398653.607375,2609.193045,100,5
106.0,"19.2584622354,-99.1206817076",Muy Alto,Xochimilco,46474.0831754,891.432783477,100,5
123.0,"19.3975166578,-99.2039352106",Muy Bajo,Álvaro Obregón,288017.170839,3017.86135664,0 a 25,1
125.0,"19.3106758397,-99.2293968328",Bajo,La Magdalena Contreras,285429.699225,2755.00800693,26 a 49,2
149.0,"19.2708791397,-99.1032964342",Muy Alto,Xochimilco,168118.133051,1913.59004796,100,5
182.0,"19.2501363288,-99.0250104209",Muy Bajo,Xochimilco,642972.806631,3820.273215,0 a 25,1
192.0,"19.2717657701,-99.2335767603",Muy Bajo,Tlalpan,277634.598997,2375.74147814,0 a 25,1
203.0,"19.2489532767,-99.0966847121",Alto,Xochimilco,388138.674091,4336.41617023,73 a 99,4
205.0,"19.2743171889,-99.1598802949",Bajo,Tlalpan,118347.612203,1477.92294678,26 a 49,2
240.0,"19.3669786438,-99.2479932975",Muy Bajo,Álvaro Obregón,243574.590106,3481.72210063,0 a 25,1
253.0,"19.2807575203,-99.0340147496",Alto,Tláhuac,289123.417958,2316.36875133,73 a 99,4
262.0,"19.3824383468,-99.2240115662",Muy Bajo,Álvaro Obregón,74748.9082906,1503.63519369,0 a 25,1
293.0,"19.3425961172,-99.2178473887",Muy Bajo,Álvaro Obregón,1299223.35485,5572.25719427,0 a 25,1
315.0,"19.3291565868,-99.247934822",Muy Bajo,Álvaro Obregón,234699.54051,2343.33037593,0 a 25,1
327.0,"19.2904907708,-99.03863972",Muy Alto,Tláhuac,282236.563441,2150.62064381,100,5
334.0,"19.2908067957,-99.1688830304",Muy Bajo,Tlalpan,481010.567715,3408.88260601,0 a 25,1
345.0,"19.3266175055,-99.0723481498",Muy Alto,Iztapalapa,124843.734139,1661.45829152,100,5
351.0,"19.2793396864,-99.2055553223",Muy Bajo,Tlalpan,331818.064803,2871.98885307,0 a 25,1
354.0,"19.2365382606,-99.0954473847",Muy Bajo,Xochimilco,648324.922262,3913.65331121,0 a 25,1
387.0,"19.2348668559,-99.1631449693",Muy Bajo,Tlalpan,458892.326108,4349.01567212,0 a 25,1
411.0,"19.2884168792,-99.03269649",Medio,Tláhuac,256316.43738,2238.40476776,50 a 72,3
446.0,"19.2756600931,-99.2413152",Muy Bajo,Tlalpan,399566.462579,3946.56087874,0 a 25,1
450.0,"19.2803068959,-99.044693749",Muy Alto,Tláhuac,1509763.23393,5159.55345181,100,5
469.0,"19.2960286894,-99.048426388",Muy Alto,Tláhuac,287953.750576,2756.6266714,100,5
487.0,"19.3023207966,-99.0431017862",Muy Alto,Tláhuac,140747.18162,1841.6299738,100,5
500.0,"19.2295792736,-99.1631074102",Muy Bajo,Tlalpan,321067.864612,3071.2368421,0 a 25,1
501.0,"19.2950986485,-99.1217261557",Muy Alto,Tlalpan,355764.620926,2857.48087057,100,5
515.0,"19.2720508045,-98.9946620318",Alto,Tláhuac,155320.450418,1627.27049973,73 a 99,4
523.0,"19.3953327111,-99.1994179665",Muy Bajo,Álvaro Obregón,317434.292644,2569.50742617,0 a 25,1
548.0,"19.3016878256,-99.06179983",Muy Alto,Tláhuac,395016.198102,3006.23206568,100,5
579.0,"19.3381742819,-99.0201675836",Muy Bajo,Iztapalapa,163953.294022,2216.65383176,0 a 25,1
590.0,"19.3412628194,-99.1048178658",Bajo,Iztapalapa,118885.671754,1590.29520622,26 a 49,2
599.0,"19.3523839027,-99.241269304",Muy Bajo,Álvaro Obregón,221524.461745,2328.76205787,0 a 25,1
602.0,"19.1959865173,-99.0338886138",Muy Bajo,Milpa Alta,168602.453225,2117.79148695,0 a 25,1
633.0,"19.3332721797,-98.9732705511",Muy Bajo,Iztapalapa,418424.560158,3005.24039725,0 a 25,1
656.0,"19.3669779424,-99.2166223013",Muy Bajo,Álvaro Obregón,350210.639469,5526.79634307,0 a 25,1
665.0,"19.3673279925,-99.1235083586",Muy Alto,Iztapalapa,92707.7278496,1391.512522,100,5
668.0,"19.3714954913,-99.121596216",Muy Alto,Iztapalapa,89903.8363178,1284.56770889,100,5
689.0,"19.3988499893,-99.0693873466",Muy Alto,Iztacalco,228158.917368,2129.95613876,100,5
724.0,"19.3257322881,-99.0938831887",Alto,Iztapalapa,481645.809462,3179.23904466,73 a 99,4
766.0,"19.3688119645,-99.0532150522",Muy Alto,Iztapalapa,597067.147426,3977.62304438,100,5
775.0,"19.3792905891,-99.1331045928",Muy Alto,Iztacalco,185571.428134,1973.35369724,100,5
779.0,"19.3697853576,-99.0444017285",Muy Alto,Iztapalapa,320198.712243,2834.76919184,100,5
791.0,"19.3823495342,-99.0702661962",Muy Alto,Iztapalapa,365979.023644,2980.95478425,100,5
796.0,"19.3530305201,-99.0208123006",Muy Alto,Iztapalapa,407647.507027,2774.51492275,100,5
833.0,"19.3253968115,-99.2482605071",Muy Bajo,La Magdalena Contreras,259830.243563,2690.15166786,0 a 25,1
835.0,"19.3231718899,-99.0234580857",Muy Bajo,Iztapalapa,542540.966558,3511.96278189,0 a 25,1
837.0,"19.2132379701,-98.9868829492",Alto,Milpa Alta,873442.960614,6424.93876922,73 a 99,4
845.0,"19.3750719015,-99.0569685015",Muy Alto,Iztapalapa,14792.7833766,602.062928555,100,5
863.0,"19.3387239165,-99.0118651775",Muy Bajo,Iztapalapa,169236.904938,3173.72158508,0 a 25,1
867.0,"19.3186413541,-99.0858034644",Muy Alto,Iztapalapa,196949.124769,1914.64204468,100,5
874.0,"19.3788807765,-99.057615459",Muy Alto,Iztapalapa,334787.926904,3578.80978286,100,5
875.0,"19.3316237361,-99.0892253687",Muy Bajo,Iztapalapa,198098.040003,2840.3913737,0 a 25,1
926.0,"19.2891289873,-99.0709199054",Muy Alto,Iztapalapa,49338.8409422,885.630054471,100,5
928.0,"19.3231776863,-99.0737475252",Muy Alto,Iztapalapa,241546.211391,2363.02101146,100,5
943.0,"19.3429606635,-98.9967025827",Muy Bajo,Iztapalapa,194394.990563,1951.73451062,0 a 25,1
971.0,"19.351239164,-99.0548831289",Muy Alto,Iztapalapa,74213.1262954,1246.43517169,100,5
984.0,"19.3256208231,-99.0486371755",Muy Alto,Iztapalapa,118590.928267,1536.65149318,100,5
987.0,"19.3253349527,-99.0596817559",Muy Alto,Iztapalapa,137924.644694,1860.01420331,100,5
991.0,"19.3349320125,-99.0576204936",Muy Alto,Iztapalapa,136670.316017,1989.03939416,100,5
528.0,"19.3512423994,-99.21116987",Muy Bajo,Álvaro Obregón,1050325.00065,5046.931934,0 a 25,1
548.0,"19.3016878256,-99.06179983",Muy Alto,Tláhuac,395016.198102,3006.23206568,100,5
571.0,"19.3029281745,-99.0840121397",Muy Alto,Iztapalapa,182727.387291,1921.67498003,100,5
573.0,"19.294878689,-99.0761487368",Alto,Iztapalapa,189709.203531,1770.38973255,73 a 99,4
591.0,"19.3734833309,-99.0531053615",Muy Alto,Iztapalapa,11058.7541025,423.831243457,100,5
606.0,"19.2028355039,-99.0173156194",Muy Bajo,Milpa Alta,164881.977131,1745.1227292,0 a 25,1
614.0,"19.343876138,-98.986133158",Muy Bajo,Iztapalapa,140708.976579,1663.39780134,0 a 25,1
627.0,"19.3744125981,-99.0579200778",Muy Alto,Iztapalapa,19665.8071775,572.343094287,100,5
642.0,"19.306009675,-99.2457621714",Muy Bajo,La Magdalena Contreras,502669.11977,3918.18636412,0 a 25,1
643.0,"19.3324466964,-99.2172184213",Muy Bajo,La Magdalena Contreras,42883.0471507,851.983692368,0 a 25,1
646.0,"19.3690825231,-99.0717148153",Muy Alto,Iztapalapa,331792.278405,2687.61336941,100,5
658.0,"19.3716527574,-99.2095351716",Muy Bajo,Álvaro Obregón,113868.602518,1939.33372985,0 a 25,1
668.0,"19.3714954913,-99.121596216",Muy Alto,Iztapalapa,89903.8363178,1284.56770889,100,5
680.0,"19.3619965067,-99.1077182541",Muy Alto,Iztapalapa,648205.582496,3600.41936076,100,5
706.0,"19.3824491194,-99.0519078311",Muy Alto,Iztapalapa,69836.2715772,1340.43091271,100,5
716.0,"19.3529925422,-99.10897506",Muy Alto,Iztapalapa,239508.571676,2130.1456771,100,5
720.0,"19.401021698,-99.1101603403",Muy Alto,Iztacalco,530003.010641,3001.57261167,100,5
733.0,"19.3524995733,-99.0726451565",Muy Alto,Iztapalapa,342083.545912,3118.03256074,100,5
734.0,"19.3549449416,-99.080867841",Muy Alto,Iztapalapa,275219.90271,3014.18684089,100,5
792.0,"19.3852036278,-99.072539387",Muy Alto,Iztapalapa,206814.360523,2431.6576774,100,5
801.0,"19.3560901666,-99.2266615256",Muy Bajo,Álvaro Obregón,791608.743105,6621.53919155,0 a 25,1
807.0,"19.2874611068,-99.0689548188",Muy Alto,Iztapalapa,91482.9310604,1348.49663401,100,5
819.0,"19.206591927,-99.0688543154",Muy Bajo,Milpa Alta,1310591.85463,7908.25464328,0 a 25,1
830.0,"19.3807676457,-99.0980298146",Muy Alto,Iztacalco,46465.3567057,1043.85543104,100,5
831.0,"19.4165483728,-99.0629907556",Muy Alto,Iztacalco,213692.529515,2581.48951491,100,5
850.0,"19.3422887832,-99.0301237294",Muy Alto,Iztapalapa,273396.927064,2483.42393832,100,5
960.0,"19.3362888359,-98.9965108183",Muy Bajo,Iztapalapa,171557.797028,2325.92046099,0 a 25,1
974.0,"19.371398945,-99.1129596713",Muy Alto,Iztapalapa,345571.903556,3191.5465115,100,5
1508.0,"19.3406248749,-99.1303331157",Muy Alto,Coyoacán,298439.755141,3333.62721239,100,5
1510.0,"19.3082323636,-99.1714075268",Muy Bajo,Coyoacán,89962.5710392,1712.29501478,0 a 25,1
1511.0,"19.3164402726,-99.1094243036",Muy Alto,Coyoacán,108050.038569,1460.69221322,100,5
1533.0,"19.475975653,-99.1489604037",Muy Alto,Azcapotzalco,262410.301486,2426.09697607,100,5
1534.0,"19.4837135538,-99.1605384039",Muy Alto,Azcapotzalco,1928335.32941,6847.79528,100,5
1539.0,"19.5237381583,-99.1497180865",Alto,Gustavo A. Madero,537838.563197,4243.0619296,73 a 99,4
1541.0,"19.3288381185,-99.2922222734",Muy Bajo,Cuajimalpa de Morelos,1206603.54124,8836.19262882,0 a 25,1
1567.0,"19.5107778115,-99.1942306092",Alto,Azcapotzalco,138826.487563,1669.18097801,73 a 99,4
1584.0,"19.3349738203,-99.1440989864",Muy Alto,Coyoacán,272172.221133,2249.60626446,100,5
1591.0,"19.3372218778,-99.2731395038",Muy Bajo,Álvaro Obregón,2252505.09659,10717.745832,0 a 25,1
1597.0,"19.3294464672,-99.0580154689",Muy Alto,Iztapalapa,94486.0658451,1368.93112618,100,5
1619.0,"19.3724089394,-99.2898987906",Muy Bajo,Cuajimalpa de Morelos,284074.916025,2859.77034094,0 a 25,1
1647.0,"19.3356847106,-99.1018381443",Bajo,Iztapalapa,104703.866931,1389.95093752,26 a 49,2
1659.0,"19.3397405233,-99.0588186718",Muy Alto,Iztapalapa,129109.535595,1679.60305923,100,5
1673.0,"19.1755912288,-99.0038613646",Muy Bajo,Milpa Alta,851475.600621,4829.83821409,0 a 25,1
1695.0,"19.1757424822,-99.0729521162",Muy Bajo,Milpa Alta,118264.603194,3136.04852943,0 a 25,1
1700.0,"19.3268799768,-99.1106638129",Muy Alto,Coyoacán,144622.098669,1859.11250881,100,5
1702.0,"19.3464535356,-99.1543127464",Muy Alto,Coyoacán,577234.1086,3468.20349332,100,5
1731.0,"19.2042479064,-99.0981721664",Muy Bajo,Milpa Alta,522798.168365,3122.51312511,0 a 25,1
1789.0,"19.4330797657,-99.1216628017",Muy Alto,Venustiano Carranza,196331.664431,2637.90462592,100,5
1803.0,"19.4980041755,-99.2099910324",Alto,Azcapotzalco,568868.080477,3052.60867378,73 a 99,4
1807.0,"19.4280661168,-99.0946751331",Muy Alto,Venustiano Carranza,201322.818634,1848.86025597,100,5
1823.0,"19.4966879073,-99.2024423581",Muy Alto,Azcapotzalco,93309.7952816,1552.23702699,100,5
1878.0,"19.4323021387,-99.1794328639",Alto,Miguel Hidalgo,164781.165032,2083.48312977,73 a 99,4
1972.0,"19.4306072346,-99.2023898552",Muy Bajo,Miguel Hidalgo,125288.587376,1497.92882897,0 a 25,1
1515.0,"19.303054299,-99.1610789702",Medio,Coyoacán,302384.756456,2788.25341733,50 a 72,3
1531.0,"19.4707949623,-99.149151303",Muy Alto,Azcapotzalco,146458.766832,1699.16543033,100,5
1536.0,"19.3424019807,-99.1195157722",Muy Alto,Coyoacán,473598.104361,3402.32655948,100,5
1556.0,"19.4741781567,-99.13244313",Muy Alto,Gustavo A. Madero,363140.253164,2967.10287075,100,5
1572.0,"19.5130115574,-99.2059655969",Alto,Azcapotzalco,164250.261074,1800.99093464,73 a 99,4
1587.0,"19.4752701002,-99.200543886",Muy Alto,Azcapotzalco,451996.86568,3090.87126741,100,5
1589.0,"19.503318117,-99.1749040863",Alto,Azcapotzalco,195310.521091,2292.81535045,73 a 99,4
1590.0,"19.3741060623,-99.2341764708",Muy Bajo,Álvaro Obregón,98914.9032965,2665.03147242,0 a 25,1
1633.0,"19.3883787797,-99.0361939613",Muy Alto,Iztapalapa,241232.283921,1965.21262682,100,5
1634.0,"19.3902202015,-99.0519286699",Muy Alto,Iztapalapa,531392.95974,3041.77767043,100,5
1642.0,"19.3165854267,-99.1007107531",Muy Alto,Coyoacán,284019.525697,4217.89359519,100,5
1649.0,"19.3773195306,-99.2326135113",Muy Bajo,Álvaro Obregón,163955.64087,2514.35502333,0 a 25,1
1654.0,"19.1709635262,-98.994245003",Muy Bajo,Milpa Alta,1243672.87356,6223.29806816,0 a 25,1
1662.0,"19.4865911214,-99.20995133",Alto,Azcapotzalco,364787.999528,3504.01831997,73 a 99,4
1665.0,"19.5063154822,-99.2092854984",Alto,Azcapotzalco,72142.1003463,1618.22165048,73 a 99,4
1695.0,"19.1757424822,-99.0729521162",Muy Bajo,Milpa Alta,118264.603194,3136.04852943,0 a 25,1
1699.0,"19.3237667638,-99.1706051492",Muy Bajo,Coyoacán,306276.654846,4529.44895234,0 a 25,1
1713.0,"19.3340342212,-99.2105656097",Muy Bajo,La Magdalena Contreras,55214.9261702,1152.80860056,0 a 25,1
1725.0,"19.34405355,-99.0917899157",Muy Bajo,Iztapalapa,1341018.98864,6185.93185642,0 a 25,1
1738.0,"19.4807639025,-99.1442661246",Muy Alto,Gustavo A. Madero,221978.500632,2337.63295764,100,5
1747.0,"19.1922760108,-99.0948446811",Muy Bajo,Milpa Alta,1564366.28618,7323.23333968,0 a 25,1
1757.0,"19.3707452596,-99.2864056737",Muy Bajo,Cuajimalpa de Morelos,218480.992354,2625.13069407,0 a 25,1
1762.0,"19.3011950591,-99.2630065424",Muy Bajo,La Magdalena Contreras,552195.735289,3352.4558143,0 a 25,1
1773.0,"19.3354308268,-99.1350225771",Muy Alto,Coyoacán,212511.931352,2010.5082023,100,5
1808.0,"19.4206431694,-99.1080450461",Muy Alto,Venustiano Carranza,71550.563852,1192.29967127,100,5
1813.0,"19.4235971062,-99.0711500612",Muy Alto,Venustiano Carranza,216194.50913,2055.3559055,100,5
1819.0,"19.4425844863,-99.197613636",Alto,Miguel Hidalgo,231387.130948,2927.90571265,73 a 99,4
1823.0,"19.4966879073,-99.2024423581",Muy Alto,Azcapotzalco,93309.7952816,1552.23702699,100,5
1827.0,"19.4200901359,-99.1064582792",Muy Alto,Venustiano Carranza,51611.6015527,1013.97329483,100,5
1835.0,"19.4415576413,-99.1865079932",Muy Alto,Miguel Hidalgo,371709.120839,2955.29025137,100,5
1846.0,"19.498527952,-99.178322109",Muy Alto,Azcapotzalco,749522.471597,4038.37749448,100,5
1853.0,"19.4431332157,-99.1119223856",Muy Alto,Venustiano Carranza,96861.574175,1538.89022146,100,5
1880.0,"19.451052205,-99.2147798828",Muy Bajo,Miguel Hidalgo,80567.992788,1181.66754023,0 a 25,1
1888.0,"19.443385662,-99.1025731548",Muy Alto,Venustiano Carranza,173061.455534,1993.47175437,100,5
1911.0,"19.3627502094,-99.1465803109",Muy Alto,Benito Juárez,377257.852134,2535.06411794,100,5
1921.0,"19.4307616571,-99.1968177101",Muy Bajo,Miguel Hidalgo,38495.7501965,786.077570773,0 a 25,1
1924.0,"19.4426910713,-99.1568170397",Muy Alto,Cuauhtémoc,225968.832247,1903.17996808,100,5
1931.0,"19.4344244316,-99.1534746325",Muy Alto,Cuauhtémoc,172318.406814,3553.26355298,100,5
1942.0,"19.4384493748,-99.1182492347",Muy Alto,Venustiano Carranza,207197.24947,1899.18289412,100,5
1974.0,"19.4523542682,-99.1920084152",Muy Alto,Miguel Hidalgo,79714.0442453,1151.90413622,100,5
1993.0,"19.3677274789,-99.1530261368",Muy Alto,Benito Juárez,312467.764713,2776.11539287,100,5
2007.0,"19.4293721521,-99.1879341636",Medio,Miguel Hidalgo,382174.787128,2838.84859347,50 a 72,3
2017.0,"19.4170603968,-99.1772738506",Muy Alto,Cuauhtémoc,172450.522726,1723.34404554,100,5
2018.0,"19.4167412642,-99.1465467323",Muy Alto,Cuauhtémoc,305726.512172,2223.90634496,100,5
2034.0,"19.4320405602,-99.1263150426",Muy Alto,Cuauhtémoc,162789.626164,1632.2858683,100,5
2035.0,"19.4222261818,-99.1566234336",Muy Alto,Cuauhtémoc,391659.996641,2547.73021207,100,5
2047.0,"19.4116803173,-99.1300593466",Muy Alto,Cuauhtémoc,202360.644791,2190.99276103,100,5
2059.0,"19.3721108801,-99.172966227",Muy Alto,Benito Juárez,296029.483097,3075.71610958,100,5
2065.0,"19.4064221982,-99.1276422222",Alto,Cuauhtémoc,166155.140079,1807.25969673,73 a 99,4
2069.0,"19.4611685288,-99.1295593797",Muy Alto,Cuauhtémoc,98865.7478306,1271.89489845,100,5
2079.0,"19.4198839965,-99.1736619758",Muy Alto,Cuauhtémoc,163169.418919,1663.21469012,100,5
2090.0,"19.5367720619,-99.1442916349",Muy Alto,Gustavo A. Madero,192113.985681,1855.87343553,100,5
2125.0,"19.4982788481,-99.1210177165",Muy Alto,Gustavo A. Madero,414597.334091,2913.95431742,100,5
2131.0,"19.5109485875,-99.0972613911",Alto,Gustavo A. Madero,113459.657603,1458.5441054,73 a 99,4
2143.0,"19.4756276503,-99.0749941178",Muy Alto,Gustavo A. Madero,570674.121931,3137.28737446,100,5
2149.0,"19.4853470831,-99.0862088024",Muy Alto,Gustavo A. Madero,111882.154096,1733.13101657,100,5
2159.0,"19.3837826962,-99.0635497488",Muy Alto,Iztacalco,89323.9059889,1562.71129263,100,5
2183.0,"19.4277304059,-99.1349567638",Muy Alto,Cuauhtémoc,165954.112579,1637.42335346,100,5
2201.0,"19.4970179627,-99.0796939984",Muy Alto,Gustavo A. Madero,302450.118081,2391.34126081,100,5
2208.0,"19.5217509123,-99.1294796596",Bajo,Gustavo A. Madero,147629.947073,1809.45812013,26 a 49,2
2210.0,"19.502078647,-99.1244902758",Muy Alto,Gustavo A. Madero,213055.05908,2401.83136449,100,5
2212.0,"19.4963702979,-99.0665244808",Alto,Gustavo A. Madero,213525.060797,2090.25314646,73 a 99,4
2236.0,"19.3952992053,-99.0971735903",Muy Alto,Iztacalco,115762.670199,1370.91480482,100,5
2248.0,"19.403973116,-99.1701945489",Muy Alto,Cuauhtémoc,105352.098405,1641.59659075,100,5
2261.0,"19.4090086125,-99.2425742157",Muy Bajo,Miguel Hidalgo,321319.055166,3348.19973816,0 a 25,1
2271.0,"19.4457422783,-99.2146788659",Muy Bajo,Miguel Hidalgo,116071.03632,1592.96931779,0 a 25,1
2299.0,"19.4155129569,-99.1325411382",Muy Alto,Cuauhtémoc,228170.597764,1922.93322039,100,5
2315.0,"19.4386451781,-99.103950124",Muy Alto,Venustiano Carranza,260018.614384,2603.39808519,100,5
2339.0,"19.4040742837,-99.2018897624",Muy Bajo,Miguel Hidalgo,126042.197694,1673.47876225,0 a 25,1
2370.0,"19.4283486755,-99.1729611391",Muy Alto,Cuauhtémoc,221640.834208,2293.68446079,100,5
2380.0,"19.4124646557,-99.0941487695",Muy Alto,Venustiano Carranza,137108.373382,2615.99263323,100,5
2384.0,"19.455941861,-99.1682285111",Muy Alto,Miguel Hidalgo,141909.408518,2824.77859564,100,5
2392.0,"19.4087311768,-99.1877783852",Alto,Miguel Hidalgo,406194.18073,3399.68292344,73 a 99,4
2395.0,"19.4210946165,-99.1358534282",Muy Alto,Cuauhtémoc,280301.667709,2168.44611101,100,5
2409.0,"19.4093712452,-99.1923174104",Bajo,Miguel Hidalgo,151612.996701,1702.54844893,26 a 49,2
2432.0,"19.4286982144,-99.0555085501",Alto,Venustiano Carranza,205028.000419,2022.60323734,73 a 99,4
1025.0,"19.5196332023,-99.1508721218",Muy Alto,Gustavo A. Madero,205228.390375,2065.3239629,100,5
1041.0,"19.3321584172,-99.0311164981",Bajo,Iztapalapa,276227.310901,3047.52805851,26 a 49,2
1048.0,"19.3044777356,-99.1296488392",Muy Alto,Tlalpan,196947.16735,1940.26062427,100,5
1055.0,"19.2812817063,-99.2273354016",Muy Bajo,Tlalpan,164532.324165,1719.93715167,0 a 25,1
1064.0,"19.3013098605,-99.1823108873",Muy Bajo,Tlalpan,293069.822353,2467.97224915,0 a 25,1
1116.0,"19.2958887875,-99.1075729829",Muy Alto,Tlalpan,440906.072829,2747.0148236,100,5
1132.0,"19.3647021646,-99.1304494932",Muy Alto,Iztapalapa,217009.392207,1999.94351341,100,5
1153.0,"19.3134703133,-99.0826182098",Muy Alto,Iztapalapa,350414.168587,2827.41661651,100,5
1158.0,"19.2410529133,-99.1261837973",Muy Bajo,Xochimilco,626179.582984,4211.92731454,0 a 25,1
1172.0,"19.3017227117,-99.2144128225",Muy Bajo,Tlalpan,1354800.90251,4958.21465432,0 a 25,1
1173.0,"19.3080915163,-99.2219277889",Muy Bajo,Tlalpan,186783.204628,2610.17570666,0 a 25,1
1176.0,"19.3375775622,-99.1811825326",Muy Bajo,Coyoacán,102549.64021,1697.36394204,0 a 25,1
1202.0,"19.4636366352,-99.1107774191",Muy Alto,Gustavo A. Madero,155027.862534,1587.06160379,100,5
1208.0,"19.4745117374,-99.1149825396",Muy Alto,Gustavo A. Madero,194184.622144,1999.29168792,100,5
1211.0,"19.3914368767,-99.0930943768",Muy Alto,Iztacalco,80841.2585242,1371.66719252,100,5
1214.0,"19.3879908114,-99.0989587012",Muy Alto,Iztacalco,114909.467334,1533.77332475,100,5
1225.0,"19.4724822349,-99.0860251221",Muy Alto,Gustavo A. Madero,139184.929324,1897.0440318,100,5
1235.0,"19.4194132914,-99.0637884291",Muy Alto,Iztacalco,264535.552809,2375.1676254,100,5
1269.0,"19.449114424,-99.0872870827",Muy Alto,Gustavo A. Madero,305570.328797,2363.62728176,100,5
1283.0,"19.5061174974,-99.1337907529",Muy Alto,Gustavo A. Madero,85928.9061357,1204.84538049,100,5
1295.0,"19.3408683096,-99.1808092659",Muy Bajo,Coyoacán,66488.390152,1042.36426785,0 a 25,1
1338.0,"19.3370573431,-99.1523719681",Muy Alto,Coyoacán,514543.010605,4244.62330808,100,5
1373.0,"19.3175961042,-99.1479541178",Alto,Coyoacán,282602.245299,2551.22457486,73 a 99,4
1420.0,"19.5408199825,-99.137400661",Muy Bajo,Gustavo A. Madero,231863.314768,2290.67086639,0 a 25,1
1442.0,"19.4662356326,-99.1053410946",Muy Alto,Gustavo A. Madero,221956.526625,1930.16391199,100,5
1449.0,"19.4814583396,-99.1993631755",Muy Alto,Azcapotzalco,77402.7800379,1256.21467104,100,5
1455.0,"19.4985008825,-99.1001825107",Bajo,Gustavo A. Madero,150619.328126,1962.7756073,26 a 49,2
1456.0,"19.5482388797,-99.1311872959",Muy Bajo,Gustavo A. Madero,177174.020281,2440.88362858,0 a 25,1
1458.0,"19.4921317969,-99.1473134401",Muy Alto,Gustavo A. Madero,102667.288825,1338.17244157,100,5
1477.0,"19.5564002244,-99.1493540748",Muy Bajo,Gustavo A. Madero,191351.476064,2417.1852848,0 a 25,1
1497.0,"19.3393292457,-99.1460461231",Muy Alto,Coyoacán,309682.118335,2774.56604866,100,5
1187.0,"19.3278433925,-99.143568394",Muy Alto,Coyoacán,360003.523041,3572.03645655,100,5
1192.0,"19.3842934423,-99.1232550756",Muy Alto,Iztacalco,70630.4704877,1169.30367404,100,5
1197.0,"19.4741025763,-99.127486817",Muy Alto,Gustavo A. Madero,210111.049267,2546.39687342,100,5
1200.0,"19.4554827223,-99.058672774",Muy Alto,Gustavo A. Madero,149013.442849,1709.8298111,100,5
1204.0,"19.4666136999,-99.0838204597",Muy Alto,Gustavo A. Madero,267629.233118,2582.34742985,100,5
1206.0,"19.469417941,-99.1412641278",Muy Alto,Gustavo A. Madero,378425.462059,2768.12397319,100,5
1212.0,"19.3993679686,-99.119869718",Muy Alto,Iztacalco,264703.582789,2541.37414175,100,5
1217.0,"19.4931393612,-99.1358484457",Muy Alto,Gustavo A. Madero,231240.478002,1963.23059205,100,5
1230.0,"19.5326952827,-99.1388409621",Muy Bajo,Gustavo A. Madero,206495.892436,2877.6509905,0 a 25,1
1232.0,"19.3891867609,-99.0723130164",Muy Alto,Iztacalco,152617.928317,1846.16697383,100,5
1253.0,"19.3823489821,-99.0953697377",Muy Alto,Iztacalco,140479.723593,1689.80673781,100,5
1267.0,"19.4552952985,-99.0711943015",Muy Alto,Gustavo A. Madero,169218.912177,2220.05907777,100,5
1292.0,"19.4654545263,-99.1802510375",Muy Alto,Azcapotzalco,218987.340662,2527.81846515,100,5
1293.0,"19.4631008726,-99.1804600303",Muy Alto,Azcapotzalco,156423.432857,2088.04563725,100,5
1328.0,"19.3222334672,-99.1118260278",Muy Alto,Coyoacán,135459.457564,1525.68231477,100,5
1344.0,"19.5503390637,-99.1311351852",Bajo,Gustavo A. Madero,152840.396809,2161.36131752,26 a 49,2
1361.0,"19.3402417727,-99.1159654523",Muy Alto,Coyoacán,229206.162869,2615.86293424,100,5
1378.0,"19.3555967592,-99.2864031803",Muy Bajo,Cuajimalpa de Morelos,390174.145517,3969.94907656,0 a 25,1
1381.0,"19.5831143778,-99.1205622703",Muy Bajo,Gustavo A. Madero,1687782.15844,7232.83674446,0 a 25,1
1384.0,"19.4637066226,-99.1693320484",Muy Alto,Azcapotzalco,223062.712727,2239.48747799,100,5
1387.0,"19.510574436,-99.1566229929",Alto,Gustavo A. Madero,578005.866957,3045.75697978,73 a 99,4
1403.0,"19.3929386654,-99.0886818964",Muy Alto,Iztacalco,114343.060122,1388.0655192,100,5
1409.0,"19.4744786549,-99.2069588211",Muy Alto,Azcapotzalco,316418.775841,2225.74604376,100,5
1483.0,"19.2077951773,-98.9693220923",Muy Bajo,Milpa Alta,254867.748608,2150.90910494,0 a 25,1
1484.0,"19.3774270257,-99.0402298177",Muy Alto,Iztapalapa,396807.938986,2669.26178097,100,5
1488.0,"19.3471492453,-99.0447081544",Muy Alto,Iztapalapa,221246.026804,2008.2038464,100,5
1499.0,"19.4861232847,-99.0960031796",Muy Alto,Gustavo A. Madero,294276.417118,2813.51869957,100,5
1001.0,"19.2777707766,-99.1706293352",Muy Bajo,Tlalpan,179315.043495,2089.75199112,0 a 25,1
1035.0,"19.2520723453,-99.0084799528",Muy Alto,Xochimilco,48557.4532418,1320.63322599,100,5
1037.0,"19.2258867084,-99.2087086831",Muy Bajo,Tlalpan,684947.729875,4658.25931788,0 a 25,1
1038.0,"19.2151125655,-99.1865401356",Muy Bajo,Tlalpan,621874.646656,3851.27218159,0 a 25,1
1060.0,"19.347168956,-99.0624575985",Muy Alto,Iztapalapa,116017.983292,1385.69877662,100,5
1073.0,"19.2718451984,-99.2395385009",Muy Bajo,Tlalpan,272733.528156,2488.83400219,0 a 25,1
1075.0,"19.3184387012,-99.0723533384",Muy Alto,Iztapalapa,259859.142867,2399.37289338,100,5
1084.0,"19.2960871374,-99.0107796878",Muy Alto,Tláhuac,189810.711378,2225.58402353,100,5
1089.0,"19.2569829978,-99.1506901897",Muy Bajo,Tlalpan,4330112.93134,9173.08627013,0 a 25,1
1098.0,"19.208669809,-99.1611463671",Muy Bajo,Tlalpan,361378.666619,3268.65575606,0 a 25,1
1116.0,"19.2958887875,-99.1075729829",Muy Alto,Tlalpan,440906.072829,2747.0148236,100,5
1120.0,"19.3004702312,-99.1689065595",Bajo,Tlalpan,171251.615444,1677.11713909,26 a 49,2
1124.0,"19.3049155446,-99.1344360648",Muy Alto,Tlalpan,289567.772757,2340.41217109,100,5
1125.0,"19.2298728242,-99.1937163982",Muy Bajo,Tlalpan,11994.8689396,439.996647518,0 a 25,1
1131.0,"19.3693513688,-99.1336521064",Muy Alto,Iztapalapa,453391.853756,2793.626676,100,5
1136.0,"19.2943638467,-99.1520044847",Muy Alto,Tlalpan,396131.089581,2919.68845411,100,5
1162.0,"19.3475423466,-99.0133668934",Muy Bajo,Iztapalapa,177251.673179,2366.04492434,0 a 25,1
1163.0,"19.3446503397,-99.0174306216",Medio,Iztapalapa,385076.023475,2913.14547281,50 a 72,3
1164.0,"19.343253917,-99.0633488388",Muy Alto,Iztapalapa,45280.8642518,935.002446613,100,5
1165.0,"19.3410353046,-99.0615880068",Muy Alto,Iztapalapa,211213.949888,2444.31455617,100,5
1182.0,"19.4872287283,-99.1767049289",Muy Alto,Azcapotzalco,392212.151039,2725.10560425,100,5
38.0,"19.286952728,-99.1108470734",Muy Alto,Xochimilco,861882.614766,4101.8209501,100,5
49.0,"19.3885146625,-99.1879324979",Muy Bajo,Benito Juárez,300298.30941,2429.02979279,0 a 25,1
314.0,"19.2465310984,-99.1806630463",Muy Bajo,Tlalpan,1188221.0914,7549.93452964,0 a 25,1
310.0,"19.3679920892,-99.2413742835",Muy Bajo,Álvaro Obregón,440440.386053,3818.49339944,0 a 25,1
318.0,"19.384796068,-99.243953907",Muy Bajo,Álvaro Obregón,191362.639088,2893.236682,0 a 25,1
311.0,"19.3960004407,-99.2169276338",Muy Bajo,Álvaro Obregón,452299.466118,3235.55771865,0 a 25,1
204.0,"19.2452188944,-99.097565976",Muy Bajo,Xochimilco,498591.358615,2905.44139163,0 a 25,1
232.0,"19.3810288508,-99.2157375346",Muy Bajo,Álvaro Obregón,217673.527847,2741.16558487,0 a 25,1
218.0,"19.2492060201,-99.0759042642",Muy Alto,Xochimilco,381898.505369,2595.01107931,100,5
212.0,"19.2747155555,-99.2143689207",Muy Bajo,Tlalpan,274919.894927,2441.45050855,0 a 25,1
64.0,"19.3943375177,-99.1644827956",Muy Alto,Benito Juárez,263745.307966,2021.39560348,100,5
241.0,"19.3727984563,-99.245440975",Muy Bajo,Álvaro Obregón,732656.181203,5727.03752121,0 a 25,1
262.0,"19.3824383468,-99.2240115662",Muy Bajo,Álvaro Obregón,74748.9082906,1503.63519369,0 a 25,1
284.0,"19.3141131043,-99.2326680875",Muy Bajo,La Magdalena Contreras,441459.558495,3236.85076086,0 a 25,1
253.0,"19.2807575203,-99.0340147496",Alto,Tláhuac,289123.417958,2316.36875133,73 a 99,4
380.0,"19.3888238491,-99.197931602",Muy Bajo,Álvaro Obregón,238593.916537,2290.21677401,0 a 25,1
398.0,"19.3131759289,-99.0466413859",Muy Alto,Tláhuac,52308.1608174,940.058453755,100,5
381.0,"19.2274511999,-99.0066209381",Muy Bajo,Tláhuac,10605.4334933,442.203917665,0 a 25,1
135.0,"19.2538017465,-99.1690090231",Muy Bajo,Tlalpan,939483.150426,4566.35347374,0 a 25,1
107.0,"19.2522364635,-99.1001668761",Muy Alto,Xochimilco,788820.537524,4480.49897725,100,5
126.0,"19.3542591993,-99.2570899256",Muy Bajo,Álvaro Obregón,215816.206373,2972.78134001,0 a 25,1
112.0,"19.2587553193,-99.1069573294",Muy Alto,Xochimilco,258083.3778,2443.10247328,100,5
150.0,"19.2834636437,-99.1040373012",Alto,Xochimilco,935238.295728,6527.15373323,73 a 99,4
189.0,"19.297395247,-99.1704183276",Medio,Tlalpan,158519.801715,2322.40622325,50 a 72,3
176.0,"19.291199938,-99.2319449029",Muy Bajo,Tlalpan,264538.629858,2087.97296274,0 a 25,1
363.0,"19.3917337284,-99.0427173499",Muy Alto,Iztapalapa,150249.277415,1555.1008652,100,5
453.0,"19.299173463,-99.0587239766",Muy Alto,Tláhuac,375396.561298,3368.57498921,100,5
414.0,"19.3058307755,-99.0325148413",Alto,Tláhuac,448554.775472,2959.43847716,73 a 99,4
408.0,"19.3672121685,-99.2107872924",Muy Bajo,Álvaro Obregón,65407.9910242,1305.80710135,0 a 25,1
426.0,"19.2891523704,-99.1372732661",Muy Alto,Tlalpan,322923.787714,2656.54550482,100,5
429.0,"19.2975611103,-99.1826558301",Muy Bajo,Tlalpan,246784.349347,1903.72540179,0 a 25,1
482.0,"19.2736990791,-99.175198044",Medio,Tlalpan,244721.012685,2180.10094029,50 a 72,3
473.0,"19.3411399727,-99.2104582302",Muy Bajo,Álvaro Obregón,471357.482262,4092.73945612,0 a 25,1
534.0,"19.2879471015,-99.0602506623",Muy Alto,Tláhuac,191438.565698,2535.44839575,100,5
555.0,"19.2562576527,-99.007562433",Muy Alto,Tláhuac,416646.023024,2646.51548812,100,5
574.0,"19.1843492228,-99.0620132446",Muy Bajo,Milpa Alta,77092.0685713,1134.04265621,0 a 25,1
677.0,"19.3788545332,-99.1045343623",Muy Alto,Iztapalapa,251966.164472,2090.00553912,100,5
606.0,"19.2028355039,-99.0173156194",Muy Bajo,Milpa Alta,164881.977131,1745.1227292,0 a 25,1
601.0,"19.3595469558,-99.2448274588",Muy Bajo,Álvaro Obregón,170500.738283,2473.10464324,0 a 25,1
588.0,"19.1954934181,-99.0192693143",Muy Bajo,Milpa Alta,405892.085253,3893.23847139,0 a 25,1
582.0,"19.3572751779,-99.2432977603",Muy Bajo,Álvaro Obregón,121000.395651,2246.78653618,0 a 25,1
608.0,"19.3854337568,-99.0547669865",Muy Alto,Iztapalapa,129996.604993,1578.04046155,100,5
615.0,"19.3402163733,-98.9777232183",Muy Bajo,Iztapalapa,58855.0009684,1314.68001279,0 a 25,1
628.0,"19.3753468868,-99.0522720864",Muy Alto,Iztapalapa,22371.8099625,744.914680263,100,5
710.0,"19.3478463479,-99.0233364051",Muy Alto,Iztapalapa,563217.43609,3249.09281034,100,5
734.0,"19.3549449416,-99.080867841",Muy Alto,Iztapalapa,275219.90271,3014.18684089,100,5
716.0,"19.3529925422,-99.10897506",Muy Alto,Iztapalapa,239508.571676,2130.1456771,100,5
694.0,"19.3693712067,-99.0073014399",Muy Alto,Iztapalapa,36661.1145806,1012.76103075,100,5
817.0,"19.3628767409,-99.2270030874",Muy Bajo,Álvaro Obregón,251046.580885,3065.23011904,0 a 25,1
849.0,"19.3386597308,-99.0338314936",Muy Alto,Iztapalapa,303792.895484,2456.04124644,100,5
811.0,"19.3175480663,-99.0602956149",Muy Alto,Iztapalapa,111465.451096,1515.06948444,100,5
850.0,"19.3422887832,-99.0301237294",Muy Alto,Iztapalapa,273396.927064,2483.42393832,100,5
803.0,"19.3900813141,-99.1152128896",Muy Alto,Iztacalco,182895.019304,1961.91139673,100,5
862.0,"19.3350040878,-99.0214472434",Muy Bajo,Iztapalapa,204376.495623,2433.66380474,0 a 25,1
901.0,"19.3330995275,-99.1056877219",Medio,Iztapalapa,209673.960379,2530.71712253,50 a 72,3
853.0,"19.3739629919,-99.0288813783",Alto,Iztapalapa,202339.93361,2133.35211353,73 a 99,4
968.0,"19.3265067226,-99.0628437002",Muy Alto,Iztapalapa,97867.9497926,1463.54175698,100,5
990.0,"19.3339648498,-99.0611883761",Muy Alto,Iztapalapa,117576.357039,1434.96929396,100,5
969.0,"19.3087710146,-99.0796250121",Muy Alto,Iztapalapa,205040.391065,1908.92341931,100,5
1014.0,"19.262675805,-99.1228652487",Alto,Xochimilco,393985.529735,2690.88441573,73 a 99,4
997.0,"19.2938949426,-99.1774958068",Muy Bajo,Tlalpan,241772.594536,2794.30918645,0 a 25,1
1015.0,"19.2548485672,-99.1091015484",Muy Alto,Xochimilco,308962.731715,2735.30189958,100,5
2004.0,"19.4180688803,-99.1004314828",Muy Alto,Venustiano Carranza,81282.1212091,1132.30906756,100,5
2041.0,"19.4278886891,-99.1269114286",Muy Alto,Cuauhtémoc,162731.894398,1631.86572319,100,5
2046.0,"19.4601296271,-99.1407144319",Muy Alto,Cuauhtémoc,481343.657524,3451.39924904,100,5
2068.0,"19.4464003421,-99.1263267112",Muy Alto,Cuauhtémoc,285511.335851,3019.93585796,100,5
2075.0,"19.3710656065,-99.1512342659",Muy Alto,Benito Juárez,461214.400829,4143.42440991,100,5
2113.0,"19.407164842,-99.0584363867",Muy Alto,Iztacalco,305908.664492,3422.80411985,100,5
2128.0,"19.3948979977,-99.0604778821",Muy Alto,Iztacalco,298738.463263,2824.14984024,100,5
2184.0,"19.4309506209,-99.1367925511",Muy Alto,Cuauhtémoc,267550.716916,2448.70629608,100,5
2207.0,"19.4874592388,-99.1392838706",Muy Alto,Gustavo A. Madero,235267.541867,2033.47023586,100,5
2227.0,"19.4393727551,-99.1350928778",Muy Alto,Cuauhtémoc,448129.119844,3055.65633688,100,5
2242.0,"19.3869343318,-99.0679395245",Muy Alto,Iztacalco,175370.182733,2369.89682871,100,5
2254.0,"19.4793857297,-99.1137574892",Muy Alto,Gustavo A. Madero,189365.613375,1913.724173,100,5
2271.0,"19.4457422783,-99.2146788659",Muy Bajo,Miguel Hidalgo,116071.03632,1592.96931779,0 a 25,1
2291.0,"19.4568607918,-99.1886157558",Muy Alto,Miguel Hidalgo,265642.232749,2508.34676173,100,5
2305.0,"19.4246332739,-99.0616246836",Muy Alto,Venustiano Carranza,223050.864985,3247.717457,100,5
2319.0,"19.412298234,-99.0993183456",Muy Alto,Venustiano Carranza,94538.9968719,1314.39019055,100,5
2334.0,"19.4152242569,-99.0953911808",Muy Alto,Venustiano Carranza,127209.496737,1988.45675554,100,5
2343.0,"19.4535580342,-99.1565919485",Muy Alto,Cuauhtémoc,242259.100123,2450.22705901,100,5
2346.0,"19.3942290588,-99.2454858834",Muy Bajo,Miguel Hidalgo,1713364.52029,8254.71303293,0 a 25,1
2368.0,"19.4627592181,-99.1329463116",Muy Alto,Cuauhtémoc,167040.824701,1672.79607113,100,5
2372.0,"19.4102611747,-99.1001961443",Muy Alto,Venustiano Carranza,74888.1577709,1328.83014329,100,5
2386.0,"19.4583478774,-99.2124072105",Muy Bajo,Miguel Hidalgo,248280.168118,2182.70744009,0 a 25,1
2407.0,"19.4113478366,-99.2150366342",Muy Bajo,Miguel Hidalgo,590566.574639,4386.41340386,0 a 25,1
2434.0,"19.2044323352,-99.0725261813",Muy Bajo,Milpa Alta,8173222.04523,28275.800953,0 a 25,1
2440.0,"19.253278207,-98.9822203961",Muy Bajo,Tláhuac,16740810.9476,26216.306955,0 a 25,1
2442.0,"19.2306682879,-99.0161817243",Muy Bajo,Tláhuac,2607453.59975,9720.7753396,0 a 25,1
2452.0,"19.296083082,-99.3279792773",Muy Bajo,Cuajimalpa de Morelos,36808181.2353,57416.9455875,0 a 25,1
1690.0,"19.2971945398,-99.2546989181",Muy Bajo,La Magdalena Contreras,667911.102142,9183.95236538,0 a 25,1
1728.0,"19.3656415178,-99.0800980808",Muy Alto,Iztapalapa,686986.728578,4837.77293156,100,5
1741.0,"19.4866709882,-99.0909983594",Muy Alto,Gustavo A. Madero,147162.140973,1826.33191144,100,5
1752.0,"19.3189412623,-99.1207925979",Muy Alto,Coyoacán,768793.8636,5509.34710018,100,5
1770.0,"19.329647163,-99.1323094067",Muy Alto,Coyoacán,507300.555735,3122.96798243,100,5
1793.0,"19.4251693899,-99.097254564",Muy Alto,Venustiano Carranza,249047.405682,2493.49192877,100,5
1810.0,"19.4194800692,-99.1046786188",Muy Alto,Venustiano Carranza,71681.8710046,1144.62600549,100,5
1866.0,"19.4757512811,-99.1523479162",Muy Alto,Azcapotzalco,205556.862367,1960.62099739,100,5
1870.0,"19.4428395147,-99.1105082172",Muy Alto,Venustiano Carranza,80866.0593618,1425.26261568,100,5
1881.0,"19.4551826533,-99.192600848",Muy Alto,Miguel Hidalgo,212301.042151,2115.32126902,100,5
1936.0,"19.4389737475,-99.1450018881",Muy Alto,Cuauhtémoc,127032.244651,1439.77346769,100,5
1953.0,"19.4519149702,-99.1333095614",Muy Alto,Cuauhtémoc,36536.8648306,933.718411256,100,5
1978.0,"19.4496214808,-99.1439922821",Muy Alto,Cuauhtémoc,222638.766554,1875.91013467,100,5
1983.0,"19.4279496409,-99.1213689178",Muy Alto,Venustiano Carranza,183094.541646,1870.59716015,100,5
1990.0,"19.4685701741,-99.18036772",Muy Alto,Azcapotzalco,256812.163543,2205.84864982,100,5
2104.0,"19.4022649405,-99.1041195649",Muy Alto,Iztacalco,977236.28056,4811.84094552,100,5
2103.0,"19.4667544346,-99.0980322095",Muy Alto,Gustavo A. Madero,116353.151262,1376.52662208,100,5
2066.0,"19.4184184485,-99.1286391638",Muy Alto,Cuauhtémoc,288304.126573,2793.81657007,100,5
2082.0,"19.3635440373,-99.1745829257",Medio,Benito Juárez,200975.034208,2444.51840798,50 a 72,3
2072.0,"19.3664763741,-99.1400255617",Muy Alto,Benito Juárez,248017.028405,2005.10262718,100,5
2165.0,"19.3882750021,-99.128327987",Muy Alto,Iztacalco,143830.106982,1630.95460314,100,5
2124.0,"19.5041017692,-99.0986932319",Medio,Gustavo A. Madero,222619.999389,2379.79675751,50 a 72,3
2153.0,"19.3968270339,-99.1216899481",Muy Alto,Iztacalco,113774.674455,1385.0648465,100,5
2132.0,"19.4163444843,-99.1411429221",Muy Alto,Cuauhtémoc,275756.103168,2102.46793536,100,5
2181.0,"19.4246094075,-99.1292940458",Muy Alto,Cuauhtémoc,221512.799326,2118.16021205,100,5
1027.0,"19.5081121211,-99.1486643761",Muy Alto,Gustavo A. Madero,913730.615126,5960.37169803,100,5
1028.0,"19.3413688813,-99.0191122088",Medio,Iztapalapa,235835.248475,2974.12364055,50 a 72,3
1039.0,"19.3342670441,-99.0840288506",Medio,Iztapalapa,129680.886964,1662.81175266,50 a 72,3
1042.0,"19.3281221274,-99.0301252733",Muy Bajo,Iztapalapa,217803.742276,2969.208195,0 a 25,1
1052.0,"19.3004035512,-99.1377257843",Muy Alto,Tlalpan,415660.469794,2698.32375533,100,5
1078.0,"19.306638297,-99.0700356962",Muy Alto,Iztapalapa,157942.863122,1777.60546131,100,5
1079.0,"19.320156606,-99.062957537",Muy Alto,Iztapalapa,312031.270798,2682.9944173,100,5
1082.0,"19.2313511637,-98.989924025",Medio,Tláhuac,529272.752622,4482.86303481,50 a 72,3
1083.0,"19.2878301446,-99.0024953836",Muy Alto,Tláhuac,368565.470015,2448.78706403,100,5
1100.0,"19.2127943937,-99.159080207",Muy Bajo,Tlalpan,489375.113905,4128.28376497,0 a 25,1
1102.0,"19.2240740871,-99.1943846001",Medio,Tlalpan,46309.460947,2021.95524386,50 a 72,3
1112.0,"19.3481936111,-99.0297608574",Muy Alto,Iztapalapa,464244.342302,3652.75823131,100,5
1138.0,"19.2750828639,-98.998936443",Muy Alto,Tláhuac,207741.828319,1965.80865371,100,5
1139.0,"19.2790650226,-99.0064241974",Muy Alto,Tláhuac,204736.131394,2266.32582098,100,5
1157.0,"19.2020391967,-99.15559018",Muy Bajo,Tlalpan,1442846.59702,5666.99235642,0 a 25,1
1169.0,"19.3499058005,-99.077817594",Muy Alto,Iztapalapa,205354.422141,2008.48275556,100,5
1186.0,"19.4714680716,-99.0644468218",Muy Alto,Gustavo A. Madero,211150.108223,2190.07873632,100,5
1190.0,"19.388032914,-99.1239615537",Muy Alto,Iztacalco,134868.560632,1604.06117084,100,5
1194.0,"19.4602164584,-99.1022158207",Muy Alto,Gustavo A. Madero,176650.679722,1874.51886509,100,5
1216.0,"19.5034786274,-99.1288504396",Muy Alto,Gustavo A. Madero,51325.8904204,1261.69518483,100,5
1229.0,"19.5039967728,-99.1302890795",Muy Alto,Gustavo A. Madero,34821.3506296,924.951850662,100,5
1236.0,"19.5069613177,-99.1213021163",Alto,Gustavo A. Madero,202762.000402,2157.22056688,73 a 99,4
1248.0,"19.5462998828,-99.1253937461",Muy Bajo,Gustavo A. Madero,175659.567307,1988.16235695,0 a 25,1
1260.0,"19.5246451044,-99.1383772516",Medio,Gustavo A. Madero,308224.825784,2660.91965626,50 a 72,3
1262.0,"19.5396848644,-99.1475098372",Muy Alto,Gustavo A. Madero,187755.640227,2021.11142715,100,5
1275.0,"19.3845808518,-99.121054705",Muy Alto,Iztacalco,144408.239419,1901.92132997,100,5
1278.0,"19.4777523356,-99.0711744445",Muy Alto,Gustavo A. Madero,114493.311445,1625.11634898,100,5
1279.0,"19.4868930244,-99.0765896996",Muy Alto,Gustavo A. Madero,273235.847467,2276.95173976,100,5
1290.0,"19.4805765912,-99.1944313507",Muy Alto,Azcapotzalco,674725.327276,3347.67117104,100,5
1304.0,"19.4666778118,-99.1368574809",Muy Alto,Gustavo A. Madero,292700.304553,2453.11922263,100,5
1317.0,"19.3419029316,-99.1751086769",Medio,Coyoacán,465928.952891,4286.24902003,50 a 72,3
1331.0,"19.4757945517,-99.2114208152",Muy Alto,Azcapotzalco,337434.333631,2532.78537509,100,5
1332.0,"19.5063328791,-99.0887531617",Alto,Gustavo A. Madero,300750.205241,2544.35749594,73 a 99,4
1346.0,"19.4771100768,-99.1793847815",Muy Alto,Azcapotzalco,330027.570505,2865.95517498,100,5
1363.0,"19.3545103105,-99.1246462893",Muy Alto,Coyoacán,491936.244975,2946.88164528,100,5
1384.0,"19.4637066226,-99.1693320484",Muy Alto,Azcapotzalco,223062.712727,2239.48747799,100,5
1397.0,"19.3210402077,-99.1040425722",Muy Alto,Coyoacán,88845.2904862,1265.45474125,100,5
1414.0,"19.4840766322,-99.0979827502",Muy Alto,Gustavo A. Madero,137484.944478,1753.72379077,100,5
1418.0,"19.4711318407,-99.0752243308",Muy Alto,Gustavo A. Madero,275322.336222,2384.93863167,100,5
1424.0,"19.3361659642,-99.1828030121",Muy Bajo,Coyoacán,268860.490695,3608.07843508,0 a 25,1
1425.0,"19.337973786,-99.1786440539",Medio,Coyoacán,118880.264662,1760.7846684,50 a 72,3
1441.0,"19.4679300386,-99.1008366986",Muy Alto,Gustavo A. Madero,135658.371505,1489.3226557,100,5
1465.0,"19.4805160579,-99.2019284401",Muy Alto,Azcapotzalco,231763.527476,2188.45018277,100,5
1480.0,"19.3567375411,-99.0619648881",Muy Alto,Iztapalapa,106573.853472,1765.68607241,100,5
1487.0,"19.3469441207,-99.0404755002",Muy Alto,Iztapalapa,186830.210302,2154.55089413,100,5
1493.0,"19.4751870091,-99.1633011856",Muy Alto,Azcapotzalco,150286.713055,1838.30057549,100,5
1500.0,"19.524673685,-99.1460212599",Muy Alto,Gustavo A. Madero,117050.254688,1738.6772295,100,5
1529.0,"19.3308089146,-99.1195889899",Muy Alto,Coyoacán,235072.679623,2090.25948362,100,5
1567.0,"19.5107778115,-99.1942306092",Alto,Azcapotzalco,138826.487563,1669.18097801,73 a 99,4
1569.0,"19.5061560879,-99.1836777229",Alto,Azcapotzalco,667592.903142,5026.60828906,73 a 99,4
1588.0,"19.4707302762,-99.1517134198",Muy Alto,Azcapotzalco,149451.410833,1626.34108647,100,5
1606.0,"19.3149913243,-99.2535731991",Muy Bajo,La Magdalena Contreras,284507.298715,2759.34171423,0 a 25,1
1616.0,"19.2064768243,-99.0462738875",Bajo,Milpa Alta,531080.294724,5528.51066989,26 a 49,2
1637.0,"19.3302078467,-99.2223196109",Muy Bajo,La Magdalena Contreras,421067.572977,3173.10448723,0 a 25,1
1670.0,"19.3137141027,-99.2237967592",Muy Bajo,La Magdalena Contreras,420544.92275,2701.35978599,0 a 25,1
693.0,"19.360256287,-99.0883161007",Muy Alto,Iztapalapa,349735.414184,2478.81308848,100,5
701.0,"19.3434032903,-98.982891836",Muy Bajo,Iztapalapa,156149.558731,1900.25377529,0 a 25,1
718.0,"19.349703662,-99.1021392784",Alto,Iztapalapa,173149.981902,2113.60546607,73 a 99,4
725.0,"19.2942052623,-99.0638952545",Muy Alto,Iztapalapa,196984.202504,1849.37405081,100,5
740.0,"19.3449114817,-99.0080303237",Muy Bajo,Iztapalapa,266616.009088,3015.65660203,0 a 25,1
743.0,"19.4079381484,-99.0602448334",Muy Alto,Iztacalco,276058.590272,3303.17187242,100,5
745.0,"19.3956151295,-99.1065438163",Muy Alto,Iztacalco,103200.714094,1365.00631113,100,5
750.0,"19.2930562934,-99.0723995839",Muy Alto,Iztapalapa,201284.444619,2524.9674265,100,5
770.0,"19.3976542483,-99.0739536878",Muy Alto,Iztacalco,341022.477563,3005.05307981,100,5
854.0,"19.373469671,-99.0337601285",Alto,Iztapalapa,285763.470576,2616.43892727,73 a 99,4
871.0,"19.3736559787,-99.056245848",Muy Alto,Iztapalapa,37639.6409763,972.27921078,100,5
886.0,"19.2302305048,-99.2041271789",Muy Bajo,Tlalpan,982761.511169,6140.06136018,0 a 25,1
899.0,"19.3937017385,-99.0465685269",Muy Alto,Iztapalapa,212468.707178,1888.85314374,100,5
916.0,"19.3429243169,-99.0116030461",Muy Bajo,Iztapalapa,266537.644235,2522.43626006,0 a 25,1
933.0,"19.3363853892,-99.0295405713",Alto,Iztapalapa,274822.286524,2344.81087707,73 a 99,4
967.0,"19.3199808804,-99.0322421904",Muy Bajo,Iztapalapa,595520.270338,3757.77237701,0 a 25,1
977.0,"19.3883935511,-99.0883876206",Muy Alto,Iztapalapa,130630.089808,1506.08129303,100,5
986.0,"19.3266846174,-99.0549006283",Muy Alto,Iztapalapa,273859.181322,2796.61377417,100,5
987.0,"19.3253349527,-99.0596817559",Muy Alto,Iztapalapa,137924.644694,1860.01420331,100,5
517.0,"19.3817275445,-99.2075835445",Bajo,Álvaro Obregón,291973.144907,2481.57027618,26 a 49,2
523.0,"19.3953327111,-99.1994179665",Muy Bajo,Álvaro Obregón,317434.292644,2569.50742617,0 a 25,1
526.0,"19.3541250064,-99.1878410035",Muy Bajo,Álvaro Obregón,471571.712429,2983.04884586,0 a 25,1
533.0,"19.283766904,-99.0630873307",Muy Alto,Tláhuac,449069.177299,3094.14314465,100,5
557.0,"19.3784079514,-99.2073261644",Bajo,Álvaro Obregón,202495.937829,2322.14475307,26 a 49,2
559.0,"19.387757156,-99.2077159079",Muy Bajo,Álvaro Obregón,36877.275036,800.635820676,0 a 25,1
566.0,"19.3846646976,-99.0982056835",Muy Alto,Iztacalco,149691.339402,1691.26041436,100,5
581.0,"19.3597345456,-99.2394346744",Muy Bajo,Álvaro Obregón,133480.253292,1788.51890062,0 a 25,1
622.0,"19.3607113918,-99.1948693688",Muy Bajo,Álvaro Obregón,363387.495646,2691.27161068,0 a 25,1
636.0,"19.3325285604,-99.0072973228",Muy Bajo,Iztapalapa,359491.480637,2766.68511773,0 a 25,1
648.0,"19.3664442791,-99.1253656681",Muy Alto,Iztapalapa,78403.1259321,1267.34653115,100,5
650.0,"19.3634940344,-99.1238332003",Muy Alto,Iztapalapa,113316.098236,1371.44083185,100,5
674.0,"19.3732739648,-99.2322344185",Muy Bajo,Álvaro Obregón,176425.028169,1988.15948793,0 a 25,1
678.0,"19.3727200275,-99.0525687773",Muy Alto,Iztapalapa,17630.3863965,702.409432639,100,5
374.0,"19.2559413572,-99.1261039181",Alto,Xochimilco,928870.638563,4810.42634784,73 a 99,4
399.0,"19.3768972924,-99.2486104185",Muy Bajo,Álvaro Obregón,519408.159622,4429.99490066,0 a 25,1
391.0,"19.2821277862,-99.1596150733",Muy Bajo,Tlalpan,214200.229682,2973.49588144,0 a 25,1
378.0,"19.2927271645,-98.9963803313",Muy Alto,Tláhuac,940166.633124,5493.08958191,100,5
295.0,"19.2649184594,-99.1312716134",Bajo,Xochimilco,373905.376522,2706.24211234,26 a 49,2
280.0,"19.301202345,-99.1772404185",Muy Bajo,Tlalpan,148142.332365,2063.17578922,0 a 25,1
266.0,"19.35448003,-99.1787221421",Bajo,Álvaro Obregón,428645.790817,3139.70870036,26 a 49,2
264.0,"19.3675109095,-99.1973712799",Muy Bajo,Álvaro Obregón,49967.6367631,956.141780185,0 a 25,1
499.0,"19.3855295923,-99.2224970307",Muy Bajo,Álvaro Obregón,71418.2569632,1495.22085947,0 a 25,1
498.0,"19.3845642835,-99.2136285999",Muy Bajo,Álvaro Obregón,102184.906161,1399.86195104,0 a 25,1
470.0,"19.3087961289,-99.0503156629",Muy Alto,Tláhuac,441545.066973,4237.63848223,100,5
454.0,"19.2961273626,-99.0579614257",Muy Alto,Tláhuac,170371.610622,2174.65889994,100,5
452.0,"19.2951719496,-99.0309308331",Muy Alto,Tláhuac,320579.356272,2347.72180949,100,5
447.0,"19.2796008329,-99.1713937942",Muy Bajo,Tlalpan,34269.8225817,786.165374687,0 a 25,1
463.0,"19.2814632721,-99.2203217658",Bajo,Tlalpan,209971.307419,2108.94951937,26 a 49,2
430.0,"19.2856101498,-99.2315451201",Bajo,Tlalpan,254446.600905,2066.14546672,26 a 49,2
423.0,"19.3225587803,-99.1985780007",Muy Bajo,Álvaro Obregón,1135271.87659,6403.13497827,0 a 25,1
421.0,"19.3464139822,-99.1846190835",Muy Bajo,Álvaro Obregón,588470.536368,4735.75217106,0 a 25,1
410.0,"19.2835881235,-99.0544625766",Muy Alto,Tláhuac,128908.483476,1496.5815377,100,5
405.0,"19.3891124828,-99.2069590505",Muy Bajo,Álvaro Obregón,24577.0463168,636.026981587,0 a 25,1
361.0,"19.376341185,-99.2126533179",Muy Bajo,Álvaro Obregón,122758.922794,1712.23552534,0 a 25,1
337.0,"19.3785939952,-99.2221333575",Muy Bajo,Álvaro Obregón,174029.086385,1880.2620603,0 a 25,1
347.0,"19.3671402008,-99.20299969",Muy Bajo,Álvaro Obregón,42462.4550975,1398.70807586,0 a 25,1
356.0,"19.2889854812,-99.1248207893",Muy Alto,Tlalpan,47630.6455029,886.471730382,100,5
21.0,"19.2423832695,-99.0200706315",Muy Bajo,Xochimilco,309065.197076,2460.06259149,0 a 25,1
24.0,"19.3790028853,-99.1627532547",Muy Alto,Benito Juárez,387710.188966,2716.68770235,100,5
19.0,"19.2408492236,-99.0552472832",Medio,Xochimilco,12955.8243832,488.083475181,50 a 72,3
509.0,"19.3437406133,-99.2383777364",Muy Bajo,Álvaro Obregón,509517.85387,4534.81005677,0 a 25,1
516.0,"19.27434366,-99.0034735433",Muy Alto,Tláhuac,146666.865745,1719.61947855,100,5
525.0,"19.3976012757,-99.1920806905",Muy Bajo,Álvaro Obregón,209423.955179,2017.99783324,0 a 25,1
902.0,"19.3309113382,-99.107187824",Muy Alto,Iztapalapa,162278.001044,1806.2732497,100,5
906.0,"19.3019927819,-99.0779530059",Muy Alto,Iztapalapa,194314.574071,1916.00112023,100,5
1663.0,"19.469107373,-99.1606299091",Muy Alto,Azcapotzalco,403132.669634,3809.19913124,100,5
1657.0,"19.370711475,-99.0277756952",Muy Alto,Iztapalapa,135441.959038,1589.99028906,100,5
1670.0,"19.3137141027,-99.2237967592",Muy Bajo,La Magdalena Contreras,420544.92275,2701.35978599,0 a 25,1
1675.0,"19.3503265442,-99.0582810032",Muy Alto,Iztapalapa,156509.08276,1885.06002242,100,5
1604.0,"19.3612963475,-99.3050409859",Muy Bajo,Cuajimalpa de Morelos,890745.124069,7297.52548836,0 a 25,1
1623.0,"19.3244337708,-99.1486856872",Muy Alto,Coyoacán,390396.820399,3387.51511409,100,5
1634.0,"19.3902202015,-99.0519286699",Muy Alto,Iztapalapa,531392.95974,3041.77767043,100,5
1609.0,"19.367102238,-98.9994705846",Muy Alto,Iztapalapa,94652.3972242,1326.31182114,100,5
1724.0,"19.3511716561,-99.0855856725",Muy Bajo,Iztapalapa,184945.758447,2222.09707876,0 a 25,1
1739.0,"19.478239647,-99.1444587899",Muy Alto,Gustavo A. Madero,213797.732682,2308.95011288,100,5
1737.0,"19.4905155277,-99.1430633471",Muy Alto,Gustavo A. Madero,265056.091796,2452.58783628,100,5
1985.0,"19.4303949546,-99.0993122944",Muy Alto,Venustiano Carranza,199359.859533,1816.33437745,100,5
1963.0,"19.4540615535,-99.1475351282",Muy Alto,Cuauhtémoc,27360.1033931,808.347656422,100,5
1750.0,"19.3017842691,-99.2565927658",Muy Bajo,La Magdalena Contreras,475521.366043,3764.22681375,0 a 25,1
1768.0,"19.3648809391,-99.100315825",Muy Alto,Iztapalapa,548867.532956,3872.73975669,100,5
1772.0,"19.3514001288,-99.1403792813",Muy Alto,Coyoacán,1230481.51251,4378.52203993,100,5
1788.0,"19.4283894099,-99.0695966522",Muy Alto,Venustiano Carranza,157156.566268,1734.16384454,100,5
1773.0,"19.3354308268,-99.1350225771",Muy Alto,Coyoacán,212511.931352,2010.5082023,100,5
1856.0,"19.4021266995,-99.2349964172",Muy Bajo,Miguel Hidalgo,589399.920711,3413.8894752,0 a 25,1
1860.0,"19.44694546,-99.202371114",Medio,Miguel Hidalgo,148610.698837,2031.22580228,50 a 72,3
1899.0,"19.3677769835,-99.1898268244",Muy Bajo,Benito Juárez,234994.083333,2770.61721969,0 a 25,1
1867.0,"19.505189228,-99.1862364579",Muy Alto,Azcapotzalco,113632.360292,1686.40254322,100,5
1863.0,"19.4507194663,-99.188095462",Muy Alto,Miguel Hidalgo,321919.005923,2246.4165465,100,5
1592.0,"19.2834376253,-99.24625448",Muy Bajo,La Magdalena Contreras,244999.858186,2924.23143834,0 a 25,1
1544.0,"19.3339918201,-99.1262052162",Muy Alto,Coyoacán,170981.038979,1809.62052304,100,5
1568.0,"19.5065570704,-99.1927308139",Muy Alto,Azcapotzalco,132864.857511,1568.00870369,100,5
1583.0,"19.3366676401,-99.1407980529",Muy Alto,Coyoacán,77130.4667204,1130.4137242,100,5
1575.0,"19.4718904484,-99.0896544859",Muy Alto,Gustavo A. Madero,57766.3501207,1000.49876756,100,5
1826.0,"19.4203520363,-99.1002708525",Muy Alto,Venustiano Carranza,64772.8949861,1176.81132647,100,5
1824.0,"19.4598820116,-99.1676468112",Muy Alto,Azcapotzalco,267389.859822,2465.9822197,100,5
1843.0,"19.4852430175,-99.2144764276",Alto,Azcapotzalco,210899.191234,2239.07349156,73 a 99,4
1953.0,"19.4519149702,-99.1333095614",Muy Alto,Cuauhtémoc,36536.8648306,933.718411256,100,5
1929.0,"19.452430839,-99.2153759095",Muy Bajo,Miguel Hidalgo,139825.42631,2214.68783772,0 a 25,1
1992.0,"19.3664047539,-99.1587021187",Muy Alto,Benito Juárez,455129.522679,3232.03458658,100,5
754.0,"19.1985821034,-99.0107415297",Muy Bajo,Milpa Alta,1438222.07357,6159.57905647,0 a 25,1
786.0,"19.3321673109,-99.0153690992",Muy Bajo,Iztapalapa,153138.926132,2820.29310119,0 a 25,1
744.0,"19.3932068283,-99.101744533",Muy Alto,Iztacalco,82588.3829208,1189.05771092,100,5
770.0,"19.3976542483,-99.0739536878",Muy Alto,Iztacalco,341022.477563,3005.05307981,100,5
756.0,"19.3736086657,-99.0050059059",Alto,Iztapalapa,104421.874047,1296.66104423,73 a 99,4
1032.0,"19.2060072718,-99.1425186345",Muy Bajo,Tlalpan,827981.961159,4949.29692838,0 a 25,1
1059.0,"19.3451211695,-99.1021867164",Medio,Iztapalapa,434885.441038,3156.56926672,50 a 72,3
1064.0,"19.3013098605,-99.1823108873",Muy Bajo,Tlalpan,293069.822353,2467.97224915,0 a 25,1
1306.0,"19.4652048104,-99.0615442528",Alto,Gustavo A. Madero,288547.997315,3216.66075479,73 a 99,4
1310.0,"19.496276468,-99.0948563473",Muy Alto,Gustavo A. Madero,274713.284138,3220.866874,100,5
1456.0,"19.5482388797,-99.1311872959",Muy Bajo,Gustavo A. Madero,177174.020281,2440.88362858,0 a 25,1
1482.0,"19.3929014863,-99.0566556342",Muy Alto,Iztapalapa,509256.691944,3152.54793846,100,5
1465.0,"19.4805160579,-99.2019284401",Muy Alto,Azcapotzalco,231763.527476,2188.45018277,100,5
1126.0,"19.229449598,-99.1952547112",Bajo,Tlalpan,410011.8044,4056.32600974,26 a 49,2
1184.0,"19.5746813252,-99.135952596",Muy Bajo,Gustavo A. Madero,345161.103193,2800.73373229,0 a 25,1
1196.0,"19.4916729903,-99.0783592578",Muy Alto,Gustavo A. Madero,166619.196982,1735.07975346,100,5
1152.0,"19.3004292753,-99.0812345014",Muy Alto,Iztapalapa,70492.2546618,1384.72627352,100,5
1167.0,"19.3543189922,-99.0886038781",Bajo,Iztapalapa,349199.207844,2911.62168547,26 a 49,2
1178.0,"19.3402662329,-99.1870851232",Muy Bajo,Coyoacán,124228.2326,2015.95139364,0 a 25,1
1179.0,"19.4822608546,-99.2164358196",Alto,Azcapotzalco,211739.561636,2096.62267314,73 a 99,4
1154.0,"19.3675889835,-99.208507009",Muy Bajo,Álvaro Obregón,23581.8188672,706.742364308,0 a 25,1
1367.0,"19.4683208162,-99.1684331368",Muy Alto,Azcapotzalco,239431.215933,2616.38528101,100,5
1355.0,"19.4938876919,-99.1846364537",Muy Alto,Azcapotzalco,225282.314713,2356.76940686,100,5
1334.0,"19.4977206225,-99.0917262602",Muy Alto,Gustavo A. Madero,88027.2353595,1243.39781123,100,5
1345.0,"19.3525318258,-99.1328918783",Muy Alto,Coyoacán,275872.311273,2285.16833405,100,5
1254.0,"19.3820537331,-99.103104872",Muy Alto,Iztacalco,158509.411516,1653.45973296,100,5
1284.0,"19.5059681974,-99.1533592138",Muy Alto,Gustavo A. Madero,145339.850094,1611.56577394,100,5
1295.0,"19.3408683096,-99.1808092659",Muy Bajo,Coyoacán,66488.390152,1042.36426785,0 a 25,1
1451.0,"19.309453736,-99.1727599742",Muy Bajo,Coyoacán,64121.1102758,1450.599056,0 a 25,1
1437.0,"19.4947092679,-99.1153428046",Alto,Gustavo A. Madero,187243.163603,2374.19575582,73 a 99,4
1447.0,"19.4882513064,-99.1877240728",Muy Alto,Azcapotzalco,220061.292289,2056.12376494,100,5
1421.0,"19.5374473627,-99.1496026605",Muy Alto,Gustavo A. Madero,131724.17036,1903.72922718,100,5
1417.0,"19.4839462865,-99.0732900281",Muy Alto,Gustavo A. Madero,220438.421752,1893.52552658,100,5
1402.0,"19.4032362249,-99.0889822541",Muy Alto,Iztacalco,1629848.35845,5909.10034025,100,5
1383.0,"19.4494485052,-99.0548619586",Alto,Gustavo A. Madero,286875.391403,2296.16066904,73 a 99,4
1391.0,"19.4658623362,-99.1465584094",Medio,Azcapotzalco,237492.115155,1960.65654357,50 a 72,3
1396.0,"19.304689654,-99.1205514131",Muy Alto,Coyoacán,361890.887149,2515.32358302,100,5
1415.0,"19.475694333,-99.095638789",Muy Alto,Gustavo A. Madero,341071.296039,2372.29282048,100,5
1251.0,"19.3919608268,-99.0823837316",Muy Alto,Iztacalco,207271.885855,2956.16856941,100,5
1214.0,"19.3879908114,-99.0989587012",Muy Alto,Iztacalco,114909.467334,1533.77332475,100,5
1199.0,"19.4588865958,-99.0903714801",Muy Alto,Gustavo A. Madero,283019.88344,2183.69221102,100,5
1235.0,"19.4194132914,-99.0637884291",Muy Alto,Iztacalco,264535.552809,2375.1676254,100,5
1069.0,"19.2704681626,-99.1872331105",Muy Bajo,Tlalpan,250149.115494,3979.08523881,0 a 25,1
1523.0,"19.3538132651,-99.3189785153",Muy Bajo,Cuajimalpa de Morelos,1393937.32734,6309.28076356,0 a 25,1
1524.0,"19.318775025,-99.1113505584",Muy Alto,Coyoacán,94884.3195593,1582.3035542,100,5
2449.0,"19.2488422117,-99.2201501082",Muy Bajo,Tlalpan,17839442.432,27100.2858192,0 a 25,1
2336.0,"19.4398019037,-99.1106126356",Muy Alto,Venustiano Carranza,82333.4442246,1679.27588703,100,5
2332.0,"19.4325068009,-99.1038484671",Muy Alto,Venustiano Carranza,179556.077861,2046.77014119,100,5
2343.0,"19.4535580342,-99.1565919485",Muy Alto,Cuauhtémoc,242259.100123,2450.22705901,100,5
2301.0,"19.4328010337,-99.1445384961",Muy Alto,Cuauhtémoc,314311.511013,2436.12403286,100,5
2.0,"19.2383968232,-99.1324066773",Muy Bajo,Xochimilco,581474.697123,4118.34898761,0 a 25,1
2429.0,"19.4481550898,-99.0908953216",Muy Alto,Venustiano Carranza,142488.860916,1861.50211299,100,5
2010.0,"19.4284098601,-99.0604015966",Muy Alto,Venustiano Carranza,22732.5047513,695.685674044,100,5
2030.0,"19.4056496236,-99.1574288412",Muy Alto,Cuauhtémoc,170073.832453,1687.8583615,100,5
2009.0,"19.42713749,-99.0594882152",Muy Alto,Venustiano Carranza,25787.0231652,796.984021998,100,5
2255.0,"19.4992953672,-99.0946149809",Muy Alto,Gustavo A. Madero,117726.904711,1711.38628311,100,5
2245.0,"19.4097484493,-99.1314193598",Muy Alto,Cuauhtémoc,111389.495457,1614.95969608,100,5
2298.0,"19.4206506145,-99.1317331818",Muy Alto,Cuauhtémoc,287067.212425,2170.76538199,100,5
32.0,"19.3809650541,-99.1373113251",Muy Alto,Benito Juárez,168263.324089,1712.40960466,100,5
25.0,"19.3804094569,-99.1487503632",Muy Alto,Benito Juárez,282519.247758,2524.60751835,100,5
61.0,"19.2877839599,-99.2215117222",Muy Bajo,Tlalpan,247925.370801,2041.57400638,0 a 25,1
13.0,"19.3990235697,-99.1414032444",Muy Alto,Benito Juárez,280083.797472,2381.63219312,100,5
62.0,"19.3834234537,-99.146122023",Muy Alto,Benito Juárez,147112.36011,2021.84446569,100,5
24.0,"19.3790028853,-99.1627532547",Muy Alto,Benito Juárez,387710.188966,2716.68770235,100,5
140.0,"19.242566309,-99.1676853074",Muy Bajo,Tlalpan,1461151.132,6038.29974379,0 a 25,1
170.0,"19.3551925401,-99.2333172504",Muy Bajo,Álvaro Obregón,147747.067312,2174.11434318,0 a 25,1
110.0,"19.2474109042,-99.1329730087",Muy Bajo,Xochimilco,141590.666469,2335.11331499,0 a 25,1
108.0,"19.2604597801,-99.101521084",Muy Alto,Xochimilco,182500.112415,1877.54854566,100,5
115.0,"19.3902649055,-99.135054123",Muy Alto,Benito Juárez,136063.867048,1833.25246093,100,5
111.0,"19.2564822974,-99.1164296978",Muy Alto,Xochimilco,297510.247414,2295.09036434,100,5
137.0,"19.2833123702,-99.0032329968",Muy Alto,Tláhuac,328390.650028,2337.4445478,100,5
82.0,"19.3754562128,-99.1466768808",Muy Alto,Benito Juárez,227636.090614,2078.80957073,100,5
92.0,"19.3851059003,-99.1585331431",Muy Alto,Benito Juárez,379083.785601,2760.53087275,100,5
70.0,"19.3716755473,-99.1390598313",Muy Alto,Benito Juárez,286994.729481,2161.43145718,100,5
211.0,"19.2703681255,-99.2193852727",Muy Bajo,Tlalpan,361919.084764,2776.29093746,0 a 25,1
212.0,"19.2747155555,-99.2143689207",Muy Bajo,Tlalpan,274919.894927,2441.45050855,0 a 25,1
191.0,"19.271786889,-99.2300575638",Muy Bajo,Tlalpan,211936.010915,2256.85592457,0 a 25,1
1651.0,"19.3831780908,-99.0340038688",Alto,Iztapalapa,174813.08907,2175.94113141,73 a 99,4
1633.0,"19.3883787797,-99.0361939613",Muy Alto,Iztapalapa,241232.283921,1965.21262682,100,5
1645.0,"19.3269936975,-99.0850168439",Alto,Iztapalapa,248471.913607,2850.36916365,73 a 99,4
1610.0,"19.3030650405,-99.2439967776",Muy Bajo,La Magdalena Contreras,381842.664426,4104.81060124,0 a 25,1
1602.0,"19.5086249771,-99.1953105195",Muy Alto,Azcapotzalco,151683.387773,1789.21636778,100,5
1587.0,"19.4752701002,-99.200543886",Muy Alto,Azcapotzalco,451996.86568,3090.87126741,100,5
1588.0,"19.4707302762,-99.1517134198",Muy Alto,Azcapotzalco,149451.410833,1626.34108647,100,5
1611.0,"19.3214333797,-99.2287715312",Muy Bajo,La Magdalena Contreras,213916.61642,2241.56882538,0 a 25,1
1599.0,"19.3305263632,-99.0620509317",Muy Alto,Iztapalapa,97338.2964351,1371.74271483,100,5
1601.0,"19.4683086173,-99.1874104821",Muy Alto,Azcapotzalco,395033.789645,2505.58030748,100,5
1996.0,"19.3731589055,-99.1784282973",Bajo,Benito Juárez,302433.475499,5533.10402169,26 a 49,2
1950.0,"19.4593086842,-99.1337284383",Muy Alto,Cuauhtémoc,137669.908645,1493.37942608,100,5
1973.0,"19.4295184501,-99.1982472509",Muy Bajo,Miguel Hidalgo,208009.619806,2561.03115761,0 a 25,1
1952.0,"19.4527137592,-99.1323397615",Muy Alto,Cuauhtémoc,33192.5515138,1003.53181306,100,5
1995.0,"19.3691171056,-99.1643213672",Muy Alto,Benito Juárez,237117.354145,2932.88904587,100,5
1522.0,"19.3904562709,-99.2654488984",Muy Bajo,Cuajimalpa de Morelos,2314455.57869,9653.70438697,0 a 25,1
1554.0,"19.5246320758,-99.1413010393",Muy Alto,Gustavo A. Madero,120574.655815,1828.06043169,100,5
1537.0,"19.3387383874,-99.1376941769",Muy Alto,Coyoacán,219272.086064,3091.56868131,100,5
1549.0,"19.4913307076,-99.1783699828",Muy Alto,Azcapotzalco,319881.618837,3019.97259837,100,5
1536.0,"19.3424019807,-99.1195157722",Muy Alto,Coyoacán,473598.104361,3402.32655948,100,5
1698.0,"19.3616462581,-99.2975545823",Muy Bajo,Cuajimalpa de Morelos,702021.710039,4704.7599843,0 a 25,1
1711.0,"19.3899475061,-99.0474043642",Muy Alto,Iztapalapa,120487.615417,1423.76034258,100,5
1704.0,"19.3878545899,-99.0328610664",Muy Alto,Iztapalapa,48954.4085421,915.74264763,100,5
1717.0,"19.5023883951,-99.2060785162",Muy Alto,Azcapotzalco,48626.6669347,1108.52898411,100,5
1694.0,"19.1918088273,-99.0750778109",Muy Bajo,Milpa Alta,15980.5600389,566.036805365,0 a 25,1
1655.0,"19.3663834545,-99.0237665874",Muy Alto,Iztapalapa,206349.739133,2294.34344822,100,5
1688.0,"19.3771149447,-99.0153198554",Muy Alto,Iztapalapa,424667.404461,2667.0850295,100,5
1818.0,"19.446806175,-99.1975055034",Muy Alto,Miguel Hidalgo,105561.986547,1470.38756971,100,5
1797.0,"19.4482548495,-99.2158712699",Muy Bajo,Miguel Hidalgo,114355.161342,1440.14369882,0 a 25,1
1795.0,"19.4467337621,-99.1725595659",Muy Alto,Miguel Hidalgo,288576.93841,2933.1507563,100,5
1918.0,"19.4085299882,-99.207542548",Muy Bajo,Miguel Hidalgo,1163736.54284,5212.87610526,0 a 25,1
1895.0,"19.4127672361,-99.1182527589",Muy Alto,Venustiano Carranza,179024.885572,1926.25484091,100,5
1774.0,"19.3034494288,-99.1050255552",Muy Alto,Coyoacán,741938.957322,4375.57469953,100,5
1759.0,"19.3676424836,-99.2916732013",Muy Bajo,Cuajimalpa de Morelos,120873.586137,1906.1402323,0 a 25,1
1740.0,"19.4832274269,-99.1458301825",Muy Alto,Gustavo A. Madero,201347.847712,2275.13284488,100,5
1835.0,"19.4415576413,-99.1865079932",Muy Alto,Miguel Hidalgo,371709.120839,2955.29025137,100,5
1881.0,"19.4551826533,-99.192600848",Muy Alto,Miguel Hidalgo,212301.042151,2115.32126902,100,5
2444.0,"19.2293574078,-99.0580211769",Muy Bajo,Xochimilco,17239684.5963,30745.8265082,0 a 25,1
2347.0,"19.4042179548,-99.2399994364",Muy Bajo,Miguel Hidalgo,563547.698299,6457.3245403,0 a 25,1
2344.0,"19.4404147092,-99.2125572158",Muy Bajo,Miguel Hidalgo,177869.131974,1763.48053619,0 a 25,1
2330.0,"19.4572667205,-99.1520329073",Muy Alto,Cuauhtémoc,327369.075977,2491.06142705,100,5
2452.0,"19.296083082,-99.3279792773",Muy Bajo,Cuajimalpa de Morelos,36808181.2353,57416.9455875,0 a 25,1
2436.0,"19.1517059771,-99.1066497049",Muy Bajo,Milpa Alta,45048973.2905,39473.5566795,0 a 25,1
2391.0,"19.4214988114,-99.2211526569",Muy Bajo,Miguel Hidalgo,360266.594818,3571.66976804,0 a 25,1
2420.0,"19.4271828645,-99.1071474559",Muy Alto,Venustiano Carranza,120998.067242,1745.57024972,100,5
2402.0,"19.4311411615,-99.0929968084",Muy Alto,Venustiano Carranza,223796.255046,1915.92015378,100,5
2355.0,"19.4206029089,-99.2127037093",Muy Bajo,Miguel Hidalgo,323804.276633,3481.72232788,0 a 25,1
2357.0,"19.4125241185,-99.1107963297",Muy Alto,Venustiano Carranza,88968.9111067,1288.48136236,100,5
1937.0,"19.4442984298,-99.1419284279",Muy Alto,Cuauhtémoc,268437.623379,2276.82729913,100,5
1947.0,"19.3663787272,-99.1861925628",Muy Bajo,Benito Juárez,227809.46694,2170.96498062,0 a 25,1
2026.0,"19.4935520756,-99.1010195529",Medio,Gustavo A. Madero,173269.17579,3117.79823083,50 a 72,3
2023.0,"19.5015690905,-99.1393816834",Muy Alto,Gustavo A. Madero,1816326.73473,6034.13934925,100,5
2012.0,"19.4218078077,-99.0890122969",Muy Alto,Venustiano Carranza,172314.139099,1719.50921528,100,5
2011.0,"19.419925163,-99.0856979554",Muy Alto,Venustiano Carranza,174558.743593,1716.25473691,100,5
2004.0,"19.4180688803,-99.1004314828",Muy Alto,Venustiano Carranza,81282.1212091,1132.30906756,100,5
2112.0,"19.4832953384,-99.0912829252",Muy Alto,Gustavo A. Madero,122586.700148,1711.31557743,100,5
2126.0,"19.4734026245,-99.125759476",Muy Alto,Gustavo A. Madero,208833.335434,2542.92200946,100,5
2128.0,"19.3948979977,-99.0604778821",Muy Alto,Iztacalco,298738.463263,2824.14984024,100,5
2129.0,"19.3906425979,-99.0757560174",Muy Alto,Iztacalco,225317.102045,2046.32114665,100,5
2107.0,"19.5101762935,-99.0998092262",Alto,Gustavo A. Madero,122457.297731,1864.36169149,73 a 99,4
2081.0,"19.4476821987,-99.1613288736",Muy Alto,Cuauhtémoc,273315.917244,2194.75768804,100,5
2191.0,"19.5012148983,-99.076717098",Alto,Gustavo A. Madero,273484.193219,2099.5969597,73 a 99,4
2071.0,"19.36055076,-99.1411976763",Alto,Benito Juárez,318568.534497,2398.07342768,73 a 99,4
2196.0,"19.5288663276,-99.1482430559",Muy Alto,Gustavo A. Madero,144211.724086,1764.36021709,100,5
2195.0,"19.5344216254,-99.153431264",Alto,Gustavo A. Madero,732732.813014,3604.1598819,73 a 99,4
2203.0,"19.4988294562,-99.1302504565",Muy Alto,Gustavo A. Madero,329191.218031,3408.67785372,100,5
2194.0,"19.4646007605,-99.1298032513",Muy Alto,Gustavo A. Madero,233869.379602,2149.94794877,100,5
2235.0,"19.3898178331,-99.1007576389",Muy Alto,Iztacalco,113228.7332,1885.28112086,100,5
2247.0,"19.410652307,-99.1404876349",Muy Alto,Cuauhtémoc,192775.88949,1992.99322072,100,5
2218.0,"19.5192607895,-99.1467097579",Muy Alto,Gustavo A. Madero,177886.761441,2015.59756024,100,5
2280.0,"19.4287388625,-99.2071600824",Muy Bajo,Miguel Hidalgo,383543.282261,3187.88215074,0 a 25,1
2296.0,"19.4344801668,-99.1782400336",Muy Alto,Miguel Hidalgo,169001.884436,2276.24710205,100,5
7.0,"19.2398443005,-99.0177256257",Muy Bajo,Xochimilco,53144.7086834,994.116911893,0 a 25,1
16.0,"19.3902216115,-99.1494473798",Muy Alto,Benito Juárez,273083.182025,2199.96794946,100,5
40.0,"19.3861871392,-99.1666193379",Muy Alto,Benito Juárez,354758.280094,2452.99944916,100,5
157.0,"19.3081803017,-99.224893578",Muy Bajo,Tlalpan,221960.261656,2242.25185157,0 a 25,1
364.0,"19.3595443791,-99.0318209872",Muy Alto,Iztapalapa,573620.731193,3075.25416073,100,5
366.0,"19.3280517438,-99.0808115511",Muy Alto,Iztapalapa,77247.483522,1159.63888312,100,5
246.0,"19.3010184192,-99.0186118026",Muy Alto,Tláhuac,800735.649875,5665.6949288,100,5
249.0,"19.3061780961,-99.0473472702",Muy Alto,Tláhuac,133108.028668,1700.98772131,100,5
307.0,"19.3571101502,-99.2294866226",Muy Bajo,Álvaro Obregón,116584.671873,1548.70584936,0 a 25,1
256.0,"19.2864103206,-99.1866063106",Bajo,Tlalpan,185289.458411,2515.81897347,26 a 49,2
168.0,"19.2561786983,-99.0900266098",Muy Alto,Xochimilco,1190487.05737,4927.69730656,100,5
199.0,"19.2285735831,-99.1155366074",Muy Bajo,Xochimilco,66920.0883938,1630.64283326,0 a 25,1
161.0,"19.2805423109,-99.1127835568",Muy Alto,Xochimilco,116137.413924,1509.04785101,100,5
177.0,"19.2854396271,-99.2389330242",Muy Bajo,Tlalpan,283711.219637,2475.52859903,0 a 25,1
233.0,"19.3985420935,-99.1969037868",Muy Bajo,Álvaro Obregón,158422.521707,1880.50522476,0 a 25,1
97.0,"19.3010904856,-99.0960794566",Muy Alto,Xochimilco,3171486.8043,9228.91187152,100,5
103.0,"19.4011587376,-99.1588058018",Muy Alto,Benito Juárez,233161.957085,3035.92999922,100,5
441.0,"19.3177664827,-99.2157312882",Muy Bajo,Álvaro Obregón,1083853.42705,5669.68298189,0 a 25,1
468.0,"19.3058003122,-99.0501391121",Muy Alto,Tláhuac,222300.563026,2559.14103265,100,5
400.0,"19.3602164821,-99.2576278733",Muy Bajo,Álvaro Obregón,229871.069108,2541.08864715,0 a 25,1
420.0,"19.3602078869,-99.176131452",Bajo,Álvaro Obregón,470770.28052,2959.57692696,26 a 49,2
490.0,"19.2999744428,-99.0381860747",Muy Alto,Tláhuac,526483.088967,3062.08554711,100,5
486.0,"19.3071853509,-99.0412257213",Muy Alto,Tláhuac,90651.8590797,1410.71477015,100,5
2001.0,"19.4512463536,-99.135152674",Muy Alto,Cuauhtémoc,28504.0307849,714.103337952,100,5
2002.0,"19.4516351095,-99.1392721452",Muy Alto,Cuauhtémoc,59836.0269398,1195.96255861,100,5
2006.0,"19.3996412915,-99.2288447619",Muy Bajo,Miguel Hidalgo,1449905.59097,7045.68308656,0 a 25,1
2019.0,"19.4168559534,-99.1520694463",Muy Alto,Cuauhtémoc,314454.65345,2394.95206534,100,5
2034.0,"19.4320405602,-99.1263150426",Muy Alto,Cuauhtémoc,162789.626164,1632.2858683,100,5
2059.0,"19.3721108801,-99.172966227",Muy Alto,Benito Juárez,296029.483097,3075.71610958,100,5
2065.0,"19.4064221982,-99.1276422222",Alto,Cuauhtémoc,166155.140079,1807.25969673,73 a 99,4
2097.0,"19.4909136918,-99.069169047",Alto,Gustavo A. Madero,169653.739219,1913.14610751,73 a 99,4
2100.0,"19.3997702867,-99.0961423668",Muy Alto,Iztacalco,307449.565219,2285.29222978,100,5
2135.0,"19.5521332497,-99.1446722135",Muy Bajo,Gustavo A. Madero,530308.142279,3061.60449449,0 a 25,1
2142.0,"19.4800891353,-99.0805760495",Muy Alto,Gustavo A. Madero,302067.622651,2307.51370782,100,5
2173.0,"19.4018389703,-99.1276741672",Muy Alto,Iztacalco,252916.577023,2440.07576582,100,5
2187.0,"19.4891709164,-99.0845950529",Muy Alto,Gustavo A. Madero,114429.960199,1468.81677265,100,5
2201.0,"19.4970179627,-99.0796939984",Muy Alto,Gustavo A. Madero,302450.118081,2391.34126081,100,5
2205.0,"19.4876212616,-99.0718064442",Muy Alto,Gustavo A. Madero,233159.676063,1906.39361055,100,5
2217.0,"19.5273795132,-99.1722110926",Alto,Gustavo A. Madero,402781.491389,3751.45409523,73 a 99,4
2224.0,"19.3840715196,-99.1323845319",Muy Alto,Iztacalco,165907.575411,1968.59707009,100,5
2225.0,"19.413624041,-99.1622072894",Muy Alto,Cuauhtémoc,274051.529114,2599.59577042,100,5
2229.0,"19.4375692622,-99.1513671431",Muy Alto,Cuauhtémoc,174424.230488,1757.7302953,100,5
2264.0,"19.4127455323,-99.1796233284",Muy Alto,Cuauhtémoc,164802.107612,1680.44890203,100,5
2274.0,"19.4525560103,-99.182276874",Muy Alto,Miguel Hidalgo,398834.261832,3253.01671203,100,5
2275.0,"19.434658561,-99.2054966655",Muy Bajo,Miguel Hidalgo,507202.920388,3838.24462001,0 a 25,1
2284.0,"19.4520367364,-99.1966355111",Muy Alto,Miguel Hidalgo,258128.254478,2176.4108861,100,5
2285.0,"19.4464982129,-99.1869069577",Muy Alto,Miguel Hidalgo,417982.3831,3132.72432844,100,5
2308.0,"19.4423786363,-99.1090647105",Muy Alto,Venustiano Carranza,90847.8381625,1379.7988276,100,5
2310.0,"19.4112939989,-99.0886656159",Muy Alto,Venustiano Carranza,208884.977044,2096.61187607,100,5
2314.0,"19.4368912098,-99.0842215729",Muy Alto,Venustiano Carranza,152044.056629,1829.36075611,100,5
2316.0,"19.4381081155,-99.0902763239",Muy Alto,Venustiano Carranza,250819.257801,2279.27261687,100,5
2318.0,"19.4009818575,-99.1798165026",Muy Alto,Miguel Hidalgo,334458.993453,2826.5146095,100,5
2322.0,"19.4402577834,-99.0830077534",Alto,Venustiano Carranza,243955.63617,2047.51384308,73 a 99,4
2329.0,"19.4518744798,-99.1611404287",Muy Alto,Cuauhtémoc,368623.575217,2763.45550628,100,5
2341.0,"19.438460216,-99.2225305513",Muy Bajo,Miguel Hidalgo,847741.940407,4190.82235396,0 a 25,1
2380.0,"19.4124646557,-99.0941487695",Muy Alto,Venustiano Carranza,137108.373382,2615.99263323,100,5
2381.0,"19.4178226964,-99.1191343992",Muy Alto,Venustiano Carranza,92489.3684689,1276.8269934,100,5
2387.0,"19.4449232751,-99.2162910372",Muy Bajo,Miguel Hidalgo,298078.286503,3125.54414564,0 a 25,1
2408.0,"19.4092891875,-99.2231411642",Muy Bajo,Miguel Hidalgo,571787.337484,3901.48976894,0 a 25,1
2416.0,"19.4494968283,-99.2025478203",Alto,Miguel Hidalgo,64305.2381182,1157.11002927,73 a 99,4
2418.0,"19.4099301463,-99.1120780391",Muy Alto,Venustiano Carranza,77784.7165126,1158.0715666,100,5
2421.0,"19.4371770337,-99.0995057451",Muy Alto,Venustiano Carranza,377072.856442,3868.14833038,100,5
2433.0,"19.1393471209,-99.019022185",Muy Bajo,Milpa Alta,163864401.434,114195.715371,0 a 25,1
2443.0,"19.2280119298,-99.1378371774",Muy Bajo,Xochimilco,6121810.16441,19328.2367403,0 a 25,1
2446.0,"19.2752650593,-99.0715741951",Medio,Xochimilco,17367027.0403,22945.8034658,50 a 72,3
1327.0,"19.3554183095,-99.1652569171",Medio,Coyoacán,260313.427701,2274.19907783,50 a 72,3
1340.0,"19.5049189603,-99.1564803635",Alto,Gustavo A. Madero,105629.092627,1329.92014683,73 a 99,4
1348.0,"19.3225273992,-99.1579829321",Muy Bajo,Coyoacán,443083.611958,3031.65786169,0 a 25,1
1357.0,"19.4883501834,-99.2048772477",Muy Alto,Azcapotzalco,265154.398447,2134.18409335,100,5
1374.0,"19.3178079421,-99.1436434702",Muy Alto,Coyoacán,293278.455859,2947.20467667,100,5
1383.0,"19.4494485052,-99.0548619586",Alto,Gustavo A. Madero,286875.391403,2296.16066904,73 a 99,4
1391.0,"19.4658623362,-99.1465584094",Medio,Azcapotzalco,237492.115155,1960.65654357,50 a 72,3
1403.0,"19.3929386654,-99.0886818964",Muy Alto,Iztacalco,114343.060122,1388.0655192,100,5
1406.0,"19.3558120306,-99.1556609583",Bajo,Coyoacán,456380.456983,3332.45450393,26 a 49,2
1411.0,"19.4774588726,-99.214475378",Muy Alto,Azcapotzalco,177118.764865,2461.44012836,100,5
1446.0,"19.316975329,-99.1340846363",Muy Alto,Coyoacán,233832.107521,2474.55763814,100,5
1454.0,"19.3370285439,-99.1581877638",Muy Alto,Coyoacán,336662.449478,3451.46679242,100,5
1463.0,"19.4771537415,-99.1175422089",Muy Alto,Gustavo A. Madero,155413.418844,1718.92162217,100,5
1468.0,"19.5367889685,-99.1348290011",Muy Bajo,Gustavo A. Madero,222523.950116,2288.08674085,0 a 25,1
1520.0,"19.3342542045,-99.1390443255",Muy Alto,Coyoacán,128706.562109,1712.27042974,100,5
1530.0,"19.4666783497,-99.1554473872",Muy Alto,Azcapotzalco,544939.599185,3006.46994131,100,5
1540.0,"19.3489429361,-99.2704436617",Muy Bajo,Cuajimalpa de Morelos,2533057.0912,8923.59400208,0 a 25,1
1559.0,"19.341672764,-99.1617728001",Muy Alto,Coyoacán,648709.93212,4095.94557514,100,5
1583.0,"19.3366676401,-99.1407980529",Muy Alto,Coyoacán,77130.4667204,1130.4137242,100,5
1592.0,"19.2834376253,-99.24625448",Muy Bajo,La Magdalena Contreras,244999.858186,2924.23143834,0 a 25,1
1596.0,"19.3503727883,-99.0438672234",Muy Alto,Iztapalapa,159012.539297,1758.72450347,100,5
1607.0,"19.3113203078,-99.2496634082",Muy Bajo,La Magdalena Contreras,185663.773912,2332.65798727,0 a 25,1
1619.0,"19.3724089394,-99.2898987906",Muy Bajo,Cuajimalpa de Morelos,284074.916025,2859.77034094,0 a 25,1
1658.0,"19.3694091288,-99.0356909618",Muy Alto,Iztapalapa,14962.4768764,488.305619061,100,5
1682.0,"19.3752390776,-99.2852888232",Muy Bajo,Cuajimalpa de Morelos,191834.990179,2229.17687008,0 a 25,1
1687.0,"19.3744762078,-99.0112852935",Alto,Iztapalapa,396103.735443,2794.86290251,73 a 99,4
1701.0,"19.3257670498,-99.1065918401",Muy Alto,Coyoacán,124380.919998,1809.94305953,100,5
1716.0,"19.489789615,-99.1915793713",Muy Alto,Azcapotzalco,268889.134278,2233.11375016,100,5
1746.0,"19.3195049448,-99.2356859422",Muy Bajo,La Magdalena Contreras,453132.603478,3253.78745228,0 a 25,1
1767.0,"19.3095237617,-99.2684545123",Muy Bajo,La Magdalena Contreras,405971.5527,2970.84457822,0 a 25,1
1787.0,"19.4220340121,-99.1456878182",Muy Alto,Cuauhtémoc,361654.669458,2437.13776554,100,5
1798.0,"19.4491344335,-99.2129099325",Muy Bajo,Miguel Hidalgo,63466.7873366,1125.58626768,0 a 25,1
1802.0,"19.4788100929,-99.1555058898",Muy Alto,Azcapotzalco,174053.010407,2021.725547,100,5
1807.0,"19.4280661168,-99.0946751331",Muy Alto,Venustiano Carranza,201322.818634,1848.86025597,100,5
1814.0,"19.4441800398,-99.0832316741",Alto,Venustiano Carranza,305100.971801,2978.99280938,73 a 99,4
1829.0,"19.435980979,-99.0956056193",Muy Alto,Venustiano Carranza,132699.323249,1815.47188456,100,5
1845.0,"19.4731017388,-99.1666485173",Muy Alto,Azcapotzalco,81343.7701458,1637.22194846,100,5
1851.0,"19.4470036704,-99.1158125338",Muy Alto,Venustiano Carranza,158063.085101,2163.83525492,100,5
1890.0,"19.4125922714,-99.0905496591",Muy Alto,Venustiano Carranza,206306.652282,2568.17807699,100,5
1892.0,"19.4111160823,-99.1233107638",Muy Alto,Venustiano Carranza,163730.213535,1807.59770328,100,5
1894.0,"19.4197154722,-99.121844137",Muy Alto,Venustiano Carranza,89739.2791257,1509.4104491,100,5
1903.0,"19.4592891063,-99.1372146677",Muy Alto,Cuauhtémoc,179947.452542,1804.38886566,100,5
1919.0,"19.4181856007,-99.2169232903",Muy Bajo,Miguel Hidalgo,331930.991596,2986.6883248,0 a 25,1
1930.0,"19.4306263333,-99.1580504925",Muy Alto,Cuauhtémoc,293152.92701,4231.3155603,100,5
1949.0,"19.3740910442,-99.1653563357",Muy Alto,Benito Juárez,282463.711865,2345.91061736,100,5
1994.0,"19.3739912594,-99.1594793336",Muy Alto,Benito Juárez,292340.188809,2709.35297172,100,5
640.0,"19.372302861,-99.2241496627",Muy Bajo,Álvaro Obregón,383686.236839,4061.85599243,0 a 25,1
611.0,"19.3730674872,-99.0907568998",Muy Alto,Iztapalapa,2264933.07312,5880.71444874,100,5
553.0,"19.3601316766,-99.1885804764",Muy Bajo,Álvaro Obregón,455964.467212,4492.85718991,0 a 25,1
582.0,"19.3572751779,-99.2432977603",Muy Bajo,Álvaro Obregón,121000.395651,2246.78653618,0 a 25,1
531.0,"19.3050023813,-99.0389640522",Muy Alto,Tláhuac,124019.557952,1551.44067142,100,5
721.0,"19.3855454619,-99.0938521291",Muy Alto,Iztacalco,117736.719373,1535.07586432,100,5
749.0,"19.2906228986,-99.0731381292",Alto,Iztapalapa,98690.0311978,1379.43375322,73 a 99,4
747.0,"19.2876947833,-99.0715163014",Muy Alto,Iztapalapa,64626.5161846,1693.00715511,100,5
506.0,"19.378876653,-99.2119247578",Muy Bajo,Álvaro Obregón,90284.2355563,1692.45432384,0 a 25,1
516.0,"19.27434366,-99.0034735433",Muy Alto,Tláhuac,146666.865745,1719.61947855,100,5
923.0,"19.3393242536,-98.9873477223",Muy Bajo,Iztapalapa,156819.101603,1880.14292193,0 a 25,1
858.0,"19.374583687,-99.1327498215",Muy Alto,Iztapalapa,379580.673196,2517.283097,100,5
860.0,"19.3543835542,-99.1193384207",Muy Alto,Iztapalapa,342439.084811,2411.16400775,100,5
825.0,"19.359713645,-99.1126636533",Muy Alto,Iztapalapa,263600.343771,2128.49323174,100,5
778.0,"19.3900663289,-99.0401606673",Muy Alto,Iztapalapa,121032.784566,1593.71732093,100,5
707.0,"19.3302314856,-99.0395022885",Muy Alto,Iztapalapa,229925.076915,3417.87545054,100,5
681.0,"19.3407944155,-99.0246710265",Alto,Iztapalapa,317840.58015,2720.36528457,73 a 99,4
679.0,"19.3871970603,-99.0490309932",Muy Alto,Iztapalapa,73136.5161413,1080.8512077,100,5
657.0,"19.3734101931,-99.2119872387",Muy Bajo,Álvaro Obregón,147034.046712,2042.48355184,0 a 25,1
690.0,"19.3947148671,-99.0714760829",Muy Alto,Iztacalco,209065.887361,2055.37403819,100,5
695.0,"19.3706520002,-99.0055701962",Muy Alto,Iztapalapa,78145.6122464,1160.71094261,100,5
691.0,"19.363893888,-99.07675217",Muy Alto,Iztapalapa,260183.594858,2068.23628656,100,5
918.0,"19.3320815221,-99.0241754072",Muy Bajo,Iztapalapa,153628.389328,2056.75723081,0 a 25,1
904.0,"19.3088972375,-99.0732813308",Muy Alto,Iztapalapa,266659.034212,2273.82035904,100,5
910.0,"19.3464202715,-99.0706238475",Muy Alto,Iztapalapa,273427.364445,2494.58743012,100,5
1003.0,"19.2869893273,-99.1676257034",Muy Bajo,Tlalpan,388669.116644,3316.79618804,0 a 25,1
1024.0,"19.5417687551,-99.1508024577",Alto,Gustavo A. Madero,227074.575891,2157.52666765,73 a 99,4
1049.0,"19.2382156774,-99.1792911722",Muy Bajo,Tlalpan,1337170.39627,5901.67404678,0 a 25,1
1071.0,"19.2928649237,-99.2167631516",Muy Bajo,Tlalpan,379610.22332,3008.35482141,0 a 25,1
1076.0,"19.2988961939,-99.0787218045",Muy Alto,Iztapalapa,106642.699322,1790.37488859,100,5
1086.0,"19.2298375479,-99.1219804578",Muy Bajo,Xochimilco,512945.147947,4728.27437442,0 a 25,1
1098.0,"19.208669809,-99.1611463671",Muy Bajo,Tlalpan,361378.666619,3268.65575606,0 a 25,1
1104.0,"19.2973891254,-99.1479666819",Muy Alto,Tlalpan,367245.949285,2569.85005019,100,5
1111.0,"19.3451892219,-99.0553619151",Muy Alto,Iztapalapa,144945.433724,1676.93204501,100,5
1117.0,"19.2969909092,-99.1042985486",Muy Alto,Tlalpan,68605.8167601,1543.37936818,100,5
1119.0,"19.2987681273,-99.1626031025",Alto,Tlalpan,458617.66514,3168.45267429,73 a 99,4
1126.0,"19.229449598,-99.1952547112",Bajo,Tlalpan,410011.8044,4056.32600974,26 a 49,2
1135.0,"19.2795300333,-99.1996699445",Muy Bajo,Tlalpan,266625.525501,2547.92053513,0 a 25,1
1140.0,"19.2763355374,-99.1909519463",Muy Bajo,Tlalpan,435712.396682,3047.02316167,0 a 25,1
1198.0,"19.4745440987,-99.1294001769",Muy Alto,Gustavo A. Madero,236572.526031,2647.54748713,100,5
1206.0,"19.469417941,-99.1412641278",Muy Alto,Gustavo A. Madero,378425.462059,2768.12397319,100,5
1209.0,"19.3915188445,-99.0947405342",Muy Alto,Iztacalco,88281.7920204,1362.91332708,100,5
1228.0,"19.4646076164,-99.1257605004",Muy Alto,Gustavo A. Madero,374412.037343,3401.38701254,100,5
1256.0,"19.4980204918,-99.1492705255",Muy Alto,Gustavo A. Madero,88928.2358607,1441.36580303,100,5
1302.0,"19.3239650369,-99.1438820271",Muy Alto,Coyoacán,561840.921246,4900.70156387,100,5
1313.0,"19.4800850732,-99.2085541568",Muy Alto,Azcapotzalco,439499.730471,3318.79874141,100,5
1320.0,"19.3445460014,-99.1716572058",Muy Alto,Coyoacán,164746.408242,1990.39519612,100,5
996.0,"19.2974749667,-99.1872579063",Muy Bajo,Tlalpan,163726.787144,2103.18884028,0 a 25,1
992.0,"19.3266569276,-99.0529112794",Muy Alto,Iztapalapa,23373.5948851,640.585508441,100,5
33.0,"19.3746769444,-99.143093963",Muy Alto,Benito Juárez,355898.042513,2564.9726072,100,5
1296.0,"19.3106411925,-99.1524136062",Alto,Coyoacán,429282.056397,3604.44206668,73 a 99,4
1269.0,"19.449114424,-99.0872870827",Muy Alto,Gustavo A. Madero,305570.328797,2363.62728176,100,5
1323.0,"19.4540838018,-99.0978630178",Muy Alto,Gustavo A. Madero,224249.866962,2418.91532458,100,5
1210.0,"19.3907395886,-99.0914344678",Muy Alto,Iztacalco,116385.910624,1750.24799096,100,5
1175.0,"19.5026368504,-99.1126885263",Alto,Gustavo A. Madero,259821.335859,2957.9565299,73 a 99,4
1190.0,"19.388032914,-99.1239615537",Muy Alto,Iztacalco,134868.560632,1604.06117084,100,5
1147.0,"19.3244250475,-99.0372083699",Bajo,Iztapalapa,232446.585845,2148.49094863,26 a 49,2
1151.0,"19.2904706475,-99.0684516178",Muy Alto,Iztapalapa,102090.285288,1462.76604874,100,5
1183.0,"19.4912070811,-99.1860679801",Muy Alto,Azcapotzalco,168944.511166,2144.80380335,100,5
1225.0,"19.4724822349,-99.0860251221",Muy Alto,Gustavo A. Madero,139184.929324,1897.0440318,100,5
1259.0,"19.5486353148,-99.122883969",Muy Bajo,Gustavo A. Madero,134005.880944,2216.56996361,0 a 25,1
1244.0,"19.5224888839,-99.1546871999",Muy Alto,Gustavo A. Madero,264491.44496,2416.27309639,100,5
1249.0,"19.5469255663,-99.1482171007",Medio,Gustavo A. Madero,514203.891669,2876.783158,50 a 72,3
1478.0,"19.5658172735,-99.1433059667",Muy Bajo,Gustavo A. Madero,218502.254115,2363.91589947,0 a 25,1
1474.0,"19.4759818184,-99.2182393994",Medio,Azcapotzalco,195441.716194,1806.10070542,50 a 72,3
1480.0,"19.3567375411,-99.0619648881",Muy Alto,Iztapalapa,106573.853472,1765.68607241,100,5
1462.0,"19.526544451,-99.165879364",Alto,Gustavo A. Madero,376911.514813,2628.69395869,73 a 99,4
973.0,"19.3365162173,-99.0605800707",Muy Alto,Iztapalapa,153610.934572,2100.65939225,100,5
966.0,"19.3214383447,-99.0429147808",Muy Alto,Iztapalapa,188888.729902,2121.67859405,100,5
914.0,"19.3279771696,-99.026073661",Muy Bajo,Iztapalapa,178638.930895,2105.8179077,0 a 25,1
893.0,"19.3405068835,-99.0503516331",Muy Alto,Iztapalapa,239240.456433,2617.66601945,100,5
918.0,"19.3320815221,-99.0241754072",Muy Bajo,Iztapalapa,153628.389328,2056.75723081,0 a 25,1
913.0,"19.3326781082,-99.0746221315",Muy Alto,Iztapalapa,12892.3425219,552.546726926,100,5
1044.0,"19.2710392914,-99.2095873037",Muy Bajo,Tlalpan,815353.604697,3830.36058036,0 a 25,1
1050.0,"19.2973832793,-99.1025101349",Muy Alto,Tlalpan,162410.124244,1752.67657471,100,5
1412.0,"19.4808320196,-99.1185565862",Alto,Gustavo A. Madero,551910.42231,5911.60450334,73 a 99,4
1400.0,"19.3881970845,-99.1032775555",Muy Alto,Iztacalco,166967.346606,2007.04320741,100,5
1439.0,"19.4731650459,-99.061996515",Alto,Gustavo A. Madero,161117.15857,2263.24301557,73 a 99,4
1359.0,"19.4886470736,-99.1980789609",Muy Alto,Azcapotzalco,269287.031467,2186.75847871,100,5
1119.0,"19.2987681273,-99.1626031025",Alto,Tlalpan,458617.66514,3168.45267429,73 a 99,4
1142.0,"19.2836453273,-99.190082042",Bajo,Tlalpan,229191.709221,2424.57175492,26 a 49,2
215.0,"19.2293207067,-99.0995346037",Muy Bajo,Xochimilco,478159.915341,4058.31521369,0 a 25,1
194.0,"19.2816067863,-99.223524253",Muy Bajo,Tlalpan,296696.952605,2391.05387803,0 a 25,1
275.0,"19.3759551846,-99.2583147309",Muy Bajo,Álvaro Obregón,1419898.08389,9730.8615202,0 a 25,1
261.0,"19.3829552183,-99.2274379319",Muy Bajo,Álvaro Obregón,113534.77893,1491.36551511,0 a 25,1
260.0,"19.2823527403,-99.1715197632",Muy Bajo,Tlalpan,228352.505442,2292.95642435,0 a 25,1
259.0,"19.2810689003,-99.2343890666",Muy Bajo,Tlalpan,243875.341642,2356.49219893,0 a 25,1
339.0,"19.3668261671,-99.2550861825",Muy Bajo,Álvaro Obregón,741384.578132,5442.7473634,0 a 25,1
299.0,"19.2723030555,-99.0054229198",Muy Alto,Tláhuac,282088.938342,2696.14314465,100,5
403.0,"19.2703936016,-99.1659508925",Muy Bajo,Tlalpan,500250.11569,3666.57783833,0 a 25,1
422.0,"19.3378653565,-99.1963520757",Muy Bajo,Álvaro Obregón,541834.343477,3812.80905707,0 a 25,1
425.0,"19.2954956513,-99.1163100786",Muy Alto,Tlalpan,74594.4292317,1271.09877707,100,5
370.0,"19.1370042594,-99.1760935344",Muy Bajo,Tlalpan,658494.769101,5510.95074032,0 a 25,1
367.0,"19.3813492772,-99.2359508201",Muy Bajo,Álvaro Obregón,250065.55859,2617.33657873,0 a 25,1
348.0,"19.3713361592,-99.1963810003",Muy Bajo,Álvaro Obregón,78091.0505214,1513.37378827,0 a 25,1
340.0,"19.2884981081,-99.0429799862",Muy Alto,Tláhuac,326913.41424,2339.68368918,100,5
366.0,"19.3280517438,-99.0808115511",Muy Alto,Iztapalapa,77247.483522,1159.63888312,100,5
171.0,"19.3809291203,-99.2457600646",Muy Bajo,Álvaro Obregón,239524.674138,2435.14987838,0 a 25,1
122.0,"19.3915095885,-99.2078496208",Muy Bajo,Álvaro Obregón,109992.706236,1534.9089982,0 a 25,1
90.0,"19.391098048,-99.1550370736",Muy Alto,Benito Juárez,398653.607375,2609.193045,100,5
101.0,"19.3980046949,-99.167695161",Muy Alto,Benito Juárez,237018.477974,2197.38246564,100,5
91.0,"19.3978146146,-99.1577047386",Muy Alto,Benito Juárez,258878.125255,2580.30588922,100,5
59.0,"19.2692780609,-99.1136596976",Muy Alto,Xochimilco,265392.406126,2293.43345985,100,5
51.0,"19.3999250558,-99.1522667468",Muy Alto,Benito Juárez,359865.191351,3106.71109882,100,5
68.0,"19.3796882436,-99.1424823068",Muy Alto,Benito Juárez,182431.17049,1914.02014248,100,5
493.0,"19.3334704238,-99.250640474",Muy Bajo,Álvaro Obregón,642157.497625,5106.56869809,0 a 25,1
499.0,"19.3855295923,-99.2224970307",Muy Bajo,Álvaro Obregón,71418.2569632,1495.22085947,0 a 25,1
444.0,"19.3364999095,-99.2294016389",Muy Bajo,Álvaro Obregón,1563438.36836,7182.7352361,0 a 25,1
436.0,"19.3853217412,-99.2190118575",Muy Bajo,Álvaro Obregón,71121.5817352,1403.15980476,0 a 25,1
462.0,"19.4014823254,-99.1945746784",Muy Bajo,Álvaro Obregón,240024.473244,2384.05949688,0 a 25,1
442.0,"19.3274338878,-99.2544405482",Muy Bajo,Álvaro Obregón,143733.177327,1942.81600396,0 a 25,1
487.0,"19.3023207966,-99.0431017862",Muy Alto,Tláhuac,140747.18162,1841.6299738,100,5
431.0,"19.3084657036,-99.0372210352",Alto,Tláhuac,263525.255966,2500.29247645,73 a 99,4
480.0,"19.3765263391,-99.1976190755",Bajo,Álvaro Obregón,173872.021234,2076.39034089,26 a 49,2
430.0,"19.2856101498,-99.2315451201",Bajo,Tlalpan,254446.600905,2066.14546672,26 a 49,2
503.0,"19.2783371231,-99.173197587",Muy Bajo,Tlalpan,28108.5492545,706.825637255,0 a 25,1
657.0,"19.3734101931,-99.2119872387",Muy Bajo,Álvaro Obregón,147034.046712,2042.48355184,0 a 25,1
643.0,"19.3324466964,-99.2172184213",Muy Bajo,La Magdalena Contreras,42883.0471507,851.983692368,0 a 25,1
821.0,"19.3651357122,-98.9994377697",Muy Alto,Iztapalapa,164741.688806,2612.24893612,100,5
822.0,"19.3635563955,-99.0014518016",Muy Alto,Iztapalapa,117314.689553,1804.37817429,100,5
792.0,"19.3852036278,-99.072539387",Muy Alto,Iztapalapa,206814.360523,2431.6576774,100,5
797.0,"19.3407545037,-99.0274968241",Muy Alto,Iztapalapa,146078.177008,2081.92578348,100,5
613.0,"19.3387198679,-99.0083817037",Muy Bajo,Iztapalapa,229725.546026,2657.25910981,0 a 25,1
620.0,"19.3634063777,-99.2172771273",Muy Bajo,Álvaro Obregón,320850.333891,3557.00327094,0 a 25,1
570.0,"19.3206923111,-99.0586333492",Muy Alto,Iztapalapa,140355.674176,2076.25616369,100,5
558.0,"19.3875934428,-99.2094652153",Muy Bajo,Álvaro Obregón,31452.765862,707.219623008,0 a 25,1
737.0,"19.3370621693,-99.0551612994",Muy Alto,Iztapalapa,143774.962951,1768.7517002,100,5
714.0,"19.3742813569,-99.0374365134",Muy Alto,Iztapalapa,158158.375732,1607.36277147,100,5
704.0,"19.3747552905,-99.1045378548",Muy Alto,Iztapalapa,276458.835647,2283.39726315,100,5
712.0,"19.3646296793,-99.0088400548",Muy Alto,Iztapalapa,300891.090145,2292.92507743,100,5
664.0,"19.3100826586,-99.2559743409",Bajo,La Magdalena Contreras,500513.40912,3326.6418698,26 a 49,2
660.0,"19.3805121946,-99.1985929058",Muy Bajo,Álvaro Obregón,555974.647781,3704.49876415,0 a 25,1
672.0,"19.3314489647,-99.020191109",Muy Bajo,Iztapalapa,233560.933996,2861.94198841,0 a 25,1
681.0,"19.3407944155,-99.0246710265",Alto,Iztapalapa,317840.58015,2720.36528457,73 a 99,4
696.0,"19.3843859717,-99.028414124",Alto,Iztapalapa,280715.796864,2132.70821744,73 a 99,4
751.0,"19.2965833675,-99.0672586928",Muy Alto,Iztapalapa,120943.408572,1610.15013737,100,5
767.0,"19.314296553,-99.0880121761",Muy Alto,Iztapalapa,65875.2729489,1042.02617974,100,5
855.0,"19.3776210993,-99.0296737177",Muy Bajo,Iztapalapa,273253.348415,2169.12837111,0 a 25,1
828.0,"19.3945918573,-99.0933062914",Muy Alto,Iztacalco,108832.574784,1564.22610689,100,5
879.0,"19.3461191342,-99.1097412917",Muy Alto,Iztapalapa,386438.640411,3378.00726735,100,5
861.0,"19.3534321744,-99.1138910525",Muy Alto,Iztapalapa,535186.723248,2932.63310136,100,5
866.0,"19.3125620227,-99.0909887183",Muy Alto,Iztapalapa,82203.6636479,2041.38613769,100,5
1071.0,"19.2928649237,-99.2167631516",Muy Bajo,Tlalpan,379610.22332,3008.35482141,0 a 25,1
635.0,"19.3405499555,-98.9906148342",Muy Bajo,Iztapalapa,137104.409054,1599.91244747,0 a 25,1
631.0,"19.3738791203,-99.0689830425",Muy Alto,Iztapalapa,420807.130334,3375.00447851,100,5
627.0,"19.3744125981,-99.0579200778",Muy Alto,Iztapalapa,19665.8071775,572.343094287,100,5
736.0,"19.1903871622,-99.0071261355",Muy Bajo,Milpa Alta,1084644.78333,6129.88655014,0 a 25,1
725.0,"19.2942052623,-99.0638952545",Muy Alto,Iztapalapa,196984.202504,1849.37405081,100,5
727.0,"19.3686895172,-99.0614088254",Muy Alto,Iztapalapa,1171216.26214,4618.83789596,100,5
842.0,"19.3764731218,-99.0553967515",Muy Alto,Iztapalapa,152683.495592,1722.57096751,100,5
920.0,"19.3385705463,-99.0144308997",Muy Bajo,Iztapalapa,155597.196782,2566.17883655,0 a 25,1
938.0,"19.3776926349,-99.1148295365",Muy Alto,Iztapalapa,236032.946338,2471.04951832,100,5
1156.0,"19.1943249639,-99.1598032364",Muy Bajo,Tlalpan,820057.458932,5741.38462592,0 a 25,1
1140.0,"19.2763355374,-99.1909519463",Muy Bajo,Tlalpan,435712.396682,3047.02316167,0 a 25,1
1161.0,"19.3333627782,-99.0266608409",Muy Bajo,Iztapalapa,148133.726273,1798.59149466,0 a 25,1
1133.0,"19.3730985297,-99.1146884975",Muy Alto,Iztapalapa,116216.518528,1598.0561173,100,5
1287.0,"19.4979517239,-99.1066856305",Muy Bajo,Gustavo A. Madero,1256312.94965,7040.75794867,0 a 25,1
1285.0,"19.5549466612,-99.1206372553",Muy Bajo,Gustavo A. Madero,700529.133992,4652.05782037,0 a 25,1
1275.0,"19.3845808518,-99.121054705",Muy Alto,Iztacalco,144408.239419,1901.92132997,100,5
1308.0,"19.4748052051,-99.0677267303",Muy Alto,Gustavo A. Madero,198209.052606,1891.14740965,100,5
1172.0,"19.3017227117,-99.2144128225",Muy Bajo,Tlalpan,1354800.90251,4958.21465432,0 a 25,1
1186.0,"19.4714680716,-99.0644468218",Muy Alto,Gustavo A. Madero,211150.108223,2190.07873632,100,5
1191.0,"19.3877286429,-99.1261821078",Muy Alto,Iztacalco,108039.403603,2237.6240452,100,5
1209.0,"19.3915188445,-99.0947405342",Muy Alto,Iztacalco,88281.7920204,1362.91332708,100,5
1205.0,"19.4705026213,-99.0809683572",Muy Alto,Gustavo A. Madero,181930.284833,1985.50579127,100,5
1248.0,"19.5462998828,-99.1253937461",Muy Bajo,Gustavo A. Madero,175659.567307,1988.16235695,0 a 25,1
1255.0,"19.3823698744,-99.1068320802",Muy Alto,Iztacalco,107860.886282,1341.98935768,100,5
1268.0,"19.4470301531,-99.0616872115",Muy Alto,Gustavo A. Madero,284874.130782,2495.48807657,100,5
1262.0,"19.5396848644,-99.1475098372",Muy Alto,Gustavo A. Madero,187755.640227,2021.11142715,100,5
1211.0,"19.3914368767,-99.0930943768",Muy Alto,Iztacalco,80841.2585242,1371.66719252,100,5
1220.0,"19.4850104552,-99.1105577546",Muy Alto,Gustavo A. Madero,353092.170255,2715.61037509,100,5
1218.0,"19.4945000346,-99.1410928282",Muy Alto,Gustavo A. Madero,235074.503119,2053.14185553,100,5
1127.0,"19.211841779,-99.2088421101",Muy Bajo,Tlalpan,872907.737633,5476.47306836,0 a 25,1
1076.0,"19.2988961939,-99.0787218045",Muy Alto,Iztapalapa,106642.699322,1790.37488859,100,5
1082.0,"19.2313511637,-98.989924025",Medio,Tláhuac,529272.752622,4482.86303481,50 a 72,3
1336.0,"19.3131316107,-99.1176621619",Muy Alto,Coyoacán,129744.866453,1712.98985896,100,5
1319.0,"19.3543125217,-99.1708422135",Alto,Coyoacán,694324.902851,4031.57357537,73 a 99,4
1340.0,"19.5049189603,-99.1564803635",Alto,Gustavo A. Madero,105629.092627,1329.92014683,73 a 99,4
1327.0,"19.3554183095,-99.1652569171",Medio,Coyoacán,260313.427701,2274.19907783,50 a 72,3
1411.0,"19.4774588726,-99.214475378",Muy Alto,Azcapotzalco,177118.764865,2461.44012836,100,5
1362.0,"19.3074119936,-99.1693826472",Muy Bajo,Coyoacán,70884.5168515,1132.03713474,0 a 25,1
1350.0,"19.4967162435,-99.0868014417",Muy Alto,Gustavo A. Madero,342928.942568,2488.21698804,100,5
2453.0,"19.3662495691,-99.3098284797",Muy Bajo,Cuajimalpa de Morelos,2123491.19928,8455.26934799,0 a 25,1
26.0,"19.2987410137,-99.1260149472",Muy Alto,Tlalpan,76436.3766971,1179.38320153,100,5
1517.0,"19.4895809924,-99.1109486519",Alto,Gustavo A. Madero,208835.165454,2070.59052458,73 a 99,4
1521.0,"19.3253527898,-99.1332489676",Muy Alto,Coyoacán,387133.344564,2793.77649023,100,5
1546.0,"19.3461983517,-99.1253864242",Muy Alto,Coyoacán,364326.504922,3373.01232988,100,5
1621.0,"19.324784012,-99.1114052537",Muy Alto,Coyoacán,167508.372792,1685.09827832,100,5
1628.0,"19.3611441085,-99.0131681021",Muy Alto,Iztapalapa,397459.202795,3822.71171784,100,5
1636.0,"19.3260764116,-99.2437865064",Muy Bajo,La Magdalena Contreras,187938.835679,1907.91145169,0 a 25,1
1640.0,"19.3249064937,-99.1548080086",Medio,Coyoacán,523600.189196,4154.40198967,50 a 72,3
1643.0,"19.3259102244,-99.1255636523",Muy Alto,Coyoacán,469859.863926,2821.6868578,100,5
1652.0,"19.3791682979,-99.0324281379",Medio,Iztapalapa,270963.060573,3228.21854783,50 a 72,3
1656.0,"19.372254191,-99.0203536467",Muy Alto,Iztapalapa,563280.177207,3160.42940502,100,5
1693.0,"19.1848087604,-99.0781376419",Muy Bajo,Milpa Alta,891265.219163,4531.31193777,0 a 25,1
1705.0,"19.3573343224,-99.0798790081",Muy Alto,Iztapalapa,392251.823722,3082.10328808,100,5
1709.0,"19.3670942378,-99.0371025389",Muy Alto,Iztapalapa,231536.125914,2368.44684863,100,5
1733.0,"19.4729160123,-99.1778912593",Muy Alto,Azcapotzalco,316691.513807,2399.83047727,100,5
1805.0,"19.4143658822,-99.0942224111",Muy Alto,Venustiano Carranza,150305.120515,2861.31718312,100,5
1818.0,"19.446806175,-99.1975055034",Muy Alto,Miguel Hidalgo,105561.986547,1470.38756971,100,5
1847.0,"19.4698038364,-99.1648159911",Muy Alto,Azcapotzalco,175967.763773,1642.1233413,100,5
1849.0,"19.448233866,-99.1150965179",Muy Alto,Venustiano Carranza,107232.335967,2064.75532246,100,5
1871.0,"19.4309120237,-99.1237244474",Muy Alto,Venustiano Carranza,137699.805575,1703.13583483,100,5
1898.0,"19.3622750627,-99.1523861269",Muy Alto,Benito Juárez,337964.441222,2506.403065,100,5
1908.0,"19.4157304232,-99.1089093803",Muy Alto,Venustiano Carranza,43823.9124422,1071.79448458,100,5
1941.0,"19.4545688987,-99.1272590904",Muy Alto,Cuauhtémoc,294129.869878,2227.24187088,100,5
1955.0,"19.4471251806,-99.1098930728",Muy Alto,Venustiano Carranza,89973.9375938,1227.35608895,100,5
1976.0,"19.5097422086,-99.2029703405",Muy Alto,Azcapotzalco,215010.562377,2503.79545135,100,5
1995.0,"19.3691171056,-99.1643213672",Muy Alto,Benito Juárez,237117.354145,2932.88904587,100,5
1998.0,"19.4538319687,-99.1376502898",Muy Alto,Cuauhtémoc,25179.3266294,733.276506544,100,5
2005.0,"19.4185766291,-99.1091235287",Muy Alto,Venustiano Carranza,41901.331338,927.892782992,100,5
2013.0,"19.4165046468,-99.1037503426",Muy Alto,Venustiano Carranza,153886.850271,1853.18246917,100,5
2026.0,"19.4935520756,-99.1010195529",Medio,Gustavo A. Madero,173269.17579,3117.79823083,50 a 72,3
2043.0,"19.4098064077,-99.1609788383",Muy Alto,Cuauhtémoc,158015.833077,1896.22115021,100,5
2048.0,"19.4055297655,-99.147767764",Muy Alto,Cuauhtémoc,210390.871602,2007.79779349,100,5
2079.0,"19.4198839965,-99.1736619758",Muy Alto,Cuauhtémoc,163169.418919,1663.21469012,100,5
2094.0,"19.4617214059,-99.0966467194",Muy Alto,Gustavo A. Madero,398920.743472,3479.03590751,100,5
2098.0,"19.5042739969,-99.0825507865",Muy Alto,Gustavo A. Madero,329977.320011,2489.07936128,100,5
2110.0,"19.4521064947,-99.0574149754",Muy Alto,Gustavo A. Madero,152870.331079,1707.59500548,100,5
2112.0,"19.4832953384,-99.0912829252",Muy Alto,Gustavo A. Madero,122586.700148,1711.31557743,100,5
2114.0,"19.410764573,-99.1430053366",Muy Alto,Cuauhtémoc,201921.49264,2117.89649075,100,5
2168.0,"19.4993167443,-99.069359239",Alto,Gustavo A. Madero,189020.676716,2141.21128997,73 a 99,4
2215.0,"19.4801981842,-99.0939680862",Muy Alto,Gustavo A. Madero,367057.021085,2702.44126959,100,5
2223.0,"19.3779204637,-99.1239951482",Muy Alto,Iztacalco,138072.605712,1639.07432793,100,5
2240.0,"19.3939793216,-99.1304109816",Muy Alto,Iztacalco,196633.689839,1998.97126697,100,5
2243.0,"19.5228166649,-99.1678551529",Alto,Gustavo A. Madero,215716.54704,1880.00806923,73 a 99,4
2250.0,"19.4057519237,-99.1740683274",Muy Alto,Cuauhtémoc,164657.588923,1768.13431152,100,5
2253.0,"19.4087417297,-99.173982888",Muy Alto,Cuauhtémoc,125040.503709,1565.10251957,100,5
2257.0,"19.5619317269,-99.1388151857",Muy Bajo,Gustavo A. Madero,286868.419212,3176.7962228,0 a 25,1
2258.0,"19.5622399972,-99.1259048162",Muy Bajo,Gustavo A. Madero,212612.118957,2361.29807964,0 a 25,1
2259.0,"19.4469412715,-99.1233869992",Muy Alto,Venustiano Carranza,330274.606953,2525.11623889,100,5
2262.0,"19.4506127014,-99.2186596175",Muy Bajo,Miguel Hidalgo,123872.489398,1454.87318996,0 a 25,1
2330.0,"19.4572667205,-99.1520329073",Muy Alto,Cuauhtémoc,327369.075977,2491.06142705,100,5
2336.0,"19.4398019037,-99.1106126356",Muy Alto,Venustiano Carranza,82333.4442246,1679.27588703,100,5
2389.0,"19.4330381742,-99.1182642841",Muy Alto,Venustiano Carranza,124633.739165,1651.34778859,100,5
2412.0,"19.4249159039,-99.1639041351",Muy Alto,Cuauhtémoc,237098.559571,2243.09790705,100,5
2419.0,"19.4253033322,-99.1031332517",Muy Alto,Venustiano Carranza,242827.332477,2373.17713999,100,5
2420.0,"19.4271828645,-99.1071474559",Muy Alto,Venustiano Carranza,120998.067242,1745.57024972,100,5
2432.0,"19.4286982144,-99.0555085501",Alto,Venustiano Carranza,205028.000419,2022.60323734,73 a 99,4
2435.0,"19.0917736632,-99.1089540937",Muy Bajo,Milpa Alta,53836538.2583,35912.1564739,0 a 25,1
1625.0,"19.3602519716,-99.0035523087",Muy Alto,Iztapalapa,606272.457494,4140.0597951,100,5
1614.0,"19.3678139995,-99.0341133668",Muy Alto,Iztapalapa,83712.378734,1170.38921912,100,5
1690.0,"19.2971945398,-99.2546989181",Muy Bajo,La Magdalena Contreras,667911.102142,9183.95236538,0 a 25,1
1685.0,"19.3060971031,-99.2567426139",Bajo,La Magdalena Contreras,268917.324983,2589.16737802,26 a 49,2
1706.0,"19.3365517953,-99.1058235768",Alto,Iztapalapa,362001.104874,2872.74355734,73 a 99,4
1709.0,"19.3670942378,-99.0371025389",Muy Alto,Iztapalapa,231536.125914,2368.44684863,100,5
1713.0,"19.3340342212,-99.2105656097",Muy Bajo,La Magdalena Contreras,55214.9261702,1152.80860056,0 a 25,1
1720.0,"19.3282801507,-99.1379742464",Muy Alto,Coyoacán,335711.260939,3108.03388041,100,5
1526.0,"19.3220787679,-99.1211735692",Muy Alto,Coyoacán,197967.146895,1777.85978657,100,5
1531.0,"19.4707949623,-99.149151303",Muy Alto,Azcapotzalco,146458.766832,1699.16543033,100,5
1574.0,"19.4572095871,-99.0948894505",Muy Alto,Gustavo A. Madero,267431.566299,2791.86115637,100,5
1562.0,"19.3178437112,-99.1288200309",Muy Alto,Coyoacán,252109.126865,2211.13637132,100,5
1644.0,"19.3262721179,-99.1212479089",Muy Alto,Coyoacán,159974.966257,1729.82394051,100,5
1639.0,"19.3654055093,-99.0316114935",Muy Alto,Iztapalapa,159508.840638,1603.95467872,100,5
1640.0,"19.3249064937,-99.1548080086",Medio,Coyoacán,523600.189196,4154.40198967,50 a 72,3
1875.0,"19.4139218993,-99.1073817788",Muy Alto,Venustiano Carranza,71529.0863742,1315.47025867,100,5
1868.0,"19.4606424481,-99.1631086524",Muy Alto,Azcapotzalco,243677.234113,2436.17142853,100,5
1872.0,"19.424046375,-99.1219160059",Muy Alto,Venustiano Carranza,126179.807876,1477.26220922,100,5
1735.0,"19.3407666865,-99.2790361232",Muy Bajo,Cuajimalpa de Morelos,997369.275583,5305.38551489,0 a 25,1
1748.0,"19.1957005321,-99.0895138304",Muy Bajo,Milpa Alta,1092310.22288,5556.60478611,0 a 25,1
1761.0,"19.3109632177,-99.2380920761",Muy Bajo,La Magdalena Contreras,343320.847787,2670.81759968,0 a 25,1
1757.0,"19.3707452596,-99.2864056737",Muy Bajo,Cuajimalpa de Morelos,218480.992354,2625.13069407,0 a 25,1
1743.0,"19.3873622174,-99.2148192614",Muy Bajo,Álvaro Obregón,151333.905964,2819.73390271,0 a 25,1
1767.0,"19.3095237617,-99.2684545123",Muy Bajo,La Magdalena Contreras,405971.5527,2970.84457822,0 a 25,1
1769.0,"19.368624195,-99.0302401041",Muy Alto,Iztapalapa,153979.278808,1585.7355119,100,5
1791.0,"19.4131877782,-99.1027789524",Muy Alto,Venustiano Carranza,129488.935909,1531.06591346,100,5
1777.0,"19.33460829,-99.1306266329",Muy Alto,Coyoacán,288998.06978,2386.35952441,100,5
1778.0,"19.3044482105,-99.1703204348",Muy Bajo,Coyoacán,152835.279116,2017.51099491,0 a 25,1
1800.0,"19.4721672701,-99.1846873008",Muy Alto,Azcapotzalco,398223.085831,3039.04536798,100,5
1841.0,"19.441775567,-99.180236482",Muy Alto,Miguel Hidalgo,466942.108132,3166.700322,100,5
1812.0,"19.4262249933,-99.0614626661",Muy Alto,Venustiano Carranza,87905.8460537,1960.12120011,100,5
1887.0,"19.4421627426,-99.1064697082",Muy Alto,Venustiano Carranza,174630.595981,1709.40694318,100,5
1890.0,"19.4125922714,-99.0905496591",Muy Alto,Venustiano Carranza,206306.652282,2568.17807699,100,5
1941.0,"19.4545688987,-99.1272590904",Muy Alto,Cuauhtémoc,294129.869878,2227.24187088,100,5
1913.0,"19.4526461475,-99.1433434025",Muy Alto,Cuauhtémoc,35392.6150616,847.894879874,100,5
1926.0,"19.455785477,-99.1470635718",Muy Alto,Cuauhtémoc,23088.1408131,648.177518603,100,5
1987.0,"19.5063922564,-99.2025825127",Muy Alto,Azcapotzalco,135709.607569,1627.55252424,100,5
1968.0,"19.4615491983,-99.1950717632",Muy Alto,Miguel Hidalgo,377593.505599,2530.23901316,100,5
460.0,"19.3351628463,-99.2045425783",Muy Bajo,Álvaro Obregón,451785.836629,3596.79474651,0 a 25,1
452.0,"19.2951719496,-99.0309308331",Muy Alto,Tláhuac,320579.356272,2347.72180949,100,5
463.0,"19.2814632721,-99.2203217658",Bajo,Tlalpan,209971.307419,2108.94951937,26 a 49,2
446.0,"19.2756600931,-99.2413152",Muy Bajo,Tlalpan,399566.462579,3946.56087874,0 a 25,1
406.0,"19.3905679624,-99.2124162343",Muy Bajo,Álvaro Obregón,168187.658251,1656.41636967,0 a 25,1
420.0,"19.3602078869,-99.176131452",Bajo,Álvaro Obregón,470770.28052,2959.57692696,26 a 49,2
410.0,"19.2835881235,-99.0544625766",Muy Alto,Tláhuac,128908.483476,1496.5815377,100,5
553.0,"19.3601316766,-99.1885804764",Muy Bajo,Álvaro Obregón,455964.467212,4492.85718991,0 a 25,1
564.0,"19.3862902972,-99.1097101017",Muy Alto,Iztacalco,159647.849326,1909.87198898,100,5
387.0,"19.2348668559,-99.1631449693",Muy Bajo,Tlalpan,458892.326108,4349.01567212,0 a 25,1
382.0,"19.2231229281,-98.9645987714",Muy Alto,Tláhuac,420295.079471,3236.30172616,100,5
383.0,"19.2284921231,-98.9668113753",Alto,Tláhuac,529313.226844,3225.72333375,73 a 99,4
377.0,"19.2934816367,-99.0054347955",Muy Alto,Tláhuac,408406.702023,2633.47313458,100,5
365.0,"19.3286504544,-99.0848408645",Alto,Iztapalapa,96582.024615,1401.28400279,73 a 99,4
517.0,"19.3817275445,-99.2075835445",Bajo,Álvaro Obregón,291973.144907,2481.57027618,26 a 49,2
494.0,"19.3641680223,-99.2474766937",Muy Bajo,Álvaro Obregón,90811.4884408,1786.61615654,0 a 25,1
538.0,"19.3684312206,-99.1943418923",Muy Bajo,Álvaro Obregón,166612.45402,1700.95485516,0 a 25,1
505.0,"19.3697930001,-99.2308431149",Muy Bajo,Álvaro Obregón,167893.225098,2101.43169662,0 a 25,1
536.0,"19.2792103831,-99.0096240008",Muy Alto,Tláhuac,198538.287542,2276.33039661,100,5
586.0,"19.2082546347,-98.9845304759",Muy Bajo,Milpa Alta,161775.949624,1891.94886439,0 a 25,1
578.0,"19.3597218649,-99.0766965501",Muy Alto,Iztapalapa,84324.6668982,1201.79892762,100,5
654.0,"19.3171336319,-99.0448026102",Muy Alto,Iztapalapa,297346.716491,2685.03580088,100,5
649.0,"19.3631630509,-99.127029066",Muy Alto,Iztapalapa,130315.826861,1432.94105596,100,5
690.0,"19.3947148671,-99.0714760829",Muy Alto,Iztacalco,209065.887361,2055.37403819,100,5
799.0,"19.3400224,-99.1120236498",Muy Alto,Iztapalapa,651495.934544,4209.65053209,100,5
758.0,"19.3877260205,-99.085500147",Muy Alto,Iztapalapa,129865.659593,1639.41020787,100,5
788.0,"19.3869965887,-99.0825090796",Muy Alto,Iztapalapa,114338.055508,1398.28730937,100,5
776.0,"19.379898931,-99.0197723499",Alto,Iztapalapa,372990.451129,2524.88762083,73 a 99,4
961.0,"19.3368929568,-98.9997033793",Muy Bajo,Iztapalapa,169031.205049,1897.65353609,0 a 25,1
957.0,"19.3729075263,-99.1198318378",Muy Alto,Iztapalapa,220502.750048,2398.99030883,100,5
958.0,"19.3663722674,-99.1152523013",Muy Alto,Iztapalapa,209974.054778,2263.58813506,100,5
1000.0,"19.2906202767,-99.1565765934",Muy Alto,Tlalpan,538623.554335,2957.76705608,100,5
44.0,"19.2451177901,-99.0646585465",Muy Bajo,Xochimilco,2168685.34872,10008.7827885,0 a 25,1
8.0,"19.3834194777,-99.1736658848",Muy Alto,Benito Juárez,152424.999343,1888.2409652,100,5
143.0,"19.2601539624,-99.0837332695",Alto,Xochimilco,675147.334454,5147.88409215,73 a 99,4
130.0,"19.3473999016,-99.1929427411",Muy Bajo,Álvaro Obregón,506501.839782,4305.60027201,0 a 25,1
145.0,"19.2782899292,-99.1205639749",Muy Alto,Xochimilco,264513.864057,2555.45927948,100,5
111.0,"19.2564822974,-99.1164296978",Muy Alto,Xochimilco,297510.247414,2295.09036434,100,5
139.0,"19.2954418548,-99.1719026743",Muy Bajo,Tlalpan,173903.098488,2154.16490328,0 a 25,1
246.0,"19.3010184192,-99.0186118026",Muy Alto,Tláhuac,800735.649875,5665.6949288,100,5
207.0,"19.2905395677,-99.1236396766",Muy Alto,Tlalpan,82380.6745526,1548.12069952,100,5
266.0,"19.35448003,-99.1787221421",Bajo,Álvaro Obregón,428645.790817,3139.70870036,26 a 49,2
177.0,"19.2854396271,-99.2389330242",Muy Bajo,Tlalpan,283711.219637,2475.52859903,0 a 25,1
55.0,"19.2324747427,-99.1469791629",Muy Bajo,Xochimilco,334186.878807,3025.83354064,0 a 25,1
58.0,"19.2633072327,-99.1265216306",Muy Alto,Xochimilco,137918.423827,1966.91053271,100,5
76.0,"19.3918263023,-99.1799203934",Alto,Benito Juárez,223185.122835,2590.2173877,73 a 99,4
73.0,"19.3814421961,-99.1899625607",Muy Bajo,Benito Juárez,221730.769042,2131.30619073,0 a 25,1
93.0,"19.3901375429,-99.1835619454",Alto,Benito Juárez,232868.49505,2143.15959747,73 a 99,4
81.0,"19.3956360376,-99.1522838564",Muy Alto,Benito Juárez,258310.659023,2243.8911427,100,5
85.0,"19.3942994565,-99.1476930787",Muy Alto,Benito Juárez,148794.755834,1965.07227547,100,5
306.0,"19.238893168,-98.9929933435",Bajo,Tláhuac,91159.9006416,1795.83798225,26 a 49,2
326.0,"19.3933687069,-99.2035452412",Muy Bajo,Álvaro Obregón,43866.4204799,863.840551644,0 a 25,1
274.0,"19.3531276974,-99.2529303129",Muy Bajo,Álvaro Obregón,602897.139695,5083.19686639,0 a 25,1
268.0,"19.3897882759,-99.2290045442",Muy Bajo,Álvaro Obregón,2534315.05046,7657.22195766,0 a 25,1
287.0,"19.3701839345,-98.999580078",Alto,Iztapalapa,135601.310303,1581.76759995,73 a 99,4
302.0,"19.2844041375,-99.0091059239",Muy Alto,Tláhuac,260430.890028,2192.51920431,100,5
351.0,"19.2793396864,-99.2055553223",Muy Bajo,Tlalpan,331818.064803,2871.98885307,0 a 25,1
334.0,"19.2908067957,-99.1688830304",Muy Bajo,Tlalpan,481010.567715,3408.88260601,0 a 25,1
346.0,"19.2615393885,-99.005591235",Muy Alto,Tláhuac,438947.193913,3038.79137735,100,5
360.0,"19.3146127249,-98.9679396149",Bajo,Tláhuac,736257.249736,3778.83056046,26 a 49,2
345.0,"19.3266175055,-99.0723481498",Muy Alto,Iztapalapa,124843.734139,1661.45829152,100,5
1012.0,"19.4861160247,-99.1478678643",Medio,Gustavo A. Madero,300391.097927,2430.00331631,50 a 72,3
1015.0,"19.2548485672,-99.1091015484",Muy Alto,Xochimilco,308962.731715,2735.30189958,100,5
1035.0,"19.2520723453,-99.0084799528",Muy Alto,Xochimilco,48557.4532418,1320.63322599,100,5
1044.0,"19.2710392914,-99.2095873037",Muy Bajo,Tlalpan,815353.604697,3830.36058036,0 a 25,1
1045.0,"19.2837588315,-99.1778089096",Muy Bajo,Tlalpan,351636.058932,2987.83999338,0 a 25,1
1046.0,"19.2954333168,-99.1350074225",Muy Alto,Tlalpan,184945.187069,2322.30991931,100,5
1050.0,"19.2973832793,-99.1025101349",Muy Alto,Tlalpan,162410.124244,1752.67657471,100,5
1054.0,"19.2179021765,-99.2079093931",Muy Bajo,Tlalpan,750323.093336,4200.40362815,0 a 25,1
1062.0,"19.299924803,-99.1926254988",Bajo,Tlalpan,526672.563747,4532.23598161,26 a 49,2
1094.0,"19.392055526,-99.0983867869",Muy Alto,Iztacalco,101512.334692,1339.70184903,100,5
1175.0,"19.5026368504,-99.1126885263",Alto,Gustavo A. Madero,259821.335859,2957.9565299,73 a 99,4
1183.0,"19.4912070811,-99.1860679801",Muy Alto,Azcapotzalco,168944.511166,2144.80380335,100,5
1213.0,"19.402326919,-99.0694782044",Muy Alto,Iztacalco,201651.757718,2080.09967233,100,5
1224.0,"19.4864705107,-99.0874781179",Muy Alto,Gustavo A. Madero,81305.7097603,1368.07353492,100,5
1247.0,"19.5093448639,-99.0951459754",Alto,Gustavo A. Madero,108771.180013,1447.99486334,73 a 99,4
1249.0,"19.5469255663,-99.1482171007",Medio,Gustavo A. Madero,514203.891669,2876.783158,50 a 72,3
1261.0,"19.5360021485,-99.1394269636",Muy Bajo,Gustavo A. Madero,262380.412137,2636.21101276,0 a 25,1
1265.0,"19.5535450617,-99.1513117562",Muy Bajo,Gustavo A. Madero,202102.865021,2026.54921162,0 a 25,1
1268.0,"19.4470301531,-99.0616872115",Muy Alto,Gustavo A. Madero,284874.130782,2495.48807657,100,5
1293.0,"19.4631008726,-99.1804600303",Muy Alto,Azcapotzalco,156423.432857,2088.04563725,100,5
1312.0,"19.3176748121,-99.1569735308",Bajo,Coyoacán,214896.822049,2029.88520273,26 a 49,2
1318.0,"19.3482750917,-99.1706221624",Muy Alto,Coyoacán,385043.68463,2883.08547718,100,5
1321.0,"19.5407127075,-99.129822249",Muy Bajo,Gustavo A. Madero,469452.407464,3137.0127262,0 a 25,1
1333.0,"19.5006153699,-99.0843594854",Muy Alto,Gustavo A. Madero,386487.618109,2917.69112269,100,5
1341.0,"19.5688029523,-99.1349354086",Muy Bajo,Gustavo A. Madero,202225.061171,2679.18254728,0 a 25,1
1365.0,"19.3040824762,-99.1116535341",Muy Alto,Coyoacán,406226.947254,3032.06239241,100,5
1388.0,"19.5279442108,-99.1516653293",Muy Alto,Gustavo A. Madero,86829.1160237,1317.60428867,100,5
1415.0,"19.475694333,-99.095638789",Muy Alto,Gustavo A. Madero,341071.296039,2372.29282048,100,5
1423.0,"19.4568731702,-99.055548377",Alto,Gustavo A. Madero,119166.474901,1486.68807205,73 a 99,4
1429.0,"19.3305086491,-99.3264617152",Muy Bajo,Cuajimalpa de Morelos,2011397.48912,8130.80109316,0 a 25,1
1435.0,"19.4628978777,-99.0929070116",Muy Alto,Gustavo A. Madero,198052.714965,2776.65878057,100,5
1448.0,"19.4861040711,-99.1930281238",Muy Alto,Azcapotzalco,274540.497335,2273.55539917,100,5
1451.0,"19.309453736,-99.1727599742",Muy Bajo,Coyoacán,64121.1102758,1450.599056,0 a 25,1
1464.0,"19.4583153378,-99.0638855904",Muy Alto,Gustavo A. Madero,227839.061432,1921.10992598,100,5
1466.0,"19.4850893651,-99.1999814237",Muy Alto,Azcapotzalco,286354.520035,2217.91291205,100,5
1484.0,"19.3774270257,-99.0402298177",Muy Alto,Iztapalapa,396807.938986,2669.26178097,100,5
1490.0,"19.3091256399,-99.1063317562",Muy Alto,Coyoacán,270629.138957,2304.59675903,100,5
551.0,"19.3792684254,-99.1932971079",Muy Bajo,Álvaro Obregón,220656.098919,2989.08877456,0 a 25,1
562.0,"19.2738363897,-99.1634761007",Muy Bajo,Tlalpan,207223.803345,2524.36670151,0 a 25,1
585.0,"19.2221568205,-99.0040731134",Muy Bajo,Milpa Alta,47410.6004026,1070.88849059,0 a 25,1
594.0,"19.3389805729,-99.0230326894",Bajo,Iztapalapa,98632.7400865,2485.81610187,26 a 49,2
637.0,"19.3635717471,-99.2035283601",Bajo,Álvaro Obregón,518027.44274,3984.30926253,26 a 49,2
644.0,"19.3212121605,-99.2525868841",Muy Bajo,La Magdalena Contreras,569858.650208,4746.56121654,0 a 25,1
660.0,"19.3805121946,-99.1985929058",Muy Bajo,Álvaro Obregón,555974.647781,3704.49876415,0 a 25,1
687.0,"19.406936842,-99.0668577583",Muy Alto,Iztacalco,71250.0770742,1250.2967888,100,5
694.0,"19.3693712067,-99.0073014399",Muy Alto,Iztapalapa,36661.1145806,1012.76103075,100,5
711.0,"19.346331263,-99.0378156739",Muy Alto,Iztapalapa,191091.004966,1884.13479353,100,5
736.0,"19.1903871622,-99.0071261355",Muy Bajo,Milpa Alta,1084644.78333,6129.88655014,0 a 25,1
761.0,"19.3774013543,-99.0755342046",Muy Alto,Iztapalapa,402111.855785,2710.23365055,100,5
763.0,"19.3668645025,-99.0683113239",Muy Alto,Iztapalapa,385247.89554,3261.50961837,100,5
772.0,"19.3929237547,-99.0635932445",Muy Alto,Iztacalco,244730.486257,2069.48630704,100,5
775.0,"19.3792905891,-99.1331045928",Muy Alto,Iztacalco,185571.428134,1973.35369724,100,5
797.0,"19.3407545037,-99.0274968241",Muy Alto,Iztapalapa,146078.177008,2081.92578348,100,5
798.0,"19.3813135786,-99.037264711",Muy Alto,Iztapalapa,177479.456921,2596.06098093,100,5
804.0,"19.3875810743,-99.1169018865",Muy Alto,Iztacalco,86459.0169903,1392.3244309,100,5
823.0,"19.3650802471,-98.9936009687",Alto,Iztapalapa,108263.981702,1472.60398283,73 a 99,4
838.0,"19.3499612368,-99.0618445374",Muy Alto,Iztapalapa,153030.578543,2165.54141654,100,5
849.0,"19.3386597308,-99.0338314936",Muy Alto,Iztapalapa,303792.895484,2456.04124644,100,5
864.0,"19.3121662447,-99.0924778448",Muy Alto,Iztapalapa,95471.4259151,1907.45950937,100,5
869.0,"19.3793236853,-99.0508397234",Muy Alto,Iztapalapa,36108.5466118,959.649918106,100,5
883.0,"19.2865492533,-99.1611577494",Alto,Tlalpan,284553.826335,2506.46794459,73 a 99,4
902.0,"19.3309113382,-99.107187824",Muy Alto,Iztapalapa,162278.001044,1806.2732497,100,5
908.0,"19.3329194935,-99.0871765833",Muy Bajo,Iztapalapa,65444.9606005,1050.90178814,0 a 25,1
922.0,"19.332359812,-98.9905744632",Muy Bajo,Iztapalapa,356777.812451,3491.04667936,0 a 25,1
932.0,"19.3293320901,-99.0372425492",Alto,Iztapalapa,209421.139924,2657.7636636,73 a 99,4
948.0,"19.3193036908,-99.0393356048",Medio,Iztapalapa,119846.715436,1793.72166043,50 a 72,3
957.0,"19.3729075263,-99.1198318378",Muy Alto,Iztapalapa,220502.750048,2398.99030883,100,5
962.0,"19.3487238698,-99.0088777386",Muy Bajo,Iztapalapa,211894.609043,2028.1937135,0 a 25,1
972.0,"19.340915227,-99.0558279173",Muy Alto,Iztapalapa,242609.291035,2653.73361411,100,5
215.0,"19.2293207067,-99.0995346037",Muy Bajo,Xochimilco,478159.915341,4058.31521369,0 a 25,1
213.0,"19.2925903099,-99.2004158573",Muy Bajo,Tlalpan,3584724.53808,9488.46559518,0 a 25,1
204.0,"19.2452188944,-99.097565976",Muy Bajo,Xochimilco,498591.358615,2905.44139163,0 a 25,1
218.0,"19.2492060201,-99.0759042642",Muy Alto,Xochimilco,381898.505369,2595.01107931,100,5
220.0,"19.2803374333,-99.2412151037",Muy Bajo,Tlalpan,297490.907749,2723.42701811,0 a 25,1
187.0,"19.2882512382,-99.2133377021",Muy Bajo,Tlalpan,244388.827888,2350.33346652,0 a 25,1
195.0,"19.2808652864,-99.2170922792",Muy Bajo,Tlalpan,263044.56756,2388.86745542,0 a 25,1
53.0,"19.2006471732,-99.1073077931",Muy Bajo,Xochimilco,265268.917415,2663.92880203,0 a 25,1
59.0,"19.2692780609,-99.1136596976",Muy Alto,Xochimilco,265392.406126,2293.43345985,100,5
42.0,"19.3813648515,-99.178812995",Medio,Benito Juárez,486885.383032,3030.31999804,50 a 72,3
131.0,"19.2669251341,-99.1841348625",Muy Bajo,Tlalpan,786576.768164,4423.03909883,0 a 25,1
80.0,"19.3839221343,-99.140786655",Muy Alto,Benito Juárez,157960.917963,1718.37650937,100,5
66.0,"19.2261935974,-99.0961025657",Muy Bajo,Xochimilco,9832.67795981,583.095636572,0 a 25,1
99.0,"19.3962274296,-99.1761194936",Alto,Benito Juárez,244906.378125,2110.93497902,73 a 99,4
91.0,"19.3978146146,-99.1577047386",Muy Alto,Benito Juárez,258878.125255,2580.30588922,100,5
173.0,"19.3814850719,-99.2121859799",Muy Bajo,Álvaro Obregón,122196.607067,1860.58233378,0 a 25,1
172.0,"19.3176175118,-99.2647925762",Muy Bajo,Álvaro Obregón,249067.460778,2806.69611024,0 a 25,1
178.0,"19.2907555273,-99.2396041442",Medio,Tlalpan,415376.634088,3069.47716524,50 a 72,3
179.0,"19.2621911575,-99.1109400086",Muy Alto,Xochimilco,384976.151567,2920.32574604,100,5
175.0,"19.2940701223,-99.2284142621",Muy Bajo,Tlalpan,266665.748243,2850.00989803,0 a 25,1
174.0,"19.2951641459,-99.2256355707",Muy Bajo,Tlalpan,251146.860159,2178.34104295,0 a 25,1
497.0,"19.3890429141,-99.2088305952",Muy Bajo,Álvaro Obregón,25614.5074946,719.458541828,0 a 25,1
274.0,"19.3531276974,-99.2529303129",Muy Bajo,Álvaro Obregón,602897.139695,5083.19686639,0 a 25,1
281.0,"19.228298699,-99.166439749",Muy Bajo,Tlalpan,98552.846046,1764.00375665,0 a 25,1
305.0,"19.2276041044,-98.9941234328",Medio,Tláhuac,234874.042009,3196.0804442,50 a 72,3
289.0,"19.3669791953,-99.2271896101",Muy Bajo,Álvaro Obregón,233123.070143,2399.71378128,0 a 25,1
296.0,"19.2609460682,-99.1174357785",Muy Alto,Xochimilco,228171.40529,2318.79668394,100,5
282.0,"19.2889729775,-99.1202349222",Muy Alto,Tlalpan,181166.946451,2216.92777896,100,5
297.0,"19.2610984322,-99.1195936918",Muy Alto,Xochimilco,65964.7754666,1094.31141523,100,5
239.0,"19.2253813729,-99.1580215642",Muy Bajo,Tlalpan,585316.89937,5246.69794777,0 a 25,1
268.0,"19.3897882759,-99.2290045442",Muy Bajo,Álvaro Obregón,2534315.05046,7657.22195766,0 a 25,1
225.0,"19.2640811169,-99.0183384638",Alto,Tláhuac,1016154.65843,5271.97192101,73 a 99,4
232.0,"19.3810288508,-99.2157375346",Muy Bajo,Álvaro Obregón,217673.527847,2741.16558487,0 a 25,1
243.0,"19.3754562767,-99.2057554032",Muy Bajo,Álvaro Obregón,164202.725027,2232.12925115,0 a 25,1
135.0,"19.2538017465,-99.1690090231",Muy Bajo,Tlalpan,939483.150426,4566.35347374,0 a 25,1
353.0,"19.2250657186,-99.1174331657",Muy Bajo,Xochimilco,178214.169565,2428.92876883,0 a 25,1
389.0,"19.2900621746,-99.1274741866",Muy Alto,Tlalpan,89261.7112084,1309.95687629,100,5
377.0,"19.2934816367,-99.0054347955",Muy Alto,Tláhuac,408406.702023,2633.47313458,100,5
357.0,"19.3218105736,-98.9625779174",Bajo,Tláhuac,537496.274145,3439.95977079,26 a 49,2
346.0,"19.2615393885,-99.005591235",Muy Alto,Tláhuac,438947.193913,3038.79137735,100,5
320.0,"19.2959792946,-99.0446021133",Muy Alto,Tláhuac,408508.4861,3042.4059547,100,5
340.0,"19.2884981081,-99.0429799862",Muy Alto,Tláhuac,326913.41424,2339.68368918,100,5
324.0,"19.2752671369,-99.0360592332",Muy Alto,Tláhuac,417601.264242,2807.04824975,100,5
330.0,"19.2929571378,-99.0509176156",Muy Alto,Tláhuac,207535.422765,2162.42916335,100,5
459.0,"19.3388499766,-99.2054645547",Bajo,Álvaro Obregón,276896.928652,3678.81771345,26 a 49,2
1005.0,"19.2765508463,-99.2309637944",Muy Bajo,Tlalpan,381110.372809,4055.70928067,0 a 25,1
1017.0,"19.2801047072,-99.2114039967",Muy Bajo,Tlalpan,381441.711994,3647.7465493,0 a 25,1
1039.0,"19.3342670441,-99.0840288506",Medio,Iztapalapa,129680.886964,1662.81175266,50 a 72,3
1026.0,"19.5145828997,-99.1475044413",Muy Alto,Gustavo A. Madero,552499.921374,3633.70018174,100,5
1010.0,"19.3165461883,-99.0812231707",Muy Alto,Iztapalapa,190761.007094,2358.87811043,100,5
2101.0,"19.4941126614,-99.0703336805",Muy Alto,Gustavo A. Madero,163342.390273,1782.81061106,100,5
2093.0,"19.4032274812,-99.0760409626",Muy Alto,Iztacalco,657078.826451,3926.04792195,100,5
2057.0,"19.4182515609,-99.1675007316",Muy Alto,Cuauhtémoc,203788.82283,2023.62664981,100,5
2022.0,"19.4522451196,-99.0701877208",Muy Alto,Gustavo A. Madero,237720.645202,1957.30177361,100,5
2233.0,"19.3954860145,-99.1041299815",Muy Alto,Iztacalco,91354.4339353,1267.79917772,100,5
2228.0,"19.4390908799,-99.1415055935",Muy Alto,Cuauhtémoc,265770.339787,2856.81920716,100,5
2260.0,"19.4206050252,-99.1246197669",Muy Alto,Venustiano Carranza,225085.137211,2011.5852848,100,5
2215.0,"19.4801981842,-99.0939680862",Muy Alto,Gustavo A. Madero,367057.021085,2702.44126959,100,5
2160.0,"19.4509636834,-99.0755655232",Muy Alto,Gustavo A. Madero,279455.658593,2364.00291494,100,5
2312.0,"19.425440071,-99.1244972421",Muy Alto,Venustiano Carranza,140697.162876,1680.46160296,100,5
2306.0,"19.4354586111,-99.1184202078",Muy Alto,Venustiano Carranza,188076.480295,1823.94038423,100,5
2294.0,"19.4185360286,-99.1137298929",Muy Alto,Venustiano Carranza,124511.805076,1422.25000199,100,5
2311.0,"19.4160285444,-99.1261595475",Muy Alto,Venustiano Carranza,194200.529678,1953.36349269,100,5
2338.0,"19.4338520974,-99.2199623116",Muy Bajo,Miguel Hidalgo,70021.0436772,1246.74170942,0 a 25,1
2383.0,"19.4084254817,-99.1954934182",Muy Bajo,Miguel Hidalgo,112780.557708,1522.06549352,0 a 25,1
1.0,"19.2427320369,-99.1121062093",Muy Bajo,Xochimilco,53528.76018,1358.54634422,0 a 25,1
10.0,"19.2368814123,-99.0868872087",Muy Bajo,Xochimilco,459831.015742,5055.12558581,0 a 25,1
17.0,"19.2161011288,-99.1015160126",Muy Bajo,Xochimilco,574331.97778,4268.62151283,0 a 25,1
25.0,"19.3804094569,-99.1487503632",Muy Alto,Benito Juárez,282519.247758,2524.60751835,100,5
27.0,"19.2781739187,-99.1299981341",Muy Alto,Xochimilco,263083.523396,2284.84026444,100,5
34.0,"19.2144229192,-99.096506877",Muy Bajo,Xochimilco,867588.17358,6097.28443742,0 a 25,1
62.0,"19.3834234537,-99.146122023",Muy Alto,Benito Juárez,147112.36011,2021.84446569,100,5
71.0,"19.3756250638,-99.138122768",Muy Alto,Benito Juárez,150758.261393,1653.11273133,100,5
99.0,"19.3962274296,-99.1761194936",Alto,Benito Juárez,244906.378125,2110.93497902,73 a 99,4
102.0,"19.3991171812,-99.1627987812",Muy Alto,Benito Juárez,329793.817303,2395.93013203,100,5
129.0,"19.377011921,-99.2162227477",Muy Bajo,Álvaro Obregón,92107.187077,1553.44358112,0 a 25,1
132.0,"19.2401577025,-99.1166079997",Muy Bajo,Xochimilco,463986.937389,3070.65395958,0 a 25,1
162.0,"19.2547992126,-99.1199643562",Muy Alto,Xochimilco,217762.817735,2449.81808933,100,5
163.0,"19.2718424885,-99.1256684773",Muy Alto,Xochimilco,594457.02628,3080.02495801,100,5
180.0,"19.2669265058,-99.1047555632",Muy Alto,Xochimilco,217797.254902,1904.12486416,100,5
185.0,"19.2451766274,-99.1202615955",Bajo,Xochimilco,617439.614417,4169.3219367,26 a 49,2
187.0,"19.2882512382,-99.2133377021",Muy Bajo,Tlalpan,244388.827888,2350.33346652,0 a 25,1
198.0,"19.2581015893,-99.0721916063",Muy Alto,Xochimilco,251045.325845,2209.12697527,100,5
223.0,"19.2456303895,-98.9997726917",Alto,Tláhuac,556546.51464,3495.00931564,73 a 99,4
242.0,"19.3743839159,-99.201000025",Muy Bajo,Álvaro Obregón,127681.138765,1446.62594876,0 a 25,1
251.0,"19.3716628704,-99.205262985",Muy Bajo,Álvaro Obregón,140027.174914,1512.43450444,0 a 25,1
301.0,"19.2923578675,-99.0193131533",Medio,Tláhuac,510497.916376,5448.39529646,50 a 72,3
308.0,"19.358863821,-99.2065987584",Muy Bajo,Álvaro Obregón,265339.857021,2586.87918376,0 a 25,1
309.0,"19.3677708704,-99.2040005554",Muy Bajo,Álvaro Obregón,22479.0640936,733.493385467,0 a 25,1
313.0,"19.2800495429,-99.2310971837",Muy Bajo,Tlalpan,242060.931231,2356.76548676,0 a 25,1
325.0,"19.3580724221,-99.2511541123",Muy Bajo,Álvaro Obregón,167424.983427,2253.39316189,0 a 25,1
335.0,"19.285267627,-99.1710870363",Muy Bajo,Tlalpan,336119.667513,3150.39529669,0 a 25,1
359.0,"19.3198202362,-98.9695136277",Muy Bajo,Tláhuac,31210.3144199,716.710830076,0 a 25,1
375.0,"19.2885797183,-99.007694723",Muy Alto,Tláhuac,222821.197613,1898.541797,100,5
402.0,"19.2673590901,-99.1612633925",Muy Bajo,Tlalpan,338193.059069,3510.50653721,0 a 25,1
409.0,"19.3744542568,-99.2086278418",Muy Bajo,Álvaro Obregón,136799.369668,1697.2501798,0 a 25,1
435.0,"19.2835765675,-99.0381472416",Muy Alto,Tláhuac,352161.594912,2721.99800597,100,5
437.0,"19.3460142343,-99.2023053477",Muy Bajo,Álvaro Obregón,629744.210892,4899.63072514,0 a 25,1
441.0,"19.3177664827,-99.2157312882",Muy Bajo,Álvaro Obregón,1083853.42705,5669.68298189,0 a 25,1
456.0,"19.3954795507,-99.2083781579",Muy Bajo,Álvaro Obregón,193535.025035,2693.24973544,0 a 25,1
465.0,"19.2728977226,-99.1860205808",Muy Bajo,Tlalpan,288722.801852,2668.71942538,0 a 25,1
497.0,"19.3890429141,-99.2088305952",Muy Bajo,Álvaro Obregón,25614.5074946,719.458541828,0 a 25,1
1423.0,"19.4568731702,-99.055548377",Alto,Gustavo A. Madero,119166.474901,1486.68807205,73 a 99,4
1431.0,"19.3035134705,-99.1727257221",Muy Bajo,Coyoacán,64866.5336439,1286.89714516,0 a 25,1
1438.0,"19.456761922,-99.0669795481",Muy Alto,Gustavo A. Madero,175408.713279,1995.80844822,100,5
1450.0,"19.3107975267,-99.1707434555",Muy Bajo,Coyoacán,69468.0427764,1072.14683415,0 a 25,1
1461.0,"19.5037920676,-99.0910807005",Muy Alto,Gustavo A. Madero,166609.220831,1856.37747175,100,5
1489.0,"19.3101773236,-99.1027114119",Muy Alto,Coyoacán,181479.871361,1750.0105614,100,5
1494.0,"19.4653089345,-99.1502654373",Muy Alto,Azcapotzalco,130292.973669,1862.23453842,100,5
1506.0,"19.3546853803,-99.3020802185",Muy Bajo,Cuajimalpa de Morelos,789679.074093,4807.13066227,0 a 25,1
1509.0,"19.3478519951,-99.1349664665",Muy Alto,Coyoacán,233103.731999,2196.90411539,100,5
1007.0,"19.2874644522,-99.1237269658",Muy Alto,Tlalpan,104479.436177,1836.83887457,100,5
1009.0,"19.3147504891,-99.0728565188",Muy Alto,Iztapalapa,178417.209617,2347.89527829,100,5
1010.0,"19.3165461883,-99.0812231707",Muy Alto,Iztapalapa,190761.007094,2358.87811043,100,5
1026.0,"19.5145828997,-99.1475044413",Muy Alto,Gustavo A. Madero,552499.921374,3633.70018174,100,5
1030.0,"19.2605611682,-99.0337241161",Muy Alto,Xochimilco,1196884.30445,6149.94992526,100,5
1032.0,"19.2060072718,-99.1425186345",Muy Bajo,Tlalpan,827981.961159,4949.29692838,0 a 25,1
1051.0,"19.2992339809,-99.1158540489",Muy Alto,Tlalpan,185367.228261,1867.81752633,100,5
1057.0,"19.3396211658,-99.0815106643",Bajo,Iztapalapa,69313.4522615,1204.3242456,26 a 49,2
1059.0,"19.3451211695,-99.1021867164",Medio,Iztapalapa,434885.441038,3156.56926672,50 a 72,3
1080.0,"19.2810566493,-99.1551332001",Muy Bajo,Tlalpan,739969.459175,4401.65789785,0 a 25,1
1096.0,"19.2424807721,-99.0264731095",Muy Bajo,Xochimilco,505715.375782,4825.49662948,0 a 25,1
1107.0,"19.2542292581,-99.0147544628",Alto,Xochimilco,311546.669243,3896.75773644,73 a 99,4
1109.0,"19.3283590864,-99.0716233269",Muy Alto,Iztapalapa,151116.185571,1920.41315652,100,5
1136.0,"19.2943638467,-99.1520044847",Muy Alto,Tlalpan,396131.089581,2919.68845411,100,5
1161.0,"19.3333627782,-99.0266608409",Muy Bajo,Iztapalapa,148133.726273,1798.59149466,0 a 25,1
1178.0,"19.3402662329,-99.1870851232",Muy Bajo,Coyoacán,124228.2326,2015.95139364,0 a 25,1
1182.0,"19.4872287283,-99.1767049289",Muy Alto,Azcapotzalco,392212.151039,2725.10560425,100,5
1200.0,"19.4554827223,-99.058672774",Muy Alto,Gustavo A. Madero,149013.442849,1709.8298111,100,5
1212.0,"19.3993679686,-99.119869718",Muy Alto,Iztacalco,264703.582789,2541.37414175,100,5
1222.0,"19.4961308298,-99.1455779876",Muy Alto,Gustavo A. Madero,246702.832865,2537.91613943,100,5
1227.0,"19.4849582076,-99.0690564507",Alto,Gustavo A. Madero,184737.165307,2169.66787543,73 a 99,4
1255.0,"19.3823698744,-99.1068320802",Muy Alto,Iztacalco,107860.886282,1341.98935768,100,5
1266.0,"19.450999286,-99.0608548401",Muy Alto,Gustavo A. Madero,157079.430978,1587.94015246,100,5
1281.0,"19.5266875672,-99.1494780578",Muy Alto,Gustavo A. Madero,86692.6564975,1189.29383791,100,5
1294.0,"19.3392343038,-99.1859004992",Muy Bajo,Coyoacán,35878.3396039,957.853264042,0 a 25,1
1297.0,"19.3133896573,-99.1418882262",Muy Alto,Coyoacán,285177.247139,2746.62507709,100,5
1305.0,"19.5086454007,-99.1161420525",Muy Bajo,Gustavo A. Madero,1463277.1462,6541.68087236,0 a 25,1
1349.0,"19.3086346368,-99.1672175796",Muy Bajo,Coyoacán,114573.559449,1587.88262086,0 a 25,1
1376.0,"19.3588082589,-99.2735213983",Muy Bajo,Cuajimalpa de Morelos,3170731.29109,10258.9521879,0 a 25,1
1382.0,"19.5616559433,-99.1466710838",Muy Bajo,Gustavo A. Madero,341523.45992,2515.48085254,0 a 25,1
1393.0,"19.4633349405,-99.1864391617",Muy Alto,Azcapotzalco,313661.62928,2596.9758043,100,5
1399.0,"19.5009715659,-99.09165273",Muy Alto,Gustavo A. Madero,234706.375098,2450.25701528,100,5
1421.0,"19.5374473627,-99.1496026605",Muy Alto,Gustavo A. Madero,131724.17036,1903.72922718,100,5
1430.0,"19.3386950658,-99.3255248958",Muy Bajo,Cuajimalpa de Morelos,326326.753713,3740.73662561,0 a 25,1
1434.0,"19.4605153957,-99.1191427272",Muy Alto,Gustavo A. Madero,182705.727258,1731.75802725,100,5
1470.0,"19.3402568065,-99.1506623932",Muy Alto,Coyoacán,349453.476693,2881.809915,100,5
1471.0,"19.3508036686,-99.1526430858",Muy Alto,Coyoacán,471992.29573,3687.16970324,100,5
1483.0,"19.2077951773,-98.9693220923",Muy Bajo,Milpa Alta,254867.748608,2150.90910494,0 a 25,1
1494.0,"19.4653089345,-99.1502654373",Muy Alto,Azcapotzalco,130292.973669,1862.23453842,100,5
1495.0,"19.3215090867,-99.1850319752",Muy Bajo,Coyoacán,7251733.84568,12613.542194,0 a 25,1
1505.0,"19.3410645699,-99.2886734903",Muy Bajo,Cuajimalpa de Morelos,698968.86992,6157.18271875,0 a 25,1
1518.0,"19.5154151305,-99.1338671547",Muy Alto,Gustavo A. Madero,215525.123862,2166.74757866,100,5
1526.0,"19.3220787679,-99.1211735692",Muy Alto,Coyoacán,197967.146895,1777.85978657,100,5
1542.0,"19.3476570187,-99.1601476954",Muy Alto,Coyoacán,380290.122289,3189.67525593,100,5
1543.0,"19.3308996225,-99.1254928295",Muy Alto,Coyoacán,212336.980397,2180.297128,100,5
1617.0,"19.2050907343,-99.0512943703",Muy Bajo,Milpa Alta,483204.640468,5429.65610041,0 a 25,1
1631.0,"19.3630787811,-99.0209195067",Muy Alto,Iztapalapa,467920.949378,3289.72781265,100,5
1661.0,"19.3207656377,-99.134259419",Muy Alto,Coyoacán,360382.609214,2810.0555521,100,5
1681.0,"19.3786742507,-99.2793493668",Muy Bajo,Cuajimalpa de Morelos,968314.475529,5734.55317202,0 a 25,1
1689.0,"19.2979322762,-99.2403062939",Muy Bajo,La Magdalena Contreras,887766.168155,5053.07197447,0 a 25,1
1694.0,"19.1918088273,-99.0750778109",Muy Bajo,Milpa Alta,15980.5600389,566.036805365,0 a 25,1
1756.0,"19.3705987171,-99.2810070739",Muy Bajo,Cuajimalpa de Morelos,298385.35879,2459.14668768,0 a 25,1
1766.0,"19.3076863991,-99.2322941936",Muy Bajo,La Magdalena Contreras,155287.799339,1906.91698265,0 a 25,1
1779.0,"19.3408062127,-99.1311388444",Muy Alto,Coyoacán,66432.0819956,1072.68839673,100,5
1782.0,"19.3598689489,-99.044624797",Muy Alto,Iztapalapa,1518933.71606,5226.88051443,100,5
1840.0,"19.4355048589,-99.1742159282",Alto,Miguel Hidalgo,309389.354865,3131.45299886,73 a 99,4
1848.0,"19.429788687,-99.1064546561",Muy Alto,Venustiano Carranza,110258.643919,1527.17677943,100,5
1875.0,"19.4139218993,-99.1073817788",Muy Alto,Venustiano Carranza,71529.0863742,1315.47025867,100,5
1879.0,"19.443837992,-99.1925246914",Muy Alto,Miguel Hidalgo,275289.674079,2863.73156774,100,5
1937.0,"19.4442984298,-99.1419284279",Muy Alto,Cuauhtémoc,268437.623379,2276.82729913,100,5
1938.0,"19.3665893403,-99.177888145",Muy Bajo,Benito Juárez,247493.535876,2974.91212205,0 a 25,1
1954.0,"19.4497871647,-99.1347622052",Muy Alto,Cuauhtémoc,68904.4918324,1341.77500331,100,5
1979.0,"19.4481120776,-99.1389388045",Muy Alto,Cuauhtémoc,261377.570975,2335.27046152,100,5
1988.0,"19.4979324544,-99.1955360965",Muy Alto,Azcapotzalco,450296.827798,3144.17151867,100,5
2003.0,"19.4525118188,-99.1418336576",Muy Alto,Cuauhtémoc,38889.3551296,876.584744472,100,5
2015.0,"19.439206295,-99.1701877376",Alto,Miguel Hidalgo,206313.600609,1862.02592511,73 a 99,4
2035.0,"19.4222261818,-99.1566234336",Muy Alto,Cuauhtémoc,391659.996641,2547.73021207,100,5
2051.0,"19.4164735846,-99.1622732741",Muy Alto,Cuauhtémoc,169236.556924,1826.8207547,100,5
2056.0,"19.4148172185,-99.16732445",Muy Alto,Cuauhtémoc,188181.80445,1995.98765545,100,5
2087.0,"19.4000134787,-99.115027114",Muy Alto,Iztacalco,62700.9329864,1233.3390872,100,5
2103.0,"19.4667544346,-99.0980322095",Muy Alto,Gustavo A. Madero,116353.151262,1376.52662208,100,5
2116.0,"19.4159269987,-99.1365854716",Muy Alto,Cuauhtémoc,205806.95892,1864.92838651,100,5
2132.0,"19.4163444843,-99.1411429221",Muy Alto,Cuauhtémoc,275756.103168,2102.46793536,100,5
2149.0,"19.4853470831,-99.0862088024",Muy Alto,Gustavo A. Madero,111882.154096,1733.13101657,100,5
2202.0,"19.4329311829,-99.1318259614",Muy Alto,Cuauhtémoc,348392.99216,2768.37532883,100,5
2208.0,"19.5217509123,-99.1294796596",Bajo,Gustavo A. Madero,147629.947073,1809.45812013,26 a 49,2
2239.0,"19.3886232201,-99.1312811456",Muy Alto,Iztacalco,188247.325368,1838.49115082,100,5
2267.0,"19.4575162941,-99.1211828186",Muy Alto,Venustiano Carranza,174926.911849,1638.71005116,100,5
2277.0,"19.4632735158,-99.1367794453",Muy Alto,Cuauhtémoc,158271.70241,1611.9146437,100,5
2290.0,"19.4576987794,-99.1943275687",Muy Alto,Miguel Hidalgo,206072.601933,2213.38170851,100,5
2333.0,"19.4530842742,-99.1199222141",Muy Alto,Venustiano Carranza,445157.426461,2859.96433582,100,5
2344.0,"19.4404147092,-99.2125572158",Muy Bajo,Miguel Hidalgo,177869.131974,1763.48053619,0 a 25,1
2354.0,"19.4180431997,-99.2105398228",Muy Bajo,Miguel Hidalgo,230667.163812,2024.81438932,0 a 25,1
2371.0,"19.4121292154,-99.1058007814",Muy Alto,Venustiano Carranza,97589.7064227,1617.89322187,100,5
2373.0,"19.4477017922,-99.0803764756",Muy Alto,Venustiano Carranza,306694.902589,2368.20715766,100,5
2396.0,"19.4259234958,-99.2143417792",Muy Bajo,Miguel Hidalgo,463316.737469,4187.93670282,0 a 25,1
2399.0,"19.431983762,-99.2226264768",Muy Bajo,Miguel Hidalgo,207759.122844,1974.3872277,0 a 25,1
2409.0,"19.4093712452,-99.1923174104",Bajo,Miguel Hidalgo,151612.996701,1702.54844893,26 a 49,2
2445.0,"19.1921603604,-99.1181531402",Muy Bajo,Xochimilco,10035713.481,31252.7273349,0 a 25,1
2454.0,"19.2522025743,-99.278810334",Muy Bajo,La Magdalena Contreras,45180839.866,39195.0222453,0 a 25,1
2008.0,"19.4298513234,-99.1756519801",Muy Alto,Miguel Hidalgo,286520.631052,2468.96748076,100,5
2041.0,"19.4278886891,-99.1269114286",Muy Alto,Cuauhtémoc,162731.894398,1631.86572319,100,5
2048.0,"19.4055297655,-99.147767764",Muy Alto,Cuauhtémoc,210390.871602,2007.79779349,100,5
2062.0,"19.3629425602,-99.1660396164",Alto,Benito Juárez,289895.813191,2823.195943,73 a 99,4
2083.0,"19.3613609743,-99.1617994251",Bajo,Benito Juárez,286241.948066,2774.56278993,26 a 49,2
2086.0,"19.3868448605,-99.1134469709",Muy Alto,Iztacalco,124790.327198,1493.05425183,100,5
2092.0,"19.4061662387,-99.1000382309",Muy Alto,Iztacalco,317065.642831,2517.55882765,100,5
2097.0,"19.4909136918,-99.069169047",Alto,Gustavo A. Madero,169653.739219,1913.14610751,73 a 99,4
2102.0,"19.4774340451,-99.0879111024",Muy Alto,Gustavo A. Madero,372648.472489,2808.24157002,100,5
2133.0,"19.4252629696,-99.1377302022",Muy Alto,Cuauhtémoc,226270.330571,2427.77767948,100,5
2150.0,"19.4869733982,-99.1279692604",Muy Alto,Gustavo A. Madero,254872.505711,2244.3764018,100,5
2176.0,"19.4898187647,-99.0966707149",Muy Alto,Gustavo A. Madero,365484.531189,3429.77106428,100,5
2185.0,"19.4341091056,-99.1385256414",Muy Alto,Cuauhtémoc,178385.280189,1711.06323227,100,5
2186.0,"19.4883561033,-99.0802663136",Muy Alto,Gustavo A. Madero,198756.24615,1820.40110745,100,5
2187.0,"19.4891709164,-99.0845950529",Muy Alto,Gustavo A. Madero,114429.960199,1468.81677265,100,5
2188.0,"19.4734984311,-99.1182162689",Muy Alto,Gustavo A. Madero,205191.379771,2373.67393742,100,5
2200.0,"19.5156444798,-99.1402397091",Muy Alto,Gustavo A. Madero,286208.190262,2330.00473629,100,5
2202.0,"19.4329311829,-99.1318259614",Muy Alto,Cuauhtémoc,348392.99216,2768.37532883,100,5
2225.0,"19.413624041,-99.1622072894",Muy Alto,Cuauhtémoc,274051.529114,2599.59577042,100,5
2240.0,"19.3939793216,-99.1304109816",Muy Alto,Iztacalco,196633.689839,1998.97126697,100,5
2244.0,"19.4205651345,-99.1615570753",Muy Alto,Cuauhtémoc,323140.045291,2424.7269096,100,5
2269.0,"19.449302772,-99.1149139737",Muy Alto,Venustiano Carranza,108448.365076,2060.08062927,100,5
2274.0,"19.4525560103,-99.182276874",Muy Alto,Miguel Hidalgo,398834.261832,3253.01671203,100,5
2289.0,"19.4291687899,-99.220116139",Muy Bajo,Miguel Hidalgo,198539.889114,2538.01498794,0 a 25,1
2313.0,"19.4353442187,-99.1462921298",Muy Alto,Cuauhtémoc,220298.787793,2680.06904713,100,5
2321.0,"19.4228044503,-99.1046561405",Muy Alto,Venustiano Carranza,133554.285637,1776.96201998,100,5
2326.0,"19.4541759177,-99.1394144436",Muy Alto,Cuauhtémoc,40643.0515392,878.608569426,100,5
2333.0,"19.4530842742,-99.1199222141",Muy Alto,Venustiano Carranza,445157.426461,2859.96433582,100,5
2377.0,"19.4182567849,-99.0728123257",Muy Alto,Venustiano Carranza,324050.227063,3052.89300692,100,5
2399.0,"19.431983762,-99.2226264768",Muy Bajo,Miguel Hidalgo,207759.122844,1974.3872277,0 a 25,1
2406.0,"19.4052674632,-99.198902382",Muy Bajo,Miguel Hidalgo,236483.367772,2269.47986661,0 a 25,1
2407.0,"19.4113478366,-99.2150366342",Muy Bajo,Miguel Hidalgo,590566.574639,4386.41340386,0 a 25,1
2410.0,"19.459797381,-99.1851503472",Medio,Miguel Hidalgo,361299.830236,4220.72230833,50 a 72,3
2419.0,"19.4253033322,-99.1031332517",Muy Alto,Venustiano Carranza,242827.332477,2373.17713999,100,5
2443.0,"19.2280119298,-99.1378371774",Muy Bajo,Xochimilco,6121810.16441,19328.2367403,0 a 25,1
2445.0,"19.1921603604,-99.1181531402",Muy Bajo,Xochimilco,10035713.481,31252.7273349,0 a 25,1
2448.0,"19.1750845376,-99.1449152066",Muy Bajo,Tlalpan,12775400.5304,21203.0830783,0 a 25,1
502.0,"19.2681319382,-99.2371301257",Muy Bajo,Tlalpan,315861.707467,2359.79331131,0 a 25,1
513.0,"19.2859999196,-99.0525064312",Muy Alto,Tláhuac,155465.915057,1551.23123396,100,5
518.0,"19.3840716174,-99.2059209341",Bajo,Álvaro Obregón,313762.888211,3085.89408563,26 a 49,2
520.0,"19.3796989364,-99.2405574067",Muy Bajo,Álvaro Obregón,171387.470383,2043.18656505,0 a 25,1
524.0,"19.3088513603,-99.2722968729",Muy Bajo,Álvaro Obregón,505817.659263,4356.23753516,0 a 25,1
535.0,"19.2920421733,-99.0611794865",Muy Alto,Tláhuac,64852.729601,1138.28246003,100,5
541.0,"19.3597054856,-99.2364945083",Muy Bajo,Álvaro Obregón,322906.174802,3174.79397823,0 a 25,1
550.0,"19.4010967458,-99.1999204318",Muy Bajo,Álvaro Obregón,130413.435252,1711.94050669,0 a 25,1
565.0,"19.3819384486,-99.0993560647",Muy Alto,Iztacalco,100992.417545,1493.07514818,100,5
571.0,"19.3029281745,-99.0840121397",Muy Alto,Iztapalapa,182727.387291,1921.67498003,100,5
617.0,"19.3379386352,-98.9847889111",Muy Bajo,Iztapalapa,126343.571231,1609.44865171,0 a 25,1
625.0,"19.3081709939,-99.2282407052",Muy Bajo,La Magdalena Contreras,98826.1602462,1710.47163041,0 a 25,1
636.0,"19.3325285604,-99.0072973228",Muy Bajo,Iztapalapa,359491.480637,2766.68511773,0 a 25,1
644.0,"19.3212121605,-99.2525868841",Muy Bajo,La Magdalena Contreras,569858.650208,4746.56121654,0 a 25,1
713.0,"19.3739558762,-99.0453639754",Muy Alto,Iztapalapa,459084.861234,3196.31468628,100,5
719.0,"19.4034717733,-99.1162760657",Muy Alto,Iztacalco,280366.910195,2762.107581,100,5
722.0,"19.320466,-99.0945128275",Muy Alto,Iztapalapa,102956.837438,1343.22347591,100,5
760.0,"19.3782763424,-99.0696011655",Muy Alto,Iztapalapa,401944.987167,2572.75243462,100,5
762.0,"19.3822348351,-99.0538392514",Muy Alto,Iztapalapa,68788.7348901,1328.59306752,100,5
778.0,"19.3900663289,-99.0401606673",Muy Alto,Iztapalapa,121032.784566,1593.71732093,100,5
805.0,"19.3900159388,-99.1116613504",Muy Alto,Iztacalco,110489.386963,1903.07097038,100,5
812.0,"19.346344972,-99.0827748235",Bajo,Iztapalapa,200402.065143,2958.25653498,26 a 49,2
815.0,"19.3424259739,-99.0740788952",Muy Alto,Iztapalapa,361328.903951,3287.15510886,100,5
824.0,"19.3619772454,-98.9948170683",Alto,Iztapalapa,112907.889932,1309.45531861,73 a 99,4
834.0,"19.3304549227,-99.0851230573",Medio,Iztapalapa,132262.971729,1809.75287916,50 a 72,3
887.0,"19.2904557763,-99.1446325901",Muy Alto,Tlalpan,189966.46868,2888.68032197,100,5
921.0,"19.3568718034,-98.9959095424",Alto,Iztapalapa,374380.378124,2889.00105061,73 a 99,4
922.0,"19.332359812,-98.9905744632",Muy Bajo,Iztapalapa,356777.812451,3491.04667936,0 a 25,1
934.0,"19.3275980683,-98.9724805138",Muy Bajo,Iztapalapa,190454.442678,2706.89753874,0 a 25,1
944.0,"19.3221437358,-99.067973125",Muy Alto,Iztapalapa,598085.677649,3260.48353326,100,5
946.0,"19.319369511,-99.0376433116",Muy Bajo,Iztapalapa,146539.167184,2508.94768856,0 a 25,1
989.0,"19.3316692341,-99.0636281599",Muy Alto,Iztapalapa,86151.3819719,1230.72993154,100,5
501.0,"19.2950986485,-99.1217261557",Muy Alto,Tlalpan,355764.620926,2857.48087057,100,5
511.0,"19.304828314,-99.0181959533",Alto,Tláhuac,41852.4370814,957.225132499,73 a 99,4
521.0,"19.3888137826,-99.205409295",Muy Bajo,Álvaro Obregón,20239.6239394,569.9569533,0 a 25,1
532.0,"19.2934211849,-99.0423765509",Muy Alto,Tláhuac,97486.3138292,1319.65569747,100,5
544.0,"19.3547191975,-99.2406930673",Muy Bajo,Álvaro Obregón,264994.553351,4091.53802584,0 a 25,1
565.0,"19.3819384486,-99.0993560647",Muy Alto,Iztacalco,100992.417545,1493.07514818,100,5
574.0,"19.1843492228,-99.0620132446",Muy Bajo,Milpa Alta,77092.0685713,1134.04265621,0 a 25,1
589.0,"19.364211719,-99.1345258579",Alto,Iztapalapa,282000.563958,2981.0209019,73 a 99,4
595.0,"19.3306319645,-98.977209418",Muy Bajo,Iztapalapa,266071.62706,2829.17950921,0 a 25,1
604.0,"19.1873424362,-99.0178639799",Muy Bajo,Milpa Alta,536748.320446,3523.66635066,0 a 25,1
618.0,"19.3649511065,-99.2371913111",Muy Bajo,Álvaro Obregón,353199.3486,2871.28936583,0 a 25,1
625.0,"19.3081709939,-99.2282407052",Muy Bajo,La Magdalena Contreras,98826.1602462,1710.47163041,0 a 25,1
628.0,"19.3753468868,-99.0522720864",Muy Alto,Iztapalapa,22371.8099625,744.914680263,100,5
635.0,"19.3405499555,-98.9906148342",Muy Bajo,Iztapalapa,137104.409054,1599.91244747,0 a 25,1
659.0,"19.3767988925,-99.2041228812",Muy Bajo,Álvaro Obregón,63680.2690717,1326.50439519,0 a 25,1
688.0,"19.4012371864,-99.0805296285",Muy Alto,Iztacalco,151066.402565,1789.34059607,100,5
689.0,"19.3988499893,-99.0693873466",Muy Alto,Iztacalco,228158.917368,2129.95613876,100,5
698.0,"19.3527839398,-98.9918613606",Bajo,Iztapalapa,192325.004557,2221.1377164,26 a 49,2
714.0,"19.3742813569,-99.0374365134",Muy Alto,Iztapalapa,158158.375732,1607.36277147,100,5
722.0,"19.320466,-99.0945128275",Muy Alto,Iztapalapa,102956.837438,1343.22347591,100,5
732.0,"19.3523525911,-99.0683402774",Muy Alto,Iztapalapa,201596.195914,2566.90028356,100,5
741.0,"19.3390222204,-99.0039751468",Muy Bajo,Iztapalapa,272474.952569,2108.91698358,0 a 25,1
809.0,"19.3006706983,-99.0656845916",Muy Alto,Iztapalapa,132438.068496,1620.00526738,100,5
842.0,"19.3764731218,-99.0553967515",Muy Alto,Iztapalapa,152683.495592,1722.57096751,100,5
882.0,"19.2927475504,-99.1428000005",Muy Alto,Tlalpan,354949.826124,2876.54535036,100,5
890.0,"19.3355326622,-99.0733839259",Muy Alto,Iztapalapa,148957.081798,1862.93319351,100,5
896.0,"19.3356657991,-99.0508529683",Muy Alto,Iztapalapa,195123.937405,1918.29380948,100,5
924.0,"19.2981484682,-99.0747820291",Muy Alto,Iztapalapa,214252.89423,2178.07382063,100,5
945.0,"19.3230654946,-99.0562435207",Muy Alto,Iztapalapa,291464.936049,2901.57300693,100,5
14.0,"19.3923255492,-99.1683750122",Muy Alto,Benito Juárez,373257.441534,3133.85023437,100,5
48.0,"19.382896533,-99.150743391",Muy Alto,Benito Juárez,117203.169069,2029.60242796,100,5
49.0,"19.3885146625,-99.1879324979",Muy Bajo,Benito Juárez,300298.30941,2429.02979279,0 a 25,1
55.0,"19.2324747427,-99.1469791629",Muy Bajo,Xochimilco,334186.878807,3025.83354064,0 a 25,1
75.0,"19.3944492465,-99.1842190635",Alto,Benito Juárez,369566.383733,2966.4693846,73 a 99,4
77.0,"19.3894597668,-99.1757474139",Alto,Benito Juárez,272416.759062,2227.0428536,73 a 99,4
83.0,"19.3879987819,-99.1435560381",Muy Alto,Benito Juárez,96728.7477917,1467.52452525,100,5
86.0,"19.397973948,-99.1480522013",Muy Alto,Benito Juárez,276661.857731,2575.01810131,100,5
113.0,"19.2689923723,-99.1193869687",Muy Alto,Xochimilco,286622.020527,2508.63182814,100,5
144.0,"19.276434007,-99.1105992283",Muy Alto,Xochimilco,899498.271458,4302.57539826,100,5
154.0,"19.3897384881,-99.2050352572",Muy Bajo,Álvaro Obregón,34302.1398328,1109.65589574,0 a 25,1
166.0,"19.2688047671,-99.1093627879",Muy Alto,Xochimilco,449912.131062,3217.19846724,100,5
210.0,"19.287483428,-99.2174453685",Muy Bajo,Tlalpan,347677.488537,2477.90417797,0 a 25,1
259.0,"19.2810689003,-99.2343890666",Muy Bajo,Tlalpan,243875.341642,2356.49219893,0 a 25,1
272.0,"19.3115578361,-99.0392415823",Alto,Tláhuac,183640.183547,1716.12945813,73 a 99,4
276.0,"19.2843488973,-99.1331717388",Muy Alto,Tlalpan,308719.365946,2863.90522467,100,5
287.0,"19.3701839345,-98.999580078",Alto,Iztapalapa,135601.310303,1581.76759995,73 a 99,4
300.0,"19.2689032568,-98.9982032436",Muy Alto,Tláhuac,791530.725528,3719.03584854,100,5
303.0,"19.23759596,-99.003174216",Muy Bajo,Tláhuac,1289814.50295,5515.69757586,0 a 25,1
306.0,"19.238893168,-98.9929933435",Bajo,Tláhuac,91159.9006416,1795.83798225,26 a 49,2
322.0,"19.281094046,-99.0281852145",Muy Alto,Tláhuac,284714.87588,2399.45362774,100,5
331.0,"19.296296406,-99.2321283301",Bajo,Tlalpan,303727.503945,3302.33938843,26 a 49,2
341.0,"19.3817083305,-99.0352399487",Muy Alto,Iztapalapa,52460.5325147,1412.05923311,100,5
360.0,"19.3146127249,-98.9679396149",Bajo,Tláhuac,736257.249736,3778.83056046,26 a 49,2
379.0,"19.2426161122,-99.0070293554",Bajo,Tláhuac,277755.505812,3548.06843236,26 a 49,2
384.0,"19.2254938616,-98.9559498181",Alto,Tláhuac,939201.120923,4835.77907423,73 a 99,4
426.0,"19.2891523704,-99.1372732661",Muy Alto,Tlalpan,322923.787714,2656.54550482,100,5
438.0,"19.3502750945,-99.1952451526",Muy Bajo,Álvaro Obregón,303487.564083,3220.57097798,0 a 25,1
489.0,"19.3109375138,-99.0426314379",Alto,Tláhuac,270324.982031,2739.35505611,73 a 99,4
494.0,"19.3641680223,-99.2474766937",Muy Bajo,Álvaro Obregón,90811.4884408,1786.61615654,0 a 25,1
1002.0,"19.2778088223,-99.1782560203",Muy Bajo,Tlalpan,845137.221277,5587.69428295,0 a 25,1
1009.0,"19.3147504891,-99.0728565188",Muy Alto,Iztapalapa,178417.209617,2347.89527829,100,5
1012.0,"19.4861160247,-99.1478678643",Medio,Gustavo A. Madero,300391.097927,2430.00331631,50 a 72,3
1018.0,"19.2401499981,-99.1068854773",Muy Bajo,Xochimilco,799840.864255,5928.38975816,0 a 25,1
1020.0,"19.2942327544,-99.1591464047",Alto,Tlalpan,255665.529534,2527.23654547,73 a 99,4
1043.0,"19.3416705939,-99.0655153908",Muy Alto,Iztapalapa,199335.806363,2187.10741584,100,5
1079.0,"19.320156606,-99.062957537",Muy Alto,Iztapalapa,312031.270798,2682.9944173,100,5
1102.0,"19.2240740871,-99.1943846001",Medio,Tlalpan,46309.460947,2021.95524386,50 a 72,3
1146.0,"19.4633685417,-99.1162502727",Muy Alto,Gustavo A. Madero,248638.103556,2171.83791883,100,5
1158.0,"19.2410529133,-99.1261837973",Muy Bajo,Xochimilco,626179.582984,4211.92731454,0 a 25,1
1159.0,"19.2350242034,-99.1254599283",Muy Bajo,Xochimilco,643869.004496,3650.2624741,0 a 25,1
1168.0,"19.3513553498,-99.0819679416",Alto,Iztapalapa,309271.973203,2970.62308703,73 a 99,4
1177.0,"19.339748291,-99.1838182328",Muy Bajo,Coyoacán,149115.20602,1889.24228356,0 a 25,1
1189.0,"19.4098010199,-99.0638562226",Muy Alto,Iztacalco,246910.476113,2728.14349012,100,5
1198.0,"19.4745440987,-99.1294001769",Muy Alto,Gustavo A. Madero,236572.526031,2647.54748713,100,5
1226.0,"19.5604129153,-99.1425724906",Muy Bajo,Gustavo A. Madero,137026.591436,1844.32199642,0 a 25,1
1237.0,"19.5118227883,-99.1321576734",Muy Alto,Gustavo A. Madero,60153.1855772,1054.25907025,100,5
1263.0,"19.5499572804,-99.1263209842",Muy Bajo,Gustavo A. Madero,175048.364984,1862.58665701,0 a 25,1
1274.0,"19.3846171596,-99.1185910765",Muy Alto,Iztacalco,118098.307017,1604.96709512,100,5
1290.0,"19.4805765912,-99.1944313507",Muy Alto,Azcapotzalco,674725.327276,3347.67117104,100,5
1305.0,"19.5086454007,-99.1161420525",Muy Bajo,Gustavo A. Madero,1463277.1462,6541.68087236,0 a 25,1
1317.0,"19.3419029316,-99.1751086769",Medio,Coyoacán,465928.952891,4286.24902003,50 a 72,3
1337.0,"19.3069231097,-99.1523951302",Alto,Coyoacán,295099.873132,2472.03067722,73 a 99,4
1356.0,"19.5035634376,-99.2094866128",Alto,Azcapotzalco,237796.410857,2004.24124822,73 a 99,4
1358.0,"19.4832207197,-99.2075625527",Muy Alto,Azcapotzalco,273603.053624,2912.89758511,100,5
1393.0,"19.4633349405,-99.1864391617",Muy Alto,Azcapotzalco,313661.62928,2596.9758043,100,5
1405.0,"19.533184775,-99.1465849689",Muy Alto,Gustavo A. Madero,69715.4090362,1178.57530838,100,5
1555.0,"19.4728399214,-99.1241379397",Muy Alto,Gustavo A. Madero,170973.941632,2438.26867561,100,5
1590.0,"19.3741060623,-99.2341764708",Muy Bajo,Álvaro Obregón,98914.9032965,2665.03147242,0 a 25,1
1620.0,"19.3217736305,-99.1177696413",Muy Alto,Coyoacán,137744.97213,1556.52606468,100,5
1627.0,"19.3665505923,-98.9974188956",Muy Alto,Iztapalapa,90105.0734006,1558.08473678,100,5
1628.0,"19.3611441085,-99.0131681021",Muy Alto,Iztapalapa,397459.202795,3822.71171784,100,5
1650.0,"19.3853936125,-99.039151031",Muy Alto,Iztapalapa,127296.50771,1443.99964906,100,5
1656.0,"19.372254191,-99.0203536467",Muy Alto,Iztapalapa,563280.177207,3160.42940502,100,5
1679.0,"19.1870043585,-99.08408575",Muy Bajo,Milpa Alta,43718.0063068,945.514355229,0 a 25,1
1680.0,"19.5124988251,-99.2006113396",Alto,Azcapotzalco,191779.01594,1972.71222576,73 a 99,4
1715.0,"19.4946341174,-99.1925463843",Muy Alto,Azcapotzalco,443925.241121,3525.81665914,100,5
1776.0,"19.3367570527,-99.1255277649",Muy Alto,Coyoacán,183954.051995,1930.57059523,100,5
1782.0,"19.3598689489,-99.044624797",Muy Alto,Iztapalapa,1518933.71606,5226.88051443,100,5
1783.0,"19.3678269845,-99.0263109287",Muy Alto,Iztapalapa,161201.229985,1775.21132705,100,5
1805.0,"19.4143658822,-99.0942224111",Muy Alto,Venustiano Carranza,150305.120515,2861.31718312,100,5
1813.0,"19.4235971062,-99.0711500612",Muy Alto,Venustiano Carranza,216194.50913,2055.3559055,100,5
1827.0,"19.4200901359,-99.1064582792",Muy Alto,Venustiano Carranza,51611.6015527,1013.97329483,100,5
1831.0,"19.4281537187,-99.1014300688",Muy Alto,Venustiano Carranza,214784.245292,2279.44873312,100,5
1832.0,"19.4370884715,-99.2099130376",Muy Bajo,Miguel Hidalgo,267115.868832,2579.24740788,0 a 25,1
1848.0,"19.429788687,-99.1064546561",Muy Alto,Venustiano Carranza,110258.643919,1527.17677943,100,5
1873.0,"19.4233504091,-99.1131214957",Muy Alto,Venustiano Carranza,78534.7676202,1110.80890495,100,5
1879.0,"19.443837992,-99.1925246914",Muy Alto,Miguel Hidalgo,275289.674079,2863.73156774,100,5
1891.0,"19.4217319567,-99.0932289311",Muy Alto,Venustiano Carranza,276829.018395,2892.29342427,100,5
1935.0,"19.4475978602,-99.1484813056",Muy Alto,Cuauhtémoc,292861.744697,2577.85595699,100,5
1958.0,"19.4311058387,-99.2178690335",Muy Bajo,Miguel Hidalgo,98297.5126095,1335.91452604,0 a 25,1
2027.0,"19.4868460267,-99.1050914647",Muy Alto,Gustavo A. Madero,296766.720818,2461.45392726,100,5
2036.0,"19.428821036,-99.150206484",Muy Alto,Cuauhtémoc,356866.259637,2870.15719973,100,5
2060.0,"19.3768700782,-99.1740114585",Alto,Benito Juárez,212544.386643,2045.24124648,73 a 99,4
2073.0,"19.3590419785,-99.1474205376",Muy Alto,Benito Juárez,280533.872495,2278.21840645,100,5
2082.0,"19.3635440373,-99.1745829257",Medio,Benito Juárez,200975.034208,2444.51840798,50 a 72,3
2102.0,"19.4774340451,-99.0879111024",Muy Alto,Gustavo A. Madero,372648.472489,2808.24157002,100,5
2125.0,"19.4982788481,-99.1210177165",Muy Alto,Gustavo A. Madero,414597.334091,2913.95431742,100,5
2136.0,"19.5560939513,-99.155272982",Muy Bajo,Gustavo A. Madero,656392.681334,4192.76616267,0 a 25,1
2140.0,"19.4808488862,-99.116846279",Muy Alto,Gustavo A. Madero,192766.418373,1783.94760636,100,5
2147.0,"19.4772020945,-99.1090335636",Muy Alto,Gustavo A. Madero,397953.964923,3144.85328746,100,5
2148.0,"19.4722213203,-99.1113263024",Muy Alto,Gustavo A. Madero,247390.695269,2013.9004043,100,5
2151.0,"19.4832735556,-99.1352894423",Muy Alto,Gustavo A. Madero,1133876.50463,5660.10966504,100,5
2156.0,"19.5657452918,-99.1373797858",Muy Bajo,Gustavo A. Madero,260995.968419,2756.84752279,0 a 25,1
2164.0,"19.4591973942,-99.1153009442",Muy Alto,Gustavo A. Madero,182634.30475,1784.69800618,100,5
2171.0,"19.4158694987,-99.0684849766",Muy Alto,Iztacalco,379365.847282,4103.25496907,100,5
2197.0,"19.5287472465,-99.1441257509",Muy Alto,Gustavo A. Madero,159642.392045,1736.01674187,100,5
2210.0,"19.502078647,-99.1244902758",Muy Alto,Gustavo A. Madero,213055.05908,2401.83136449,100,5
2228.0,"19.4390908799,-99.1415055935",Muy Alto,Cuauhtémoc,265770.339787,2856.81920716,100,5
2247.0,"19.410652307,-99.1404876349",Muy Alto,Cuauhtémoc,192775.88949,1992.99322072,100,5
2265.0,"19.4101228598,-99.1189220115",Muy Alto,Venustiano Carranza,207915.592588,2370.09876166,100,5
2286.0,"19.4102339802,-99.2340367697",Muy Bajo,Miguel Hidalgo,594328.483342,5354.61500187,0 a 25,1
2311.0,"19.4160285444,-99.1261595475",Muy Alto,Venustiano Carranza,194200.529678,1953.36349269,100,5
2345.0,"19.4401128409,-99.2160841502",Muy Bajo,Miguel Hidalgo,72061.5991156,1218.71810138,0 a 25,1
2352.0,"19.4025148124,-99.2060776318",Muy Bajo,Miguel Hidalgo,227097.119289,2877.80197099,0 a 25,1
2375.0,"19.4212113905,-99.1132875389",Muy Alto,Venustiano Carranza,61218.1736772,1006.95996793,100,5
2378.0,"19.4085707248,-99.0798897785",Muy Alto,Venustiano Carranza,179369.638701,1769.09010201,100,5
2436.0,"19.1517059771,-99.1066497049",Muy Bajo,Milpa Alta,45048973.2905,39473.5566795,0 a 25,1
2441.0,"19.3091627753,-98.9957561952",Muy Bajo,Tláhuac,21072361.6656,29096.9670057,0 a 25,1
2.0,"19.2383968232,-99.1324066773",Muy Bajo,Xochimilco,581474.697123,4118.34898761,0 a 25,1
6.0,"19.3849470814,-99.1438969068",Muy Alto,Benito Juárez,230762.640075,2038.10872612,100,5
14.0,"19.3923255492,-99.1683750122",Muy Alto,Benito Juárez,373257.441534,3133.85023437,100,5
18.0,"19.2235079672,-99.1021064662",Muy Bajo,Xochimilco,359873.060239,3475.81703501,0 a 25,1
48.0,"19.382896533,-99.150743391",Muy Alto,Benito Juárez,117203.169069,2029.60242796,100,5
63.0,"19.3915481248,-99.1602055915",Muy Alto,Benito Juárez,461450.714855,3357.60918901,100,5
125.0,"19.3106758397,-99.2293968328",Bajo,La Magdalena Contreras,285429.699225,2755.00800693,26 a 49,2
128.0,"19.3919527231,-99.2028698942",Muy Bajo,Álvaro Obregón,215042.744275,2417.46344422,0 a 25,1
133.0,"19.2834377986,-99.1204998279",Muy Alto,Xochimilco,440873.225911,4618.1242282,100,5
151.0,"19.2791954439,-99.0032555606",Muy Alto,Tláhuac,183862.44737,1989.47184989,100,5
155.0,"19.3841443475,-99.216258345",Muy Bajo,Álvaro Obregón,66419.2222595,1307.47241557,0 a 25,1
157.0,"19.3081803017,-99.224893578",Muy Bajo,Tlalpan,221960.261656,2242.25185157,0 a 25,1
188.0,"19.284053003,-99.1996374836",Bajo,Tlalpan,364991.748111,2774.19601166,26 a 49,2
197.0,"19.2483847207,-99.0497690225",Bajo,Xochimilco,1971701.39737,5988.66554126,26 a 49,2
226.0,"19.26493197,-99.0028282721",Muy Alto,Tláhuac,297653.73962,2697.86103948,100,5
238.0,"19.2703031936,-99.1574781621",Medio,Tlalpan,297724.879013,2853.83308027,50 a 72,3
244.0,"19.3887244437,-99.2157438566",Muy Bajo,Álvaro Obregón,94372.9883447,1701.22042381,0 a 25,1
245.0,"19.2961359652,-99.0176703228",Muy Alto,Tláhuac,320554.848165,2647.7583494,100,5
249.0,"19.3061780961,-99.0473472702",Muy Alto,Tláhuac,133108.028668,1700.98772131,100,5
250.0,"19.3712011632,-99.1931704184",Muy Bajo,Álvaro Obregón,66436.0182399,1090.28113431,0 a 25,1
272.0,"19.3115578361,-99.0392415823",Alto,Tláhuac,183640.183547,1716.12945813,73 a 99,4
294.0,"19.2360134565,-99.1534127815",Muy Bajo,Tlalpan,2070169.44101,7993.40924675,0 a 25,1
297.0,"19.2610984322,-99.1195936918",Muy Alto,Xochimilco,65964.7754666,1094.31141523,100,5
300.0,"19.2689032568,-98.9982032436",Muy Alto,Tláhuac,791530.725528,3719.03584854,100,5
353.0,"19.2250657186,-99.1174331657",Muy Bajo,Xochimilco,178214.169565,2428.92876883,0 a 25,1
361.0,"19.376341185,-99.2126533179",Muy Bajo,Álvaro Obregón,122758.922794,1712.23552534,0 a 25,1
369.0,"19.1321440501,-99.1741734066",Muy Bajo,Tlalpan,887192.815937,6006.69066899,0 a 25,1
385.0,"19.2863567196,-99.1440580812",Muy Alto,Tlalpan,508427.937802,3138.4914959,100,5
393.0,"19.3271879291,-99.2871996906",Muy Bajo,Álvaro Obregón,675275.365837,4169.2481639,0 a 25,1
407.0,"19.3547136403,-99.1942894556",Muy Bajo,Álvaro Obregón,688753.88765,3706.14863625,0 a 25,1
423.0,"19.3225587803,-99.1985780007",Muy Bajo,Álvaro Obregón,1135271.87659,6403.13497827,0 a 25,1
479.0,"19.3733034659,-99.1974217299",Muy Bajo,Álvaro Obregón,144042.059677,1770.38468718,0 a 25,1
21.0,"19.2423832695,-99.0200706315",Muy Bajo,Xochimilco,309065.197076,2460.06259149,0 a 25,1
74.0,"19.4020271165,-99.140842037",Muy Alto,Benito Juárez,309619.77586,2436.42999172,100,5
84.0,"19.377592658,-99.1563039325",Muy Alto,Benito Juárez,403840.985707,2691.8624778,100,5
88.0,"19.3833715315,-99.1863614907",Muy Bajo,Benito Juárez,237587.613988,2201.06288776,0 a 25,1
98.0,"19.277586256,-99.1371108117",Medio,Xochimilco,767837.147499,4232.92860895,50 a 72,3
105.0,"19.2047416421,-99.1282593636",Muy Bajo,Xochimilco,831407.682471,5166.32033046,0 a 25,1
127.0,"19.365811707,-99.2269974894",Muy Bajo,Álvaro Obregón,275652.810208,4321.834768,0 a 25,1
129.0,"19.377011921,-99.2162227477",Muy Bajo,Álvaro Obregón,92107.187077,1553.44358112,0 a 25,1
147.0,"19.2644969284,-99.101076724",Muy Alto,Xochimilco,237807.509467,2156.53986337,100,5
183.0,"19.2296196464,-99.1180031908",Muy Bajo,Xochimilco,790065.009725,7163.85822816,0 a 25,1
198.0,"19.2581015893,-99.0721916063",Muy Alto,Xochimilco,251045.325845,2209.12697527,100,5
201.0,"19.2413700093,-99.1000910704",Muy Bajo,Xochimilco,254787.099773,2717.54400245,0 a 25,1
216.0,"19.2218087502,-99.0942134703",Muy Bajo,Xochimilco,435771.803031,3031.47380134,0 a 25,1
222.0,"19.2474330649,-98.9963083949",Muy Alto,Tláhuac,198506.957543,2530.63350549,100,5
230.0,"19.2187731015,-98.9773297448",Alto,Tláhuac,337128.761976,3082.76184479,73 a 99,4
263.0,"19.3825525715,-99.230114276",Muy Bajo,Álvaro Obregón,88647.1312219,1199.7889231,0 a 25,1
273.0,"19.2948004811,-99.0380209762",Muy Alto,Tláhuac,275652.653875,2415.96623685,100,5
283.0,"19.2755416821,-99.2180374114",Muy Bajo,Tlalpan,249672.502395,2413.53453157,0 a 25,1
317.0,"19.3292969382,-99.2730409942",Muy Bajo,Álvaro Obregón,571756.545151,3878.89937586,0 a 25,1
325.0,"19.3580724221,-99.2511541123",Muy Bajo,Álvaro Obregón,167424.983427,2253.39316189,0 a 25,1
332.0,"19.2867110593,-99.1265265111",Muy Alto,Tlalpan,118987.35564,1929.55066598,100,5
371.0,"19.2217588501,-99.1138906706",Muy Bajo,Xochimilco,155728.802784,2025.48415974,0 a 25,1
382.0,"19.2231229281,-98.9645987714",Muy Alto,Tláhuac,420295.079471,3236.30172616,100,5
385.0,"19.2863567196,-99.1440580812",Muy Alto,Tlalpan,508427.937802,3138.4914959,100,5
395.0,"19.3416646891,-99.2361050336",Muy Bajo,Álvaro Obregón,856854.924248,7712.93149617,0 a 25,1
396.0,"19.2800438069,-99.0539605704",Muy Alto,Tláhuac,160083.025209,1994.11551755,100,5
427.0,"19.2916287089,-99.1348831155",Muy Alto,Tlalpan,377833.698128,3070.06071158,100,5
432.0,"19.2934035085,-99.0568631314",Muy Alto,Tláhuac,184647.596914,1953.98719413,100,5
445.0,"19.3011413144,-99.2015054183",Muy Bajo,Tlalpan,713455.386242,5169.8269377,0 a 25,1
458.0,"19.3754564494,-99.2250747028",Muy Bajo,Álvaro Obregón,214278.714237,2682.52082823,0 a 25,1
476.0,"19.3693546825,-99.2347910223",Muy Bajo,Álvaro Obregón,195935.131483,2234.03178311,0 a 25,1
483.0,"19.2394473559,-99.1834730561",Muy Bajo,Tlalpan,5990.91238026,316.065331289,0 a 25,1
488.0,"19.3012235873,-99.041917039",Muy Alto,Tláhuac,67053.412528,1432.65934732,100,5
508.0,"19.3192850812,-99.2873524109",Muy Bajo,Álvaro Obregón,1431617.64619,9165.70556136,0 a 25,1
510.0,"19.3481732713,-99.2201271879",Muy Bajo,Álvaro Obregón,276515.998968,2714.36216096,0 a 25,1
527.0,"19.3572457954,-99.1823756005",Muy Bajo,Álvaro Obregón,519063.981146,3797.67589857,0 a 25,1
554.0,"19.2442628143,-99.1899371465",Muy Bajo,Tlalpan,196618.368431,2540.00870019,0 a 25,1
572.0,"19.2974887722,-99.0802866645",Muy Alto,Iztapalapa,99535.5228618,1823.00845462,100,5
594.0,"19.3389805729,-99.0230326894",Bajo,Iztapalapa,98632.7400865,2485.81610187,26 a 49,2
595.0,"19.3306319645,-98.977209418",Muy Bajo,Iztapalapa,266071.62706,2829.17950921,0 a 25,1
597.0,"19.3316733318,-98.9844873951",Muy Bajo,Iztapalapa,1163253.99075,5065.35970037,0 a 25,1
641.0,"19.3680242259,-99.206514212",Muy Bajo,Álvaro Obregón,128786.755451,1695.90082977,0 a 25,1
652.0,"19.3461564513,-98.9833647051",Muy Bajo,Iztapalapa,246694.237448,3253.55346809,0 a 25,1
673.0,"19.3282447463,-99.0130988439",Muy Bajo,Iztapalapa,1151272.00028,5736.06991501,0 a 25,1
682.0,"19.3538853323,-99.0998231427",Alto,Iztapalapa,234501.294949,2543.37039746,73 a 99,4
703.0,"19.3664666231,-99.1124787316",Muy Alto,Iztapalapa,234807.292431,2511.26460773,100,5
706.0,"19.3824491194,-99.0519078311",Muy Alto,Iztapalapa,69836.2715772,1340.43091271,100,5
730.0,"19.3159302695,-99.0535466351",Medio,Iztapalapa,1065796.6949,5184.78198503,50 a 72,3
743.0,"19.4079381484,-99.0602448334",Muy Alto,Iztacalco,276058.590272,3303.17187242,100,5
749.0,"19.2906228986,-99.0731381292",Alto,Iztapalapa,98690.0311978,1379.43375322,73 a 99,4
753.0,"19.1981729169,-99.0016811855",Muy Bajo,Milpa Alta,1045280.17761,5077.27423526,0 a 25,1
761.0,"19.3774013543,-99.0755342046",Muy Alto,Iztapalapa,402111.855785,2710.23365055,100,5
783.0,"19.3445731103,-99.0007448528",Muy Bajo,Iztapalapa,181419.309009,2228.97564291,0 a 25,1
795.0,"19.333969597,-99.0446893393",Muy Alto,Iztapalapa,310852.897308,2609.95590134,100,5
798.0,"19.3813135786,-99.037264711",Muy Alto,Iztapalapa,177479.456921,2596.06098093,100,5
816.0,"19.3407744567,-99.0691626353",Muy Alto,Iztapalapa,166977.375008,1969.97655146,100,5
829.0,"19.3916154282,-99.0964548089",Muy Alto,Iztacalco,88776.0916263,1358.10310392,100,5
846.0,"19.3748244353,-99.0558659632",Muy Alto,Iztapalapa,16128.7718411,562.791076175,100,5
869.0,"19.3793236853,-99.0508397234",Muy Alto,Iztapalapa,36108.5466118,959.649918106,100,5
871.0,"19.3736559787,-99.056245848",Muy Alto,Iztapalapa,37639.6409763,972.27921078,100,5
878.0,"19.3545306547,-99.0950349556",Bajo,Iztapalapa,279580.887017,2913.63792957,26 a 49,2
881.0,"19.29256675,-99.1138069351",Muy Alto,Tlalpan,324220.15851,2251.66354007,100,5
889.0,"19.3364280583,-99.0645443947",Muy Alto,Iztapalapa,197169.774785,1810.99497262,100,5
911.0,"19.3322644054,-99.0721375112",Muy Alto,Iztapalapa,99037.0085007,1358.35165573,100,5
919.0,"19.335664066,-99.0168273265",Muy Bajo,Iztapalapa,197061.51971,2048.45918096,0 a 25,1
929.0,"19.3278440994,-99.0656620839",Muy Alto,Iztapalapa,207040.242686,1876.078838,100,5
933.0,"19.3363853892,-99.0295405713",Alto,Iztapalapa,274822.286524,2344.81087707,73 a 99,4
959.0,"19.3474991084,-99.0043421422",Muy Bajo,Iztapalapa,127634.956256,1498.07027692,0 a 25,1
964.0,"19.3222719977,-99.0450263117",Muy Alto,Iztapalapa,77865.3777549,2152.57430184,100,5
965.0,"19.3214845575,-99.0402938863",Medio,Iztapalapa,122339.654036,2322.84941923,50 a 72,3
985.0,"19.3239478831,-99.0470541673",Muy Alto,Iztapalapa,86952.4550436,1328.14767589,100,5
547.0,"19.2443720833,-99.0099951187",Muy Bajo,Tláhuac,675415.392076,4357.62754556,0 a 25,1
568.0,"19.3986985658,-99.0643414792",Muy Alto,Iztacalco,300355.063802,2409.4265513,100,5
569.0,"19.3217182988,-99.0502309094",Alto,Iztapalapa,259239.102329,2554.28798699,73 a 99,4
587.0,"19.2125456141,-98.9976184016",Muy Bajo,Milpa Alta,846408.287471,5067.21452093,0 a 25,1
609.0,"19.378955595,-99.0636993863",Muy Alto,Iztapalapa,408160.418819,2773.09566317,100,5
631.0,"19.3738791203,-99.0689830425",Muy Alto,Iztapalapa,420807.130334,3375.00447851,100,5
652.0,"19.3461564513,-98.9833647051",Muy Bajo,Iztapalapa,246694.237448,3253.55346809,0 a 25,1
653.0,"19.3144203107,-99.0449374634",Muy Alto,Iztapalapa,91732.12067,1468.26598255,100,5
654.0,"19.3171336319,-99.0448026102",Muy Alto,Iztapalapa,297346.716491,2685.03580088,100,5
661.0,"19.3035449096,-99.2679633387",Muy Bajo,La Magdalena Contreras,258326.33673,2266.17938859,0 a 25,1
670.0,"19.3289320618,-99.0498858222",Muy Alto,Iztapalapa,154928.806065,1920.35325171,100,5
699.0,"19.349414243,-98.9904597183",Muy Bajo,Iztapalapa,160459.33896,2526.76379594,0 a 25,1
730.0,"19.3159302695,-99.0535466351",Medio,Iztapalapa,1065796.6949,5184.78198503,50 a 72,3
744.0,"19.3932068283,-99.101744533",Muy Alto,Iztacalco,82588.3829208,1189.05771092,100,5
756.0,"19.3736086657,-99.0050059059",Alto,Iztapalapa,104421.874047,1296.66104423,73 a 99,4
786.0,"19.3321673109,-99.0153690992",Muy Bajo,Iztapalapa,153138.926132,2820.29310119,0 a 25,1
802.0,"19.3882962203,-99.0922007811",Muy Alto,Iztacalco,130816.754752,2386.0830122,100,5
808.0,"19.2884754365,-99.0669077877",Muy Alto,Iztapalapa,48844.1548779,904.32390243,100,5
811.0,"19.3175480663,-99.0602956149",Muy Alto,Iztapalapa,111465.451096,1515.06948444,100,5
816.0,"19.3407744567,-99.0691626353",Muy Alto,Iztapalapa,166977.375008,1969.97655146,100,5
820.0,"19.2215350475,-98.9979243176",Bajo,Milpa Alta,1085487.43508,6540.26571758,26 a 49,2
836.0,"19.353040062,-99.0379175819",Muy Alto,Iztapalapa,483672.586042,2886.34199979,100,5
855.0,"19.3776210993,-99.0296737177",Muy Bajo,Iztapalapa,273253.348415,2169.12837111,0 a 25,1
868.0,"19.3158892275,-99.0867548378",Muy Alto,Iztapalapa,75159.5118861,1214.63019002,100,5
914.0,"19.3279771696,-99.026073661",Muy Bajo,Iztapalapa,178638.930895,2105.8179077,0 a 25,1
926.0,"19.2891289873,-99.0709199054",Muy Alto,Iztapalapa,49338.8409422,885.630054471,100,5
928.0,"19.3231776863,-99.0737475252",Muy Alto,Iztapalapa,241546.211391,2363.02101146,100,5
953.0,"19.3059696119,-99.0808447841",Muy Alto,Iztapalapa,148139.53938,1565.43095693,100,5
958.0,"19.3663722674,-99.1152523013",Muy Alto,Iztapalapa,209974.054778,2263.58813506,100,5
963.0,"19.35093614,-98.9975225364",Muy Bajo,Iztapalapa,193222.017558,2954.21896873,0 a 25,1
968.0,"19.3265067226,-99.0628437002",Muy Alto,Iztapalapa,97867.9497926,1463.54175698,100,5
973.0,"19.3365162173,-99.0605800707",Muy Alto,Iztapalapa,153610.934572,2100.65939225,100,5
979.0,"19.3521687463,-98.9955483978",Muy Bajo,Iztapalapa,149877.688016,1895.59491208,0 a 25,1
985.0,"19.3239478831,-99.0470541673",Muy Alto,Iztapalapa,86952.4550436,1328.14767589,100,5
1512.0,"19.3406991493,-99.1386662246",Muy Alto,Coyoacán,239374.905079,2601.24160651,100,5
1520.0,"19.3342542045,-99.1390443255",Muy Alto,Coyoacán,128706.562109,1712.27042974,100,5
1550.0,"19.486529734,-99.1811069178",Muy Alto,Azcapotzalco,238275.482889,2692.57329366,100,5
1551.0,"19.4811176737,-99.1707813164",Muy Alto,Azcapotzalco,1380526.29047,5894.06903094,100,5
1558.0,"19.3370920965,-99.1684360825",Alto,Coyoacán,397093.452937,3683.998912,73 a 99,4
1561.0,"19.3115466783,-99.1308384823",Muy Alto,Coyoacán,357575.74661,3108.40648885,100,5
1563.0,"19.3309047005,-99.1532736857",Alto,Coyoacán,654288.762951,4676.01546678,73 a 99,4
1576.0,"19.4708104669,-99.0872199117",Muy Alto,Gustavo A. Madero,73621.217003,1312.78491112,100,5
1585.0,"19.5068534212,-99.2069730797",Muy Alto,Azcapotzalco,178129.086298,1766.65415625,100,5
1598.0,"19.3304627323,-99.0597159876",Muy Alto,Iztapalapa,129549.535346,1699.43746922,100,5
1608.0,"19.3692026233,-99.0047501054",Alto,Iztapalapa,452713.978288,3976.50403067,73 a 99,4
1667.0,"19.3816724125,-99.2324518107",Muy Bajo,Álvaro Obregón,129189.241339,1877.03658395,0 a 25,1
1674.0,"19.3128349674,-99.2432848728",Muy Bajo,La Magdalena Contreras,214634.75373,2414.26636665,0 a 25,1
1682.0,"19.3752390776,-99.2852888232",Muy Bajo,Cuajimalpa de Morelos,191834.990179,2229.17687008,0 a 25,1
1723.0,"19.3370541761,-99.096930658",Muy Bajo,Iztapalapa,586002.098331,3502.90317168,0 a 25,1
1726.0,"19.3876301937,-99.2059004523",Muy Bajo,Álvaro Obregón,27180.4026443,668.062235753,0 a 25,1
1747.0,"19.1922760108,-99.0948446811",Muy Bajo,Milpa Alta,1564366.28618,7323.23333968,0 a 25,1
1770.0,"19.329647163,-99.1323094067",Muy Alto,Coyoacán,507300.555735,3122.96798243,100,5
1785.0,"19.4605105077,-99.157159274",Muy Alto,Cuauhtémoc,458344.81236,3468.75671392,100,5
1889.0,"19.4369397501,-99.1084674123",Muy Alto,Venustiano Carranza,240020.838196,2324.4980936,100,5
1897.0,"19.3605230243,-99.1567667582",Medio,Benito Juárez,360951.976981,2358.60566841,50 a 72,3
1907.0,"19.442911096,-99.097947967",Muy Alto,Venustiano Carranza,240624.553599,1961.77952681,100,5
1920.0,"19.4226635768,-99.2058047098",Muy Bajo,Miguel Hidalgo,36483.863738,776.780965467,0 a 25,1
1930.0,"19.4306263333,-99.1580504925",Muy Alto,Cuauhtémoc,293152.92701,4231.3155603,100,5
1948.0,"19.3631180425,-99.1713671748",Alto,Benito Juárez,116166.057893,1461.95337256,73 a 99,4
1957.0,"19.4487736867,-99.1066247623",Muy Alto,Venustiano Carranza,114957.80649,1847.6872444,100,5
1965.0,"19.4050931199,-99.2480893782",Muy Bajo,Miguel Hidalgo,510075.727956,5558.19874837,0 a 25,1
1978.0,"19.4496214808,-99.1439922821",Muy Alto,Cuauhtémoc,222638.766554,1875.91013467,100,5
1979.0,"19.4481120776,-99.1389388045",Muy Alto,Cuauhtémoc,261377.570975,2335.27046152,100,5
1988.0,"19.4979324544,-99.1955360965",Muy Alto,Azcapotzalco,450296.827798,3144.17151867,100,5
1989.0,"19.492395301,-99.1982302281",Muy Alto,Azcapotzalco,177992.471616,2003.17337063,100,5
1997.0,"19.3678955239,-99.1695952771",Alto,Benito Juárez,441538.385125,3047.73055756,73 a 99,4
1512.0,"19.3406991493,-99.1386662246",Muy Alto,Coyoacán,239374.905079,2601.24160651,100,5
1513.0,"19.3480562173,-99.130008955",Muy Alto,Coyoacán,307573.391962,2803.62739463,100,5
1519.0,"19.5194271681,-99.1348048593",Alto,Gustavo A. Madero,526878.242237,4613.15307859,73 a 99,4
1524.0,"19.318775025,-99.1113505584",Muy Alto,Coyoacán,94884.3195593,1582.3035542,100,5
1554.0,"19.5246320758,-99.1413010393",Muy Alto,Gustavo A. Madero,120574.655815,1828.06043169,100,5
1561.0,"19.3115466783,-99.1308384823",Muy Alto,Coyoacán,357575.74661,3108.40648885,100,5
1566.0,"19.3445608632,-99.1792877428",Muy Bajo,Coyoacán,181097.976512,2002.46365407,0 a 25,1
1573.0,"19.4816391802,-99.1231911602",Muy Alto,Gustavo A. Madero,147602.244465,1873.3868551,100,5
1576.0,"19.4708104669,-99.0872199117",Muy Alto,Gustavo A. Madero,73621.217003,1312.78491112,100,5
1578.0,"19.4678996133,-99.0604849131",Alto,Gustavo A. Madero,210646.92571,2294.02411489,73 a 99,4
1582.0,"19.3362229306,-99.1388712152",Muy Alto,Coyoacán,51260.917482,958.968966821,100,5
1639.0,"19.3654055093,-99.0316114935",Muy Alto,Iztapalapa,159508.840638,1603.95467872,100,5
1653.0,"19.3881573819,-99.044654864",Muy Alto,Iztapalapa,163881.912785,1956.37896847,100,5
1660.0,"19.3484919549,-99.0552965444",Muy Alto,Iztapalapa,179136.815043,2037.28259362,100,5
1678.0,"19.1887052193,-99.0706992349",Muy Bajo,Milpa Alta,1023530.6676,6425.67104549,0 a 25,1
1697.0,"19.3022474445,-99.2352482226",Muy Bajo,La Magdalena Contreras,439045.591027,3497.69217209,0 a 25,1
1702.0,"19.3464535356,-99.1543127464",Muy Alto,Coyoacán,577234.1086,3468.20349332,100,5
1717.0,"19.5023883951,-99.2060785162",Muy Alto,Azcapotzalco,48626.6669347,1108.52898411,100,5
1731.0,"19.2042479064,-99.0981721664",Muy Bajo,Milpa Alta,522798.168365,3122.51312511,0 a 25,1
1739.0,"19.478239647,-99.1444587899",Muy Alto,Gustavo A. Madero,213797.732682,2308.95011288,100,5
1764.0,"19.3581885621,-99.0668331427",Muy Alto,Iztapalapa,324646.481823,2577.90917206,100,5
1797.0,"19.4482548495,-99.2158712699",Muy Bajo,Miguel Hidalgo,114355.161342,1440.14369882,0 a 25,1
1837.0,"19.4011074139,-99.1728422243",Alto,Miguel Hidalgo,215030.084994,1966.78165144,73 a 99,4
1857.0,"19.4418833967,-99.1730861013",Muy Alto,Miguel Hidalgo,268756.517412,2385.66535965,100,5
1867.0,"19.505189228,-99.1862364579",Muy Alto,Azcapotzalco,113632.360292,1686.40254322,100,5
1878.0,"19.4323021387,-99.1794328639",Alto,Miguel Hidalgo,164781.165032,2083.48312977,73 a 99,4
1913.0,"19.4526461475,-99.1433434025",Muy Alto,Cuauhtémoc,35392.6150616,847.894879874,100,5
1965.0,"19.4050931199,-99.2480893782",Muy Bajo,Miguel Hidalgo,510075.727956,5558.19874837,0 a 25,1
1968.0,"19.4615491983,-99.1950717632",Muy Alto,Miguel Hidalgo,377593.505599,2530.23901316,100,5
1970.0,"19.4084338369,-99.1657330616",Muy Alto,Cuauhtémoc,242194.762854,2080.9362488,100,5
1972.0,"19.4306072346,-99.2023898552",Muy Bajo,Miguel Hidalgo,125288.587376,1497.92882897,0 a 25,1
1975.0,"19.4453527486,-99.1762619199",Muy Alto,Miguel Hidalgo,306140.997349,2553.49167942,100,5
1992.0,"19.3664047539,-99.1587021187",Muy Alto,Benito Juárez,455129.522679,3232.03458658,100,5
2029.0,"19.4538329271,-99.0917655976",Muy Alto,Gustavo A. Madero,237693.951191,2042.78361789,100,5
2033.0,"19.4330384459,-99.1652237369",Alto,Cuauhtémoc,301824.083565,3113.05772054,73 a 99,4
2037.0,"19.4233836104,-99.150579353",Muy Alto,Cuauhtémoc,282042.037803,2605.25482803,100,5
2044.0,"19.4571410224,-99.1598780558",Muy Alto,Cuauhtémoc,324064.298425,2346.23546784,100,5
2089.0,"19.5123472858,-99.1278375968",Alto,Gustavo A. Madero,907652.737239,5032.20613402,73 a 99,4
2096.0,"19.4825480833,-99.0666441338",Alto,Gustavo A. Madero,208086.019498,2335.77205738,73 a 99,4
2100.0,"19.3997702867,-99.0961423668",Muy Alto,Iztacalco,307449.565219,2285.29222978,100,5
2118.0,"19.481281675,-99.0995867712",Muy Alto,Gustavo A. Madero,187697.068331,1982.89986859,100,5
2122.0,"19.5072190117,-99.0985326039",Muy Alto,Gustavo A. Madero,110678.948485,1383.84108401,100,5
2142.0,"19.4800891353,-99.0805760495",Muy Alto,Gustavo A. Madero,302067.622651,2307.51370782,100,5
2152.0,"19.3977487381,-99.0916867297",Muy Alto,Iztacalco,362021.954658,2570.01648041,100,5
2161.0,"19.451613063,-99.09963944",Muy Alto,Gustavo A. Madero,183111.907336,1986.19335864,100,5
2180.0,"19.4634982886,-99.0891434866",Muy Alto,Gustavo A. Madero,215870.323671,1973.89582616,100,5
2190.0,"19.504700532,-99.132003566",Muy Alto,Gustavo A. Madero,105166.61073,1339.00481343,100,5
2206.0,"19.4844533279,-99.1225130736",Muy Alto,Gustavo A. Madero,325671.400944,2813.33969379,100,5
2213.0,"19.4984587541,-99.0724608244",Alto,Gustavo A. Madero,235505.090188,2144.03745491,73 a 99,4
2217.0,"19.5273795132,-99.1722110926",Alto,Gustavo A. Madero,402781.491389,3751.45409523,73 a 99,4
2232.0,"19.4045482241,-99.1611148835",Muy Alto,Cuauhtémoc,135983.488878,1482.87000639,100,5
2242.0,"19.3869343318,-99.0679395245",Muy Alto,Iztacalco,175370.182733,2369.89682871,100,5
2252.0,"19.4086563537,-99.1697846048",Muy Alto,Cuauhtémoc,273949.95659,2258.58560489,100,5
2297.0,"19.4547592082,-99.1506155902",Muy Alto,Cuauhtémoc,43279.8915499,1018.75843748,100,5
2307.0,"19.4144569522,-99.1139842575",Muy Alto,Venustiano Carranza,156696.883926,1754.98215698,100,5
2317.0,"19.4398203778,-99.0988856783",Muy Alto,Venustiano Carranza,186051.010413,2619.29861581,100,5
2322.0,"19.4402577834,-99.0830077534",Alto,Venustiano Carranza,243955.63617,2047.51384308,73 a 99,4
2324.0,"19.4333416564,-99.1865751486",Alto,Miguel Hidalgo,220847.421395,2538.95547211,73 a 99,4
2327.0,"19.4526538881,-99.1405133259",Muy Alto,Cuauhtémoc,35733.9104619,976.747086263,100,5
2346.0,"19.3942290588,-99.2454858834",Muy Bajo,Miguel Hidalgo,1713364.52029,8254.71303293,0 a 25,1
2350.0,"19.3982398632,-99.1814026727",Alto,Miguel Hidalgo,262835.203125,2538.52617413,73 a 99,4
2359.0,"19.4237972733,-99.1075145106",Muy Alto,Venustiano Carranza,88139.8537815,1455.49593397,100,5
2362.0,"19.4309692888,-99.1089324286",Muy Alto,Venustiano Carranza,225054.830077,2060.36447283,100,5
2364.0,"19.4160133133,-99.0817250618",Muy Alto,Venustiano Carranza,398903.768929,2714.10427347,100,5
2381.0,"19.4178226964,-99.1191343992",Muy Alto,Venustiano Carranza,92489.3684689,1276.8269934,100,5
2385.0,"19.4043584985,-99.1789534191",Muy Alto,Miguel Hidalgo,398589.319176,3127.23322947,100,5
2428.0,"19.4311116859,-99.1126745674",Muy Alto,Venustiano Carranza,288056.125657,2247.27696862,100,5
2447.0,"19.1383433025,-99.204566686",Muy Bajo,Tlalpan,103373656.323,56977.9841258,0 a 25,1
1038.0,"19.2151125655,-99.1865401356",Muy Bajo,Tlalpan,621874.646656,3851.27218159,0 a 25,1
1069.0,"19.2704681626,-99.1872331105",Muy Bajo,Tlalpan,250149.115494,3979.08523881,0 a 25,1
1077.0,"19.3136231859,-99.0755628125",Muy Alto,Iztapalapa,244805.286671,2110.39262937,100,5
1091.0,"19.5119921554,-99.1426979154",Muy Alto,Gustavo A. Madero,235068.461266,2260.16773292,100,5
1095.0,"19.3921925416,-99.1104861444",Muy Alto,Iztacalco,251232.84552,2586.91578562,100,5
1099.0,"19.3002407893,-99.1283047697",Muy Alto,Tlalpan,438616.80557,3910.40755386,100,5
1129.0,"19.4949629462,-99.1486655987",Muy Alto,Gustavo A. Madero,97217.024402,1377.28402996,100,5
1130.0,"19.3611900821,-99.1357387599",Muy Alto,Iztapalapa,310404.407831,2286.34369787,100,5
1141.0,"19.2737742881,-99.1697974262",Muy Bajo,Tlalpan,366441.781755,3575.87200988,0 a 25,1
1160.0,"19.1966694039,-99.1172517521",Muy Bajo,Xochimilco,782139.200582,4270.33840748,0 a 25,1
1177.0,"19.339748291,-99.1838182328",Muy Bajo,Coyoacán,149115.20602,1889.24228356,0 a 25,1
1207.0,"19.4769775122,-99.1344292709",Muy Alto,Gustavo A. Madero,356344.092237,2787.14868608,100,5
1232.0,"19.3891867609,-99.0723130164",Muy Alto,Iztacalco,152617.928317,1846.16697383,100,5
1234.0,"19.4026012237,-99.1218089187",Muy Alto,Iztacalco,325932.618446,2413.19856095,100,5
1252.0,"19.3939672676,-99.0855136983",Muy Alto,Iztacalco,175173.937884,2463.25538752,100,5
1259.0,"19.5486353148,-99.122883969",Muy Bajo,Gustavo A. Madero,134005.880944,2216.56996361,0 a 25,1
1303.0,"19.3036826034,-99.1156907928",Muy Alto,Coyoacán,171868.974755,1754.82219092,100,5
1355.0,"19.4938876919,-99.1846364537",Muy Alto,Azcapotzalco,225282.314713,2356.76940686,100,5
1360.0,"19.5453689908,-99.1302724223",Muy Bajo,Gustavo A. Madero,190434.556288,2126.56836766,0 a 25,1
1377.0,"19.3494140005,-99.2917903698",Muy Bajo,Cuajimalpa de Morelos,1115708.39524,5892.72392271,0 a 25,1
1404.0,"19.5289752506,-99.1551023117",Alto,Gustavo A. Madero,162623.436508,1789.57794881,73 a 99,4
1426.0,"19.3088245196,-99.1136547945",Muy Alto,Coyoacán,174441.724355,1765.76095882,100,5
1431.0,"19.3035134705,-99.1727257221",Muy Bajo,Coyoacán,64866.5336439,1286.89714516,0 a 25,1
1432.0,"19.3071275347,-99.1743377119",Muy Bajo,Coyoacán,30972.1503334,777.45476082,0 a 25,1
1433.0,"19.4793503525,-99.068863462",Muy Alto,Gustavo A. Madero,116207.739901,1575.97763671,100,5
1439.0,"19.4731650459,-99.061996515",Alto,Gustavo A. Madero,161117.15857,2263.24301557,73 a 99,4
1453.0,"19.329334727,-99.1719237419",Muy Bajo,Coyoacán,342930.431099,2852.75880027,0 a 25,1
1461.0,"19.5037920676,-99.0910807005",Muy Alto,Gustavo A. Madero,166609.220831,1856.37747175,100,5
1469.0,"19.5561413312,-99.1418537903",Muy Bajo,Gustavo A. Madero,350410.708602,3313.43373361,0 a 25,1
1479.0,"19.353080105,-99.0642441361",Muy Alto,Iztapalapa,235445.011375,3265.65500377,100,5
1488.0,"19.3471492453,-99.0447081544",Muy Alto,Iztapalapa,221246.026804,2008.2038464,100,5
1195.0,"19.4624992948,-99.1013824934",Muy Alto,Gustavo A. Madero,181353.19475,1878.21851668,100,5
1231.0,"19.3939973501,-99.0678176004",Muy Alto,Iztacalco,313820.870736,2911.91035309,100,5
1258.0,"19.4587861526,-99.1110836531",Muy Alto,Gustavo A. Madero,215272.652386,2546.00629624,100,5
1276.0,"19.4670368609,-99.0681722068",Muy Alto,Gustavo A. Madero,247867.702618,2657.35265259,100,5
1294.0,"19.3392343038,-99.1859004992",Muy Bajo,Coyoacán,35878.3396039,957.853264042,0 a 25,1
1314.0,"19.4944844499,-99.2054575404",Muy Alto,Azcapotzalco,64318.9702499,1064.53853787,100,5
1315.0,"19.4952749921,-99.180751048",Muy Alto,Azcapotzalco,305871.704517,2925.27865842,100,5
1333.0,"19.5006153699,-99.0843594854",Muy Alto,Gustavo A. Madero,386487.618109,2917.69112269,100,5
1339.0,"19.3555082607,-99.1299608414",Muy Alto,Coyoacán,309654.359825,2405.94118986,100,5
1382.0,"19.5616559433,-99.1466710838",Muy Bajo,Gustavo A. Madero,341523.45992,2515.48085254,0 a 25,1
1414.0,"19.4840766322,-99.0979827502",Muy Alto,Gustavo A. Madero,137484.944478,1753.72379077,100,5
1425.0,"19.337973786,-99.1786440539",Medio,Coyoacán,118880.264662,1760.7846684,50 a 72,3
1449.0,"19.4814583396,-99.1993631755",Muy Alto,Azcapotzalco,77402.7800379,1256.21467104,100,5
1460.0,"19.457375214,-99.1035674395",Muy Alto,Gustavo A. Madero,290373.081944,2221.87828389,100,5
1463.0,"19.4771537415,-99.1175422089",Muy Alto,Gustavo A. Madero,155413.418844,1718.92162217,100,5
1464.0,"19.4583153378,-99.0638855904",Muy Alto,Gustavo A. Madero,227839.061432,1921.10992598,100,5
1472.0,"19.3436558858,-99.1338706264",Muy Alto,Coyoacán,261629.741562,2239.40644303,100,5
1493.0,"19.4751870091,-99.1633011856",Muy Alto,Azcapotzalco,150286.713055,1838.30057549,100,5
1500.0,"19.524673685,-99.1460212599",Muy Alto,Gustavo A. Madero,117050.254688,1738.6772295,100,5
1021.0,"19.2767559544,-99.1544235579",Muy Bajo,Tlalpan,157919.644612,3034.12808992,0 a 25,1
1023.0,"19.1977738762,-99.122853263",Muy Bajo,Xochimilco,754238.499557,4755.16507448,0 a 25,1
1030.0,"19.2605611682,-99.0337241161",Muy Alto,Xochimilco,1196884.30445,6149.94992526,100,5
1040.0,"19.3388766457,-99.0852945085",Muy Bajo,Iztapalapa,977346.47609,7390.3985502,0 a 25,1
1047.0,"19.2908372828,-99.1175850171",Muy Alto,Tlalpan,132654.482283,1902.75386471,100,5
1054.0,"19.2179021765,-99.2079093931",Muy Bajo,Tlalpan,750323.093336,4200.40362815,0 a 25,1
1058.0,"19.3468914977,-99.08000899",Alto,Iztapalapa,124169.966604,1651.97778881,73 a 99,4
1061.0,"19.3377382273,-99.0842151318",Muy Bajo,Iztapalapa,119271.632114,1772.69452074,0 a 25,1
1062.0,"19.299924803,-99.1926254988",Bajo,Tlalpan,526672.563747,4532.23598161,26 a 49,2
1063.0,"19.2902729503,-99.1771802385",Muy Bajo,Tlalpan,168961.693281,2031.9659708,0 a 25,1
1070.0,"19.2702166022,-99.1742306551",Muy Bajo,Tlalpan,202599.8174,2784.51185588,0 a 25,1
1104.0,"19.2973891254,-99.1479666819",Muy Alto,Tlalpan,367245.949285,2569.85005019,100,5
1115.0,"19.297929235,-99.1107486512",Muy Alto,Tlalpan,95026.1160195,1321.93175215,100,5
37.0,"19.2704173307,-99.1357528694",Bajo,Xochimilco,1165032.26458,5783.35146003,26 a 49,2
54.0,"19.2398885518,-99.1416859",Muy Bajo,Xochimilco,716465.440123,4642.78735737,0 a 25,1
42.0,"19.3813648515,-99.178812995",Medio,Benito Juárez,486885.383032,3030.31999804,50 a 72,3
295.0,"19.2649184594,-99.1312716134",Bajo,Xochimilco,373905.376522,2706.24211234,26 a 49,2
316.0,"19.3674860228,-99.2011819974",Muy Bajo,Álvaro Obregón,48279.9277684,1153.14537116,0 a 25,1
321.0,"19.2915100616,-99.0327896643",Muy Alto,Tláhuac,268559.070515,2410.96306431,100,5
237.0,"19.2924911119,-99.1211833496",Muy Alto,Tlalpan,108093.423068,1382.83424992,100,5
195.0,"19.2808652864,-99.2170922792",Muy Bajo,Tlalpan,263044.56756,2388.86745542,0 a 25,1
209.0,"19.2946542283,-99.1274901117",Muy Alto,Tlalpan,198242.780762,2582.28430104,100,5
105.0,"19.2047416421,-99.1282593636",Muy Bajo,Xochimilco,831407.682471,5166.32033046,0 a 25,1
57.0,"19.263659665,-99.0955853066",Muy Alto,Xochimilco,142933.015078,1960.19799291,100,5
61.0,"19.2877839599,-99.2215117222",Muy Bajo,Tlalpan,247925.370801,2041.57400638,0 a 25,1
92.0,"19.3851059003,-99.1585331431",Muy Alto,Benito Juárez,379083.785601,2760.53087275,100,5
77.0,"19.3894597668,-99.1757474139",Alto,Benito Juárez,272416.759062,2227.0428536,73 a 99,4
258.0,"19.2981085719,-99.1222643542",Muy Alto,Tlalpan,83860.3012006,1447.30173835,100,5
263.0,"19.3825525715,-99.230114276",Muy Bajo,Álvaro Obregón,88647.1312219,1199.7889231,0 a 25,1
288.0,"19.3717238851,-99.008023964",Muy Alto,Iztapalapa,94453.3164316,1270.26578598,100,5
397.0,"19.2804586419,-99.0511074594",Muy Alto,Tláhuac,28014.2066949,777.547961761,100,5
141.0,"19.2610281065,-99.1688653486",Muy Bajo,Tlalpan,895262.910859,5646.06172427,0 a 25,1
167.0,"19.2489694938,-99.0895419334",Alto,Xochimilco,430676.424933,3440.63099042,73 a 99,4
192.0,"19.2717657701,-99.2335767603",Muy Bajo,Tlalpan,277634.598997,2375.74147814,0 a 25,1
379.0,"19.2426161122,-99.0070293554",Bajo,Tláhuac,277755.505812,3548.06843236,26 a 49,2
362.0,"19.3591762607,-99.1038076435",Muy Alto,Iztapalapa,326328.856434,2910.43266327,100,5
350.0,"19.3715818832,-99.2016458129",Muy Bajo,Álvaro Obregón,118302.580801,1377.79446985,0 a 25,1
327.0,"19.2904907708,-99.03863972",Muy Alto,Tláhuac,282236.563441,2150.62064381,100,5
439.0,"19.3732841105,-99.2181419103",Muy Bajo,Álvaro Obregón,308614.920646,2500.36907959,0 a 25,1
471.0,"19.305665875,-99.0457684271",Muy Alto,Tláhuac,154574.351469,2418.55660671,100,5
543.0,"19.3273496864,-99.2615669073",Muy Bajo,Álvaro Obregón,629151.87359,4702.03731862,0 a 25,1
528.0,"19.3512423994,-99.21116987",Muy Bajo,Álvaro Obregón,1050325.00065,5046.931934,0 a 25,1
537.0,"19.3701767635,-99.2167896066",Muy Bajo,Álvaro Obregón,309394.754585,3069.99537642,0 a 25,1
551.0,"19.3792684254,-99.1932971079",Muy Bajo,Álvaro Obregón,220656.098919,2989.08877456,0 a 25,1
532.0,"19.2934211849,-99.0423765509",Muy Alto,Tláhuac,97486.3138292,1319.65569747,100,5
563.0,"19.2932631989,-99.0115620114",Muy Alto,Tláhuac,223619.628479,2080.65320277,100,5
645.0,"19.3194018456,-99.2487928968",Muy Bajo,La Magdalena Contreras,279290.524766,3287.87982518,0 a 25,1
671.0,"19.3319779167,-99.0487370789",Muy Alto,Iztapalapa,230792.513549,2116.1629489,100,5
693.0,"19.360256287,-99.0883161007",Muy Alto,Iztapalapa,349735.414184,2478.81308848,100,5
692.0,"19.3593044586,-99.0979721616",Muy Alto,Iztapalapa,375523.598653,2639.92431877,100,5
687.0,"19.406936842,-99.0668577583",Muy Alto,Iztacalco,71250.0770742,1250.2967888,100,5
603.0,"19.1917416525,-99.0230159027",Muy Bajo,Milpa Alta,761577.3201,6241.67841997,0 a 25,1
580.0,"19.3609351498,-99.2320615042",Muy Bajo,Álvaro Obregón,197319.096247,2394.0952386,0 a 25,1
848.0,"19.3090168294,-99.0872576561",Muy Alto,Iztapalapa,413924.713169,3231.80068992,100,5
836.0,"19.353040062,-99.0379175819",Muy Alto,Iztapalapa,483672.586042,2886.34199979,100,5
806.0,"19.3905007949,-99.1026163568",Muy Alto,Iztacalco,60161.533644,1145.74712882,100,5
884.0,"19.2248189956,-99.2187732907",Muy Bajo,Tlalpan,2324594.6134,6710.7558228,0 a 25,1
892.0,"19.3057503806,-99.0830058902",Muy Alto,Iztapalapa,157984.908999,2239.96042957,100,5
858.0,"19.374583687,-99.1327498215",Muy Alto,Iztapalapa,379580.673196,2517.283097,100,5
894.0,"19.3487555135,-99.0664455492",Muy Alto,Iztapalapa,180374.622904,1983.81401554,100,5
977.0,"19.3883935511,-99.0883876206",Muy Alto,Iztapalapa,130630.089808,1506.08129303,100,5
2017.0,"19.4170603968,-99.1772738506",Muy Alto,Cuauhtémoc,172450.522726,1723.34404554,100,5
2028.0,"19.5006683965,-99.1102549436",Bajo,Gustavo A. Madero,128905.073205,1710.56114137,26 a 49,2
2031.0,"19.4263985285,-99.1711469422",Muy Alto,Cuauhtémoc,268137.708445,3237.43021547,100,5
2038.0,"19.4214984358,-99.1405270444",Muy Alto,Cuauhtémoc,356552.386009,2372.34120124,100,5
2084.0,"19.4970312843,-99.1126601506",Medio,Gustavo A. Madero,273514.398236,2836.49077825,50 a 72,3
2108.0,"19.5090082536,-99.1022274964",Alto,Gustavo A. Madero,105246.381376,1471.99867581,73 a 99,4
2119.0,"19.4959100858,-99.152510601",Muy Alto,Gustavo A. Madero,379291.793544,3260.7553971,100,5
2145.0,"19.495208646,-99.0754301995",Muy Alto,Gustavo A. Madero,268213.212341,2071.05173533,100,5
2162.0,"19.4534907837,-99.1048034715",Muy Alto,Gustavo A. Madero,327257.149765,2335.67834748,100,5
2165.0,"19.3882750021,-99.128327987",Muy Alto,Iztacalco,143830.106982,1630.95460314,100,5
2186.0,"19.4883561033,-99.0802663136",Muy Alto,Gustavo A. Madero,198756.24615,1820.40110745,100,5
2214.0,"19.4892579185,-99.0902588648",Muy Alto,Gustavo A. Madero,205283.442273,1906.8109956,100,5
2232.0,"19.4045482241,-99.1611148835",Muy Alto,Cuauhtémoc,135983.488878,1482.87000639,100,5
2244.0,"19.4205651345,-99.1615570753",Muy Alto,Cuauhtémoc,323140.045291,2424.7269096,100,5
2251.0,"19.4112928102,-99.1765703821",Muy Alto,Cuauhtémoc,207245.996496,1852.79740834,100,5
2269.0,"19.449302772,-99.1149139737",Muy Alto,Venustiano Carranza,108448.365076,2060.08062927,100,5
2273.0,"19.4508193307,-99.1713442916",Muy Alto,Miguel Hidalgo,146335.018438,2137.89175422,100,5
2287.0,"19.4240277426,-99.2264234547",Muy Bajo,Miguel Hidalgo,148826.484569,2469.92927329,0 a 25,1
2298.0,"19.4206506145,-99.1317331818",Muy Alto,Cuauhtémoc,287067.212425,2170.76538199,100,5
2304.0,"19.4351771466,-99.0717957384",Muy Alto,Venustiano Carranza,7431930.83267,15268.1118751,100,5
2331.0,"19.4191887596,-99.2143882506",Muy Bajo,Miguel Hidalgo,39478.8998091,879.992915114,0 a 25,1
2347.0,"19.4042179548,-99.2399994364",Muy Bajo,Miguel Hidalgo,563547.698299,6457.3245403,0 a 25,1
2359.0,"19.4237972733,-99.1075145106",Muy Alto,Venustiano Carranza,88139.8537815,1455.49593397,100,5
2382.0,"19.4220473503,-99.1185401031",Muy Alto,Venustiano Carranza,295829.388898,2268.66022238,100,5
2393.0,"19.4484493117,-99.1553477965",Muy Alto,Cuauhtémoc,416375.010796,2634.27858192,100,5
2444.0,"19.2293574078,-99.0580211769",Muy Bajo,Xochimilco,17239684.5963,30745.8265082,0 a 25,1
1692.0,"19.3704625469,-99.0328806982",Muy Alto,Iztapalapa,92325.9000647,1259.47182311,100,5
1708.0,"19.3809431865,-99.045359875",Muy Alto,Iztapalapa,783822.611818,3908.8165465,100,5
1711.0,"19.3899475061,-99.0474043642",Muy Alto,Iztapalapa,120487.615417,1423.76034258,100,5
1730.0,"19.3752801515,-99.1103480882",Muy Alto,Iztapalapa,261727.839247,2413.39013276,100,5
1759.0,"19.3676424836,-99.2916732013",Muy Bajo,Cuajimalpa de Morelos,120873.586137,1906.1402323,0 a 25,1
1763.0,"19.362139602,-99.0631695625",Muy Alto,Iztapalapa,224417.87007,2068.05407937,100,5
1804.0,"19.4729180579,-99.172931169",Muy Alto,Azcapotzalco,53357.8847836,1062.53824349,100,5
1811.0,"19.429514208,-99.0614361583",Muy Alto,Venustiano Carranza,19149.821986,824.248845228,100,5
1815.0,"19.4367989676,-99.2156587179",Muy Bajo,Miguel Hidalgo,267266.291197,2202.33774271,0 a 25,1
1824.0,"19.4598820116,-99.1676468112",Muy Alto,Azcapotzalco,267389.859822,2465.9822197,100,5
1893.0,"19.4157217179,-99.1229804283",Muy Alto,Venustiano Carranza,157871.02764,1748.40392186,100,5
1901.0,"19.4393836798,-99.1288284737",Muy Alto,Cuauhtémoc,278399.682853,2565.09340166,100,5
1907.0,"19.442911096,-99.097947967",Muy Alto,Venustiano Carranza,240624.553599,1961.77952681,100,5
1914.0,"19.4547201973,-99.1428775242",Muy Alto,Cuauhtémoc,25792.5084486,686.270427455,100,5
1917.0,"19.4549817639,-99.149201309",Muy Alto,Cuauhtémoc,42335.3306783,1079.42598248,100,5
1940.0,"19.4482523859,-99.1288899304",Muy Alto,Cuauhtémoc,289605.257548,2720.43247013,100,5
1947.0,"19.3663787272,-99.1861925628",Muy Bajo,Benito Juárez,227809.46694,2170.96498062,0 a 25,1
1948.0,"19.3631180425,-99.1713671748",Alto,Benito Juárez,116166.057893,1461.95337256,73 a 99,4
1967.0,"19.4489520796,-99.1977900113",Muy Alto,Miguel Hidalgo,140205.028073,1704.14935659,100,5
1969.0,"19.4460375571,-99.2117887489",Muy Bajo,Miguel Hidalgo,69449.6846134,1125.56152008,0 a 25,1
1982.0,"19.4448433091,-99.1329370181",Muy Alto,Cuauhtémoc,272880.356057,2194.77462644,100,5
1991.0,"19.4477951238,-99.1006438375",Muy Alto,Venustiano Carranza,240266.191885,2179.25381598,100,5
2117.0,"19.4712026524,-99.0974091489",Muy Alto,Gustavo A. Madero,402681.523524,2592.57625921,100,5
2123.0,"19.5053127548,-99.0952811139",Muy Alto,Gustavo A. Madero,154335.730527,1809.41754604,100,5
2139.0,"19.4767009419,-99.1375388828",Muy Alto,Gustavo A. Madero,210690.109573,2832.90964035,100,5
2158.0,"19.385980501,-99.0626803413",Muy Alto,Iztacalco,191175.270182,2245.64328254,100,5
2171.0,"19.4158694987,-99.0684849766",Muy Alto,Iztacalco,379365.847282,4103.25496907,100,5
2175.0,"19.4841230837,-99.1036792799",Muy Alto,Gustavo A. Madero,144228.24984,1769.43372577,100,5
2179.0,"19.4525503622,-99.0865377253",Muy Alto,Gustavo A. Madero,304297.703255,2517.4372104,100,5
2182.0,"19.4282198413,-99.1306921095",Muy Alto,Cuauhtémoc,215700.999641,1886.71116162,100,5
1006.0,"19.2946636534,-99.1670730912",Bajo,Tlalpan,241311.141573,2258.40117252,26 a 49,2
1023.0,"19.1977738762,-99.122853263",Muy Bajo,Xochimilco,754238.499557,4755.16507448,0 a 25,1
1029.0,"19.2569441391,-99.052578288",Bajo,Xochimilco,718661.797435,7372.3249132,26 a 49,2
1040.0,"19.3388766457,-99.0852945085",Muy Bajo,Iztapalapa,977346.47609,7390.3985502,0 a 25,1
1043.0,"19.3416705939,-99.0655153908",Muy Alto,Iztapalapa,199335.806363,2187.10741584,100,5
1060.0,"19.347168956,-99.0624575985",Muy Alto,Iztapalapa,116017.983292,1385.69877662,100,5
1066.0,"19.3002138686,-99.1722009633",Bajo,Tlalpan,139672.823132,1846.92473175,26 a 49,2
1068.0,"19.2726073441,-99.1993723215",Muy Bajo,Tlalpan,1504795.36186,5924.01214456,0 a 25,1
1110.0,"19.3522430854,-99.1051753094",Muy Alto,Iztapalapa,430970.006556,3425.82656348,100,5
1134.0,"19.3582674799,-99.1351847637",Muy Alto,Iztapalapa,267865.633137,2751.37021291,100,5
1143.0,"19.297191845,-99.1126351984",Muy Alto,Tlalpan,183352.480211,2149.89763089,100,5
1155.0,"19.3677671292,-99.1993127964",Muy Bajo,Álvaro Obregón,34975.8840337,854.108370892,0 a 25,1
1156.0,"19.1943249639,-99.1598032364",Muy Bajo,Tlalpan,820057.458932,5741.38462592,0 a 25,1
1159.0,"19.2350242034,-99.1254599283",Muy Bajo,Xochimilco,643869.004496,3650.2624741,0 a 25,1
1166.0,"19.3245397103,-99.0307004371",Muy Bajo,Iztapalapa,227932.896422,2284.99102703,0 a 25,1
1240.0,"19.5080825427,-99.1247406451",Muy Alto,Gustavo A. Madero,239071.079875,3034.26288379,100,5
1242.0,"19.5182037949,-99.154506099",Muy Alto,Gustavo A. Madero,214552.883969,2390.82421227,100,5
1243.0,"19.5186207877,-99.1583056013",Muy Alto,Gustavo A. Madero,226630.743651,2278.29773458,100,5
1282.0,"19.4687802683,-99.1204756293",Muy Alto,Gustavo A. Madero,240361.256805,1999.72874285,100,5
1288.0,"19.4916121841,-99.1171993417",Alto,Gustavo A. Madero,260967.81182,3361.85293017,73 a 99,4
1289.0,"19.4602664143,-99.1738649126",Muy Alto,Azcapotzalco,447261.883433,2974.83268968,100,5
1308.0,"19.4748052051,-99.0677267303",Muy Alto,Gustavo A. Madero,198209.052606,1891.14740965,100,5
1351.0,"19.5244792549,-99.1598091617",Muy Alto,Gustavo A. Madero,325043.350248,2739.95643798,100,5
1353.0,"19.305297636,-99.182634604",Muy Bajo,Coyoacán,364760.894554,3448.38198663,0 a 25,1
1366.0,"19.4759544316,-99.1868277542",Muy Alto,Azcapotzalco,359022.42824,2941.9203604,100,5
1371.0,"19.308846486,-99.17510664",Muy Bajo,Coyoacán,42276.1420487,843.000550645,0 a 25,1
1381.0,"19.5831143778,-99.1205622703",Muy Bajo,Gustavo A. Madero,1687782.15844,7232.83674446,0 a 25,1
1386.0,"19.5159034826,-99.1598442174",Muy Alto,Gustavo A. Madero,254757.299487,2100.46232385,100,5
1400.0,"19.3881970845,-99.1032775555",Muy Alto,Iztacalco,166967.346606,2007.04320741,100,5
1407.0,"19.3545686734,-99.1616887885",Medio,Coyoacán,295624.024446,2292.19343988,50 a 72,3
1409.0,"19.4744786549,-99.2069588211",Muy Alto,Azcapotzalco,316418.775841,2225.74604376,100,5
1445.0,"19.3148918562,-99.133152019",Muy Alto,Coyoacán,63001.4839571,1074.94908979,100,5
1486.0,"19.361365307,-99.0376967811",Muy Alto,Iztapalapa,561410.362917,3109.24246789,100,5
1504.0,"19.3482842335,-99.3101434616",Muy Bajo,Cuajimalpa de Morelos,1246207.20425,5493.25112317,0 a 25,1
1527.0,"19.3266730812,-99.1183176312",Muy Alto,Coyoacán,182071.466078,1866.99433094,100,5
1535.0,"19.3037016564,-99.1412913514",Muy Alto,Coyoacán,331976.612097,2615.6546583,100,5
1553.0,"19.5253066939,-99.1438180125",Muy Alto,Gustavo A. Madero,136673.0041,1911.59032249,100,5
1555.0,"19.4728399214,-99.1241379397",Muy Alto,Gustavo A. Madero,170973.941632,2438.26867561,100,5
1595.0,"19.3089569527,-99.2633309312",Muy Bajo,La Magdalena Contreras,483822.193136,3335.35043733,0 a 25,1
1601.0,"19.4683086173,-99.1874104821",Muy Alto,Azcapotzalco,395033.789645,2505.58030748,100,5
1603.0,"19.3724853838,-99.2730509453",Muy Bajo,Cuajimalpa de Morelos,1600469.9047,8772.88022643,0 a 25,1
1609.0,"19.367102238,-98.9994705846",Muy Alto,Iztapalapa,94652.3972242,1326.31182114,100,5
1611.0,"19.3214333797,-99.2287715312",Muy Bajo,La Magdalena Contreras,213916.61642,2241.56882538,0 a 25,1
1618.0,"19.3158252454,-99.2608975266",Muy Bajo,La Magdalena Contreras,530749.856869,3673.47446166,0 a 25,1
1623.0,"19.3244337708,-99.1486856872",Muy Alto,Coyoacán,390396.820399,3387.51511409,100,5
1657.0,"19.370711475,-99.0277756952",Muy Alto,Iztapalapa,135441.959038,1589.99028906,100,5
1668.0,"19.3822582929,-99.2204555865",Muy Bajo,Álvaro Obregón,163107.099283,1936.42074319,0 a 25,1
1674.0,"19.3128349674,-99.2432848728",Muy Bajo,La Magdalena Contreras,214634.75373,2414.26636665,0 a 25,1
1675.0,"19.3503265442,-99.0582810032",Muy Alto,Iztapalapa,156509.08276,1885.06002242,100,5
1677.0,"19.3334249727,-99.0676680279",Muy Alto,Iztapalapa,150972.884006,1998.44377435,100,5
1683.0,"19.3654281126,-99.2946611604",Muy Bajo,Cuajimalpa de Morelos,315034.615487,2495.31153664,0 a 25,1
832.0,"19.3165015903,-99.2453978314",Muy Bajo,La Magdalena Contreras,226996.800246,2207.19928666,0 a 25,1
837.0,"19.2132379701,-98.9868829492",Alto,Milpa Alta,873442.960614,6424.93876922,73 a 99,4
848.0,"19.3090168294,-99.0872576561",Muy Alto,Iztapalapa,413924.713169,3231.80068992,100,5
859.0,"19.3480055338,-99.1154810956",Muy Alto,Iztapalapa,339455.288871,2594.96267052,100,5
865.0,"19.3109881499,-99.0899412391",Muy Alto,Iztapalapa,27155.7556251,1161.91782732,100,5
892.0,"19.3057503806,-99.0830058902",Muy Alto,Iztapalapa,157984.908999,2239.96042957,100,5
897.0,"19.3459138349,-99.0530517273",Muy Alto,Iztapalapa,207040.95251,3361.72561012,100,5
903.0,"19.310513647,-99.0846396212",Muy Alto,Iztapalapa,58061.5877698,1364.77379951,100,5
915.0,"19.3489381487,-99.0991374652",Bajo,Iztapalapa,190833.73531,2125.82043531,26 a 49,2
925.0,"19.2965064838,-99.0706636734",Muy Alto,Iztapalapa,227978.017368,1984.38134153,100,5
937.0,"19.3790713165,-99.1105367801",Muy Alto,Iztapalapa,284639.410503,2326.98854685,100,5
938.0,"19.3776926349,-99.1148295365",Muy Alto,Iztapalapa,236032.946338,2471.04951832,100,5
959.0,"19.3474991084,-99.0043421422",Muy Bajo,Iztapalapa,127634.956256,1498.07027692,0 a 25,1
964.0,"19.3222719977,-99.0450263117",Muy Alto,Iztapalapa,77865.3777549,2152.57430184,100,5
976.0,"19.3900536226,-99.0822399661",Muy Alto,Iztapalapa,157728.921859,1724.54838372,100,5
995.0,"19.2687778988,-99.2261073299",Muy Bajo,Tlalpan,315967.275622,2738.23871723,0 a 25,1
502.0,"19.2681319382,-99.2371301257",Muy Bajo,Tlalpan,315861.707467,2359.79331131,0 a 25,1
509.0,"19.3437406133,-99.2383777364",Muy Bajo,Álvaro Obregón,509517.85387,4534.81005677,0 a 25,1
519.0,"19.31716214,-99.2688205635",Muy Bajo,Álvaro Obregón,421387.181334,3539.11444469,0 a 25,1
529.0,"19.3525717819,-99.2192542843",Muy Bajo,Álvaro Obregón,232962.843987,2969.04677907,0 a 25,1
576.0,"19.1928096213,-98.9967557008",Muy Bajo,Milpa Alta,20997.2601187,692.242095771,0 a 25,1
580.0,"19.3609351498,-99.2320615042",Muy Bajo,Álvaro Obregón,197319.096247,2394.0952386,0 a 25,1
649.0,"19.3631630509,-99.127029066",Muy Alto,Iztapalapa,130315.826861,1432.94105596,100,5
676.0,"19.3784260662,-99.0988264298",Muy Alto,Iztapalapa,199916.628301,1820.73765309,100,5
369.0,"19.1321440501,-99.1741734066",Muy Bajo,Tlalpan,887192.815937,6006.69066899,0 a 25,1
392.0,"19.225735476,-99.1750312377",Muy Bajo,Tlalpan,50118.8978416,1287.01030886,0 a 25,1
401.0,"19.286182897,-99.1513068126",Alto,Tlalpan,421071.130283,3290.9130354,73 a 99,4
397.0,"19.2804586419,-99.0511074594",Muy Alto,Tláhuac,28014.2066949,777.547961761,100,5
304.0,"19.2307094091,-99.0007991049",Muy Bajo,Tláhuac,874968.655628,5029.21481605,0 a 25,1
279.0,"19.2765766586,-99.1836721611",Muy Bajo,Tlalpan,260322.98125,2265.81351812,0 a 25,1
286.0,"19.382178593,-99.0243088878",Alto,Iztapalapa,313605.179968,2394.59736863,73 a 99,4
477.0,"19.3345703093,-99.2616864529",Muy Bajo,Álvaro Obregón,1617444.24237,7306.8312354,0 a 25,1
496.0,"19.3894907236,-99.2089732106",Muy Bajo,Álvaro Obregón,37121.4528638,1466.5695675,0 a 25,1
467.0,"19.2993020038,-99.0537533637",Muy Alto,Tláhuac,222854.003768,2156.70362349,100,5
457.0,"19.3234180106,-99.2687540555",Muy Bajo,Álvaro Obregón,729596.029111,5029.81464924,0 a 25,1
436.0,"19.3853217412,-99.2190118575",Muy Bajo,Álvaro Obregón,71121.5817352,1403.15980476,0 a 25,1
451.0,"19.2966616135,-99.0524144931",Muy Alto,Tláhuac,230048.42995,2660.49060122,100,5
422.0,"19.3378653565,-99.1963520757",Muy Bajo,Álvaro Obregón,541834.343477,3812.80905707,0 a 25,1
424.0,"19.3102870556,-99.2114818253",Muy Bajo,Álvaro Obregón,1064286.7165,5084.24027649,0 a 25,1
414.0,"19.3058307755,-99.0325148413",Alto,Tláhuac,448554.775472,2959.43847716,73 a 99,4
408.0,"19.3672121685,-99.2107872924",Muy Bajo,Álvaro Obregón,65407.9910242,1305.80710135,0 a 25,1
412.0,"19.2823351755,-99.0517946027",Muy Alto,Tláhuac,83434.0093281,1343.90241997,100,5
429.0,"19.2975611103,-99.1826558301",Muy Bajo,Tlalpan,246784.349347,1903.72540179,0 a 25,1
338.0,"19.3688422709,-99.223943555",Muy Bajo,Álvaro Obregón,160763.011721,3719.08924593,0 a 25,1
350.0,"19.3715818832,-99.2016458129",Muy Bajo,Álvaro Obregón,118302.580801,1377.79446985,0 a 25,1
491.0,"19.3797264472,-99.2249809322",Muy Bajo,Álvaro Obregón,91849.4515887,2530.49197873,0 a 25,1
495.0,"19.3888481364,-99.1931098056",Muy Bajo,Álvaro Obregón,784347.916531,4631.23442269,0 a 25,1
489.0,"19.3109375138,-99.0426314379",Alto,Tláhuac,270324.982031,2739.35505611,73 a 99,4
511.0,"19.304828314,-99.0181959533",Alto,Tláhuac,41852.4370814,957.225132499,73 a 99,4
945.0,"19.3230654946,-99.0562435207",Muy Alto,Iztapalapa,291464.936049,2901.57300693,100,5
905.0,"19.3044809102,-99.0750434171",Muy Alto,Iztapalapa,315398.576618,2383.29244577,100,5
940.0,"19.3532065298,-99.0085640815",Medio,Iztapalapa,247835.317358,2932.50107006,50 a 72,3
930.0,"19.3957433602,-99.0796145972",Muy Alto,Iztacalco,469339.970797,2766.59151908,100,5
1696.0,"19.3358991013,-99.2097962967",Muy Bajo,La Magdalena Contreras,132473.949078,2357.34797107,0 a 25,1
1677.0,"19.3334249727,-99.0676680279",Muy Alto,Iztapalapa,150972.884006,1998.44377435,100,5
1594.0,"19.1737016078,-99.0331924269",Muy Bajo,Milpa Alta,463839.631332,3857.6065384,0 a 25,1
1648.0,"19.3602134787,-99.2543483877",Muy Bajo,Álvaro Obregón,233170.245304,3201.91536885,0 a 25,1
1630.0,"19.3674925297,-99.0148894773",Muy Alto,Iztapalapa,700689.708868,4001.72545473,100,5
1642.0,"19.3165854267,-99.1007107531",Muy Alto,Coyoacán,284019.525697,4217.89359519,100,5
1732.0,"19.4655415827,-99.1677971915",Muy Alto,Azcapotzalco,212865.122493,2771.68975479,100,5
1716.0,"19.489789615,-99.1915793713",Muy Alto,Azcapotzalco,268889.134278,2233.11375016,100,5
1738.0,"19.4807639025,-99.1442661246",Muy Alto,Gustavo A. Madero,221978.500632,2337.63295764,100,5
1801.0,"19.4762932637,-99.1601582025",Muy Alto,Azcapotzalco,227932.770172,2071.34405753,100,5
1802.0,"19.4788100929,-99.1555058898",Muy Alto,Azcapotzalco,174053.010407,2021.725547,100,5
1815.0,"19.4367989676,-99.2156587179",Muy Bajo,Miguel Hidalgo,267266.291197,2202.33774271,0 a 25,1
1885.0,"19.4179162519,-99.230811666",Muy Bajo,Miguel Hidalgo,426614.911165,4490.47929151,0 a 25,1
1893.0,"19.4157217179,-99.1229804283",Muy Alto,Venustiano Carranza,157871.02764,1748.40392186,100,5
1545.0,"19.3352324569,-99.1201876249",Muy Alto,Coyoacán,355012.655932,2588.18900152,100,5
1564.0,"19.3486904685,-99.1766958397",Alto,Coyoacán,381052.189907,2452.50939004,73 a 99,4
1552.0,"19.4920243488,-99.2043701308",Muy Alto,Azcapotzalco,330591.962767,2798.57103776,100,5
1817.0,"19.4422530954,-99.2040362491",Muy Bajo,Miguel Hidalgo,706655.817747,3885.58615109,0 a 25,1
1840.0,"19.4355048589,-99.1742159282",Alto,Miguel Hidalgo,309389.354865,3131.45299886,73 a 99,4
1836.0,"19.4380466548,-99.1815377565",Muy Alto,Miguel Hidalgo,107972.502802,1398.64792345,100,5
1837.0,"19.4011074139,-99.1728422243",Alto,Miguel Hidalgo,215030.084994,1966.78165144,73 a 99,4
1904.0,"19.4550150422,-99.1357501559",Muy Alto,Cuauhtémoc,107967.260626,1726.18354877,100,5
1944.0,"19.4459270806,-99.1049769201",Muy Alto,Venustiano Carranza,130865.235831,1450.80083845,100,5
802.0,"19.3882962203,-99.0922007811",Muy Alto,Iztacalco,130816.754752,2386.0830122,100,5
748.0,"19.2972676651,-99.064965395",Muy Alto,Iztapalapa,97265.112044,1344.21992475,100,5
1036.0,"19.2451468458,-99.0824412525",Medio,Xochimilco,781865.200838,5178.11359091,50 a 72,3
1029.0,"19.2569441391,-99.052578288",Bajo,Xochimilco,718661.797435,7372.3249132,26 a 49,2
1067.0,"19.2717150832,-99.1929204797",Muy Bajo,Tlalpan,128130.001568,1604.62309869,0 a 25,1
1307.0,"19.4602994807,-99.0733658966",Alto,Gustavo A. Madero,2980252.34975,10355.9062774,73 a 99,4
1298.0,"19.312598953,-99.1454982479",Muy Alto,Coyoacán,217900.986499,2009.5651996,100,5
1324.0,"19.4895323645,-99.1483505855",Muy Alto,Gustavo A. Madero,281393.871414,2513.72115009,100,5
1454.0,"19.3370285439,-99.1581877638",Muy Alto,Coyoacán,336662.449478,3451.46679242,100,5
1457.0,"19.5444196137,-99.1342963386",Bajo,Gustavo A. Madero,341160.206273,2922.92512583,26 a 49,2
1458.0,"19.4921317969,-99.1473134401",Muy Alto,Gustavo A. Madero,102667.288825,1338.17244157,100,5
1352.0,"19.3066189547,-99.1947929323",Muy Bajo,Coyoacán,1501950.70812,5337.33120357,0 a 25,1
1374.0,"19.3178079421,-99.1436434702",Muy Alto,Coyoacán,293278.455859,2947.20467667,100,5
1354.0,"19.3064432919,-99.1772402682",Muy Bajo,Coyoacán,78362.198075,1846.27395024,0 a 25,1
1347.0,"19.4803197503,-99.182285711",Muy Alto,Azcapotzalco,212658.484116,2868.91231919,100,5
1364.0,"19.3535946778,-99.1478480047",Muy Alto,Coyoacán,526640.581918,3218.44166895,100,5
1261.0,"19.5360021485,-99.1394269636",Muy Bajo,Gustavo A. Madero,262380.412137,2636.21101276,0 a 25,1
1281.0,"19.5266875672,-99.1494780578",Muy Alto,Gustavo A. Madero,86692.6564975,1189.29383791,100,5
1434.0,"19.4605153957,-99.1191427272",Muy Alto,Gustavo A. Madero,182705.727258,1731.75802725,100,5
1416.0,"19.4698180533,-99.1035688326",Muy Alto,Gustavo A. Madero,117190.814999,1410.99869787,100,5
1432.0,"19.3071275347,-99.1743377119",Muy Bajo,Coyoacán,30972.1503334,777.45476082,0 a 25,1
1380.0,"19.3174458429,-99.1050589025",Muy Alto,Coyoacán,161673.05704,1742.30137121,100,5
1375.0,"19.3221724373,-99.1665723108",Muy Bajo,Coyoacán,323502.885429,2329.77272443,0 a 25,1
1201.0,"19.4596472241,-99.1086679087",Muy Alto,Gustavo A. Madero,180679.895808,1757.08160172,100,5
1228.0,"19.4646076164,-99.1257605004",Muy Alto,Gustavo A. Madero,374412.037343,3401.38701254,100,5
1208.0,"19.4745117374,-99.1149825396",Muy Alto,Gustavo A. Madero,194184.622144,1999.29168792,100,5
1487.0,"19.3469441207,-99.0404755002",Muy Alto,Iztapalapa,186830.210302,2154.55089413,100,5
1068.0,"19.2726073441,-99.1993723215",Muy Bajo,Tlalpan,1504795.36186,5924.01214456,0 a 25,1
1108.0,"19.2120714967,-99.1951056051",Muy Bajo,Tlalpan,608497.621714,5760.70204985,0 a 25,1
1106.0,"19.2516998518,-99.0110828377",Alto,Xochimilco,291067.228676,2747.89782586,73 a 99,4
1078.0,"19.306638297,-99.0700356962",Muy Alto,Iztapalapa,157942.863122,1777.60546131,100,5
1527.0,"19.3266730812,-99.1183176312",Muy Alto,Coyoacán,182071.466078,1866.99433094,100,5
2396.0,"19.4259234958,-99.2143417792",Muy Bajo,Miguel Hidalgo,463316.737469,4187.93670282,0 a 25,1
2379.0,"19.4105844887,-99.0861002706",Muy Alto,Venustiano Carranza,179734.495055,1879.79695996,100,5
2403.0,"19.4435655712,-99.093022039",Muy Alto,Venustiano Carranza,184194.803053,1812.24935115,100,5
2404.0,"19.4403633212,-99.0789413609",Muy Alto,Venustiano Carranza,155063.979329,1709.36365572,100,5
2413.0,"19.4270063569,-99.1584330386",Muy Alto,Cuauhtémoc,238480.375339,1946.29289859,100,5
2418.0,"19.4099301463,-99.1120780391",Muy Alto,Venustiano Carranza,77784.7165126,1158.0715666,100,5
2302.0,"19.4170072776,-99.0854495263",Muy Alto,Venustiano Carranza,219833.633759,3721.5268636,100,5
2342.0,"19.456132411,-99.175662197",Muy Alto,Miguel Hidalgo,288050.83697,2745.16861559,100,5
10.0,"19.2368814123,-99.0868872087",Muy Bajo,Xochimilco,459831.015742,5055.12558581,0 a 25,1
2015.0,"19.439206295,-99.1701877376",Alto,Miguel Hidalgo,206313.600609,1862.02592511,73 a 99,4
2038.0,"19.4214984358,-99.1405270444",Muy Alto,Cuauhtémoc,356552.386009,2372.34120124,100,5
2052.0,"19.3705880556,-99.175948206",Alto,Benito Juárez,305114.671168,2240.91001997,73 a 99,4
2258.0,"19.5622399972,-99.1259048162",Muy Bajo,Gustavo A. Madero,212612.118957,2361.29807964,0 a 25,1
2198.0,"19.5314682326,-99.147785726",Muy Alto,Gustavo A. Madero,129582.12434,1647.66423711,100,5
2197.0,"19.5287472465,-99.1441257509",Muy Alto,Gustavo A. Madero,159642.392045,1736.01674187,100,5
2256.0,"19.4926844477,-99.0830662374",Muy Alto,Gustavo A. Madero,311896.27328,2572.7195976,100,5
2227.0,"19.4393727551,-99.1350928778",Muy Alto,Cuauhtémoc,448129.119844,3055.65633688,100,5
2238.0,"19.4808627394,-99.1075992145",Muy Alto,Gustavo A. Madero,332794.264531,2489.62485036,100,5
2286.0,"19.4102339802,-99.2340367697",Muy Bajo,Miguel Hidalgo,594328.483342,5354.61500187,0 a 25,1
2264.0,"19.4127455323,-99.1796233284",Muy Alto,Cuauhtémoc,164802.107612,1680.44890203,100,5
2277.0,"19.4632735158,-99.1367794453",Muy Alto,Cuauhtémoc,158271.70241,1611.9146437,100,5
2268.0,"19.4125984747,-99.0767987891",Muy Alto,Venustiano Carranza,215958.145317,2229.09618689,100,5
17.0,"19.2161011288,-99.1015160126",Muy Bajo,Xochimilco,574331.97778,4268.62151283,0 a 25,1
167.0,"19.2489694938,-99.0895419334",Alto,Xochimilco,430676.424933,3440.63099042,73 a 99,4
124.0,"19.2707448092,-99.2477395476",Muy Bajo,La Magdalena Contreras,681039.898596,3698.07919918,0 a 25,1
121.0,"19.3691040799,-99.259014165",Muy Bajo,Álvaro Obregón,953034.755509,4620.69788404,0 a 25,1
100.0,"19.3946112885,-99.1745309365",Alto,Benito Juárez,280199.900175,3236.21495127,73 a 99,4
67.0,"19.3885597096,-99.1364615233",Muy Alto,Benito Juárez,145405.517839,1956.19234816,100,5
63.0,"19.3915481248,-99.1602055915",Muy Alto,Benito Juárez,461450.714855,3357.60918901,100,5
95.0,"19.3759522163,-99.1825661443",Bajo,Benito Juárez,272482.293999,2390.4343103,26 a 49,2
85.0,"19.3942994565,-99.1476930787",Muy Alto,Benito Juárez,148794.755834,1965.07227547,100,5
231.0,"19.2173061587,-98.9726673929",Muy Alto,Tláhuac,454789.165729,4104.84978133,100,5
261.0,"19.3829552183,-99.2274379319",Muy Bajo,Álvaro Obregón,113534.77893,1491.36551511,0 a 25,1
245.0,"19.2961359652,-99.0176703228",Muy Alto,Tláhuac,320554.848165,2647.7583494,100,5
260.0,"19.2823527403,-99.1715197632",Muy Bajo,Tlalpan,228352.505442,2292.95642435,0 a 25,1
252.0,"19.2850075354,-99.0334159875",Muy Alto,Tláhuac,244038.222497,2036.38205103,100,5
229.0,"19.2212396462,-98.979541979",Alto,Tláhuac,14372.45579,822.38345062,73 a 99,4
1615.0,"19.1974615138,-99.0536754266",Muy Bajo,Milpa Alta,650379.722254,5585.19081088,0 a 25,1
1649.0,"19.3773195306,-99.2326135113",Muy Bajo,Álvaro Obregón,163955.64087,2514.35502333,0 a 25,1
1631.0,"19.3630787811,-99.0209195067",Muy Alto,Iztapalapa,467920.949378,3289.72781265,100,5
1577.0,"19.4739967564,-99.0907041202",Muy Alto,Gustavo A. Madero,181639.090311,1931.81301624,100,5
1701.0,"19.3257670498,-99.1065918401",Muy Alto,Coyoacán,124380.919998,1809.94305953,100,5
1707.0,"19.3321802403,-99.0970770855",Muy Bajo,Iztapalapa,298031.147141,2659.33076251,0 a 25,1
1678.0,"19.1887052193,-99.0706992349",Muy Bajo,Milpa Alta,1023530.6676,6425.67104549,0 a 25,1
1676.0,"19.3304059589,-99.0726486271",Muy Alto,Iztapalapa,105041.319711,1423.43278384,100,5
1668.0,"19.3822582929,-99.2204555865",Muy Bajo,Álvaro Obregón,163107.099283,1936.42074319,0 a 25,1
1660.0,"19.3484919549,-99.0552965444",Muy Alto,Iztapalapa,179136.815043,2037.28259362,100,5
1792.0,"19.4410836074,-99.0872289439",Muy Alto,Venustiano Carranza,185349.058384,1810.20686239,100,5
1821.0,"19.4835426339,-99.1846155272",Muy Alto,Azcapotzalco,349032.661098,3323.74089787,100,5
1822.0,"19.4825069131,-99.1879444524",Muy Alto,Azcapotzalco,312726.134789,2786.74873034,100,5
1828.0,"19.4213111486,-99.1096079329",Muy Alto,Venustiano Carranza,65365.027438,1290.95706217,100,5
1896.0,"19.4205569131,-99.1158318262",Muy Alto,Venustiano Carranza,121757.523053,1647.18595116,100,5
1914.0,"19.4547201973,-99.1428775242",Muy Alto,Cuauhtémoc,25792.5084486,686.270427455,100,5
1741.0,"19.4866709882,-99.0909983594",Muy Alto,Gustavo A. Madero,147162.140973,1826.33191144,100,5
1742.0,"19.3935193998,-99.2090909688",Muy Bajo,Álvaro Obregón,97584.4038557,1340.63559935,0 a 25,1
1766.0,"19.3076863991,-99.2322941936",Muy Bajo,La Magdalena Contreras,155287.799339,1906.91698265,0 a 25,1
1786.0,"19.4058126101,-99.1339421452",Muy Alto,Cuauhtémoc,271844.928815,2196.94823853,100,5
1763.0,"19.362139602,-99.0631695625",Muy Alto,Iztapalapa,224417.87007,2068.05407937,100,5
1877.0,"19.4349395364,-99.1988506921",Medio,Miguel Hidalgo,375915.886337,2577.66748867,50 a 72,3
1874.0,"19.4157758814,-99.110203461",Muy Alto,Venustiano Carranza,79065.9854243,1385.50393241,100,5
1880.0,"19.451052205,-99.2147798828",Muy Bajo,Miguel Hidalgo,80567.992788,1181.66754023,0 a 25,1
2433.0,"19.1393471209,-99.019022185",Muy Bajo,Milpa Alta,163864401.434,114195.715371,0 a 25,1
2304.0,"19.4351771466,-99.0717957384",Muy Alto,Venustiano Carranza,7431930.83267,15268.1118751,100,5
2351.0,"19.4323627626,-99.2125838964",Muy Bajo,Miguel Hidalgo,305380.215568,2744.41705623,0 a 25,1
2345.0,"19.4401128409,-99.2160841502",Muy Bajo,Miguel Hidalgo,72061.5991156,1218.71810138,0 a 25,1
2386.0,"19.4583478774,-99.2124072105",Muy Bajo,Miguel Hidalgo,248280.168118,2182.70744009,0 a 25,1
2400.0,"19.4145781236,-99.0784477618",Muy Alto,Venustiano Carranza,200873.519168,2171.50663595,100,5
2390.0,"19.4068756659,-99.1239670077",Alto,Venustiano Carranza,223926.750183,1927.27635973,73 a 99,4
2374.0,"19.4560013489,-99.1170862076",Muy Alto,Venustiano Carranza,171940.198341,1695.34237379,100,5
2371.0,"19.4121292154,-99.1058007814",Muy Alto,Venustiano Carranza,97589.7064227,1617.89322187,100,5
2358.0,"19.4097734962,-99.1060895313",Muy Alto,Venustiano Carranza,370351.462227,3016.01499013,100,5
2382.0,"19.4220473503,-99.1185401031",Muy Alto,Venustiano Carranza,295829.388898,2268.66022238,100,5
2353.0,"19.4159573764,-99.2266391101",Muy Bajo,Miguel Hidalgo,32658.6354069,879.424967295,0 a 25,1
1922.0,"19.4522012832,-99.2102223589",Muy Bajo,Miguel Hidalgo,481153.58899,3963.99635614,0 a 25,1
1940.0,"19.4482523859,-99.1288899304",Muy Alto,Cuauhtémoc,289605.257548,2720.43247013,100,5
2024.0,"19.5165285785,-99.1296498649",Muy Alto,Gustavo A. Madero,258225.342165,2474.23686437,100,5
2002.0,"19.4516351095,-99.1392721452",Muy Alto,Cuauhtémoc,59836.0269398,1195.96255861,100,5
2036.0,"19.428821036,-99.150206484",Muy Alto,Cuauhtémoc,356866.259637,2870.15719973,100,5
2120.0,"19.5082609946,-99.092836682",Alto,Gustavo A. Madero,134347.548802,1520.13803523,73 a 99,4
2137.0,"19.4757970637,-99.1432328179",Muy Alto,Gustavo A. Madero,215093.060931,2643.19783622,100,5
2108.0,"19.5090082536,-99.1022274964",Alto,Gustavo A. Madero,105246.381376,1471.99867581,73 a 99,4
2095.0,"19.4535850078,-99.0543293748",Alto,Gustavo A. Madero,154505.465813,1718.91514729,73 a 99,4
2098.0,"19.5042739969,-99.0825507865",Muy Alto,Gustavo A. Madero,329977.320011,2489.07936128,100,5
2099.0,"19.4046622859,-99.0806626712",Muy Alto,Iztacalco,127498.855559,1999.07660431,100,5
2173.0,"19.4018389703,-99.1276741672",Muy Alto,Iztacalco,252916.577023,2440.07576582,100,5
2172.0,"19.4089225692,-99.0736013576",Muy Alto,Iztacalco,199685.641234,3162.68216051,100,5
2167.0,"19.3827445388,-99.1250370816",Muy Alto,Iztacalco,213334.154153,2147.24222187,100,5
2067.0,"19.4055522169,-99.1402596093",Muy Alto,Cuauhtémoc,386698.59974,2798.32737789,100,5
2045.0,"19.4225277426,-99.1713627101",Muy Alto,Cuauhtémoc,131516.303053,2390.54443606,100,5
2050.0,"19.4155680763,-99.1566898001",Muy Alto,Cuauhtémoc,361732.220841,2578.22009648,100,5
2074.0,"19.3708763754,-99.1456965327",Muy Alto,Benito Juárez,155493.839868,1953.82382901,100,5
2056.0,"19.4148172185,-99.16732445",Muy Alto,Cuauhtémoc,188181.80445,1995.98765545,100,5
2220.0,"19.3915190753,-99.1062809426",Muy Alto,Iztacalco,226519.12947,2363.71248202,100,5
2266.0,"19.4156327182,-99.0970191397",Muy Alto,Venustiano Carranza,202615.478215,2804.73907922,100,5
2259.0,"19.4469412715,-99.1233869992",Muy Alto,Venustiano Carranza,330274.606953,2525.11623889,100,5
2279.0,"19.4151015068,-99.1821911726",Muy Alto,Miguel Hidalgo,240964.998369,2670.46791471,100,5
34.0,"19.2144229192,-99.096506877",Muy Bajo,Xochimilco,867588.17358,6097.28443742,0 a 25,1
38.0,"19.286952728,-99.1108470734",Muy Alto,Xochimilco,861882.614766,4101.8209501,100,5
141.0,"19.2610281065,-99.1688653486",Muy Bajo,Tlalpan,895262.910859,5646.06172427,0 a 25,1
133.0,"19.2834377986,-99.1204998279",Muy Alto,Xochimilco,440873.225911,4618.1242282,100,5
153.0,"19.3880174821,-99.2033288576",Muy Bajo,Álvaro Obregón,72696.8482211,1136.87800253,0 a 25,1
348.0,"19.3713361592,-99.1963810003",Muy Bajo,Álvaro Obregón,78091.0505214,1513.37378827,0 a 25,1
373.0,"19.2500140021,-99.1111084083",Muy Alto,Xochimilco,763846.55636,3674.42553823,100,5
309.0,"19.3677708704,-99.2040005554",Muy Bajo,Álvaro Obregón,22479.0640936,733.493385467,0 a 25,1
244.0,"19.3887244437,-99.2157438566",Muy Bajo,Álvaro Obregón,94372.9883447,1701.22042381,0 a 25,1
299.0,"19.2723030555,-99.0054229198",Muy Alto,Tláhuac,282088.938342,2696.14314465,100,5
189.0,"19.297395247,-99.1704183276",Medio,Tlalpan,158519.801715,2322.40622325,50 a 72,3
93.0,"19.3901375429,-99.1835619454",Alto,Benito Juárez,232868.49505,2143.15959747,73 a 99,4
64.0,"19.3943375177,-99.1644827956",Muy Alto,Benito Juárez,263745.307966,2021.39560348,100,5
455.0,"19.3797857241,-99.2280420893",Muy Bajo,Álvaro Obregón,145020.890372,1732.74175505,0 a 25,1
471.0,"19.305665875,-99.0457684271",Muy Alto,Tláhuac,154574.351469,2418.55660671,100,5
419.0,"19.3160245313,-99.2739173454",Muy Bajo,Álvaro Obregón,76836.2297457,1357.30614921,0 a 25,1
375.0,"19.2885797183,-99.007694723",Muy Alto,Tláhuac,222821.197613,1898.541797,100,5
493.0,"19.3334704238,-99.250640474",Muy Bajo,Álvaro Obregón,642157.497625,5106.56869809,0 a 25,1
503.0,"19.2783371231,-99.173197587",Muy Bajo,Tlalpan,28108.5492545,706.825637255,0 a 25,1
2009.0,"19.42713749,-99.0594882152",Muy Alto,Venustiano Carranza,25787.0231652,796.984021998,100,5
2023.0,"19.5015690905,-99.1393816834",Muy Alto,Gustavo A. Madero,1816326.73473,6034.13934925,100,5
2042.0,"19.4095249806,-99.1574673896",Muy Alto,Cuauhtémoc,250221.830586,2025.15091782,100,5
2070.0,"19.4612432604,-99.1507680432",Muy Alto,Cuauhtémoc,253316.755159,2090.45384353,100,5
2080.0,"19.4303006857,-99.1627530858",Muy Alto,Cuauhtémoc,127240.679413,1778.82031668,100,5
2088.0,"19.3963364372,-99.112372099",Muy Alto,Iztacalco,185013.184236,1701.72225516,100,5
2093.0,"19.4032274812,-99.0760409626",Muy Alto,Iztacalco,657078.826451,3926.04792195,100,5
2118.0,"19.481281675,-99.0995867712",Muy Alto,Gustavo A. Madero,187697.068331,1982.89986859,100,5
2121.0,"19.5572202306,-99.1351617598",Bajo,Gustavo A. Madero,554095.206719,3842.84665014,26 a 49,2
2139.0,"19.4767009419,-99.1375388828",Muy Alto,Gustavo A. Madero,210690.109573,2832.90964035,100,5
2172.0,"19.4089225692,-99.0736013576",Muy Alto,Iztacalco,199685.641234,3162.68216051,100,5
2188.0,"19.4734984311,-99.1182162689",Muy Alto,Gustavo A. Madero,205191.379771,2373.67393742,100,5
2220.0,"19.3915190753,-99.1062809426",Muy Alto,Iztacalco,226519.12947,2363.71248202,100,5
2236.0,"19.3952992053,-99.0971735903",Muy Alto,Iztacalco,115762.670199,1370.91480482,100,5
2279.0,"19.4151015068,-99.1821911726",Muy Alto,Miguel Hidalgo,240964.998369,2670.46791471,100,5
2301.0,"19.4328010337,-99.1445384961",Muy Alto,Cuauhtémoc,314311.511013,2436.12403286,100,5
2306.0,"19.4354586111,-99.1184202078",Muy Alto,Venustiano Carranza,188076.480295,1823.94038423,100,5
2312.0,"19.425440071,-99.1244972421",Muy Alto,Venustiano Carranza,140697.162876,1680.46160296,100,5
2315.0,"19.4386451781,-99.103950124",Muy Alto,Venustiano Carranza,260018.614384,2603.39808519,100,5
2327.0,"19.4526538881,-99.1405133259",Muy Alto,Cuauhtémoc,35733.9104619,976.747086263,100,5
2328.0,"19.4024403402,-99.1683596692",Muy Alto,Cuauhtémoc,153936.799709,1789.41881329,100,5
2342.0,"19.456132411,-99.175662197",Muy Alto,Miguel Hidalgo,288050.83697,2745.16861559,100,5
2360.0,"19.4251665552,-99.1099898361",Muy Alto,Venustiano Carranza,116710.603159,1441.95276576,100,5
2366.0,"19.4361522085,-99.1263593043",Muy Alto,Cuauhtémoc,185869.515365,1934.85855954,100,5
2369.0,"19.4388784094,-99.1658026312",Alto,Cuauhtémoc,402276.176387,2758.02003636,73 a 99,4
2427.0,"19.4278674738,-99.1163853175",Muy Alto,Venustiano Carranza,480272.313428,3428.94719201,100,5
2430.0,"19.4078113131,-99.1167846351",Muy Alto,Venustiano Carranza,399726.506659,3336.51434093,100,5
2431.0,"19.4122916257,-99.0926203696",Muy Alto,Venustiano Carranza,126300.755087,2404.49843151,100,5
2449.0,"19.2488422117,-99.2201501082",Muy Bajo,Tlalpan,17839442.432,27100.2858192,0 a 25,1
1342.0,"19.5582278041,-99.1263340465",Muy Bajo,Gustavo A. Madero,282902.304231,2529.39094309,0 a 25,1
1364.0,"19.3535946778,-99.1478480047",Muy Alto,Coyoacán,526640.581918,3218.44166895,100,5
1370.0,"19.3076138823,-99.1780055068",Muy Bajo,Coyoacán,91454.413978,1315.6748775,0 a 25,1
1375.0,"19.3221724373,-99.1665723108",Muy Bajo,Coyoacán,323502.885429,2329.77272443,0 a 25,1
1402.0,"19.4032362249,-99.0889822541",Muy Alto,Iztacalco,1629848.35845,5909.10034025,100,5
1444.0,"19.3139677776,-99.1267177657",Muy Alto,Coyoacán,271118.866925,2108.20152614,100,5
1447.0,"19.4882513064,-99.1877240728",Muy Alto,Azcapotzalco,220061.292289,2056.12376494,100,5
1467.0,"19.5331795739,-99.1444040945",Muy Alto,Gustavo A. Madero,211977.456662,2362.17764211,100,5
1492.0,"19.4660257772,-99.1745040229",Muy Alto,Azcapotzalco,332294.002836,2932.58843183,100,5
1499.0,"19.4861232847,-99.0960031796",Muy Alto,Gustavo A. Madero,294276.417118,2813.51869957,100,5
1537.0,"19.3387383874,-99.1376941769",Muy Alto,Coyoacán,219272.086064,3091.56868131,100,5
1549.0,"19.4913307076,-99.1783699828",Muy Alto,Azcapotzalco,319881.618837,3019.97259837,100,5
1558.0,"19.3370920965,-99.1684360825",Alto,Coyoacán,397093.452937,3683.998912,73 a 99,4
1562.0,"19.3178437112,-99.1288200309",Muy Alto,Coyoacán,252109.126865,2211.13637132,100,5
1591.0,"19.3372218778,-99.2731395038",Muy Bajo,Álvaro Obregón,2252505.09659,10717.745832,0 a 25,1
1594.0,"19.1737016078,-99.0331924269",Muy Bajo,Milpa Alta,463839.631332,3857.6065384,0 a 25,1
1604.0,"19.3612963475,-99.3050409859",Muy Bajo,Cuajimalpa de Morelos,890745.124069,7297.52548836,0 a 25,1
1614.0,"19.3678139995,-99.0341133668",Muy Alto,Iztapalapa,83712.378734,1170.38921912,100,5
1624.0,"19.3622674379,-98.997824648",Muy Alto,Iztapalapa,107904.431232,1325.33235663,100,5
1627.0,"19.3665505923,-98.9974188956",Muy Alto,Iztapalapa,90105.0734006,1558.08473678,100,5
1645.0,"19.3269936975,-99.0850168439",Alto,Iztapalapa,248471.913607,2850.36916365,73 a 99,4
1647.0,"19.3356847106,-99.1018381443",Bajo,Iztapalapa,104703.866931,1389.95093752,26 a 49,2
1671.0,"19.3191483764,-99.2242182477",Muy Bajo,La Magdalena Contreras,328808.654368,2627.7009637,0 a 25,1
1704.0,"19.3878545899,-99.0328610664",Muy Alto,Iztapalapa,48954.4085421,915.74264763,100,5
1726.0,"19.3876301937,-99.2059004523",Muy Bajo,Álvaro Obregón,27180.4026443,668.062235753,0 a 25,1
1742.0,"19.3935193998,-99.2090909688",Muy Bajo,Álvaro Obregón,97584.4038557,1340.63559935,0 a 25,1
1760.0,"19.3169897889,-99.240251123",Muy Bajo,La Magdalena Contreras,421839.17361,3278.04509744,0 a 25,1
1772.0,"19.3514001288,-99.1403792813",Muy Alto,Coyoacán,1230481.51251,4378.52203993,100,5
1780.0,"19.35702538,-99.0638849161",Muy Alto,Iztapalapa,189464.755279,1971.96665992,100,5
1784.0,"19.3512186046,-99.0908255408",Muy Bajo,Iztapalapa,214828.147253,2438.00775573,0 a 25,1
1796.0,"19.4582996511,-99.2079956922",Alto,Miguel Hidalgo,265036.132781,2306.40726245,73 a 99,4
1809.0,"19.4217500459,-99.1110960305",Muy Alto,Venustiano Carranza,71085.1995936,1213.7308678,100,5
1839.0,"19.4052672925,-99.1945996072",Muy Bajo,Miguel Hidalgo,198212.654992,1738.78581476,0 a 25,1
1850.0,"19.4463709647,-99.1076994584",Muy Alto,Venustiano Carranza,99143.9097592,1374.02339946,100,5
1872.0,"19.424046375,-99.1219160059",Muy Alto,Venustiano Carranza,126179.807876,1477.26220922,100,5
1876.0,"19.4496271287,-99.2007646846",Muy Alto,Miguel Hidalgo,78742.6352103,1258.60423536,100,5
1909.0,"19.4153718025,-99.1002308524",Muy Alto,Venustiano Carranza,90718.8301877,1280.05603227,100,5
1915.0,"19.453247327,-99.1447085387",Muy Alto,Cuauhtémoc,36117.9569985,890.932641912,100,5
1927.0,"19.4504708148,-99.1743946019",Muy Alto,Miguel Hidalgo,111560.270992,1566.47122062,100,5
1929.0,"19.452430839,-99.2153759095",Muy Bajo,Miguel Hidalgo,139825.42631,2214.68783772,0 a 25,1
1933.0,"19.4380121122,-99.1626865621",Muy Alto,Cuauhtémoc,223686.214032,2369.11701431,100,5
1939.0,"19.4164461775,-99.1731763339",Muy Alto,Cuauhtémoc,220542.244779,1983.10171243,100,5
1950.0,"19.4593086842,-99.1337284383",Muy Alto,Cuauhtémoc,137669.908645,1493.37942608,100,5
1966.0,"19.4299653142,-99.2138737537",Muy Bajo,Miguel Hidalgo,64304.4143114,1514.05860911,0 a 25,1
1999.0,"19.4533936256,-99.1360603688",Muy Alto,Cuauhtémoc,30921.2920323,752.165126032,100,5
641.0,"19.3680242259,-99.206514212",Muy Bajo,Álvaro Obregón,128786.755451,1695.90082977,0 a 25,1
588.0,"19.1954934181,-99.0192693143",Muy Bajo,Milpa Alta,405892.085253,3893.23847139,0 a 25,1
596.0,"19.3266050682,-98.9777603311",Muy Bajo,Iztapalapa,249941.36063,3232.75164383,0 a 25,1
626.0,"19.3222040832,-99.244104632",Muy Bajo,La Magdalena Contreras,225285.322879,2046.61851848,0 a 25,1
552.0,"19.3744020694,-99.1935502054",Muy Bajo,Álvaro Obregón,150215.461589,1663.1710319,0 a 25,1
726.0,"19.2909360429,-99.0648829416",Muy Alto,Iztapalapa,112977.637019,1556.74758869,100,5
713.0,"19.3739558762,-99.0453639754",Muy Alto,Iztapalapa,459084.861234,3196.31468628,100,5
752.0,"19.3017363761,-99.0714475017",Muy Alto,Iztapalapa,225488.858073,2113.09458281,100,5
518.0,"19.3840716174,-99.2059209341",Bajo,Álvaro Obregón,313762.888211,3085.89408563,26 a 49,2
515.0,"19.2720508045,-98.9946620318",Alto,Tláhuac,155320.450418,1627.27049973,73 a 99,4
505.0,"19.3697930001,-99.2308431149",Muy Bajo,Álvaro Obregón,167893.225098,2101.43169662,0 a 25,1
527.0,"19.3572457954,-99.1823756005",Muy Bajo,Álvaro Obregón,519063.981146,3797.67589857,0 a 25,1
525.0,"19.3976012757,-99.1920806905",Muy Bajo,Álvaro Obregón,209423.955179,2017.99783324,0 a 25,1
504.0,"19.2865226692,-99.2280299358",Bajo,Tlalpan,258599.751795,2215.07038233,26 a 49,2
941.0,"19.3435231635,-98.9892274289",Muy Bajo,Iztapalapa,143976.950528,1863.32659638,0 a 25,1
919.0,"19.335664066,-99.0168273265",Muy Bajo,Iztapalapa,197061.51971,2048.45918096,0 a 25,1
934.0,"19.3275980683,-98.9724805138",Muy Bajo,Iztapalapa,190454.442678,2706.89753874,0 a 25,1
835.0,"19.3231718899,-99.0234580857",Muy Bajo,Iztapalapa,542540.966558,3511.96278189,0 a 25,1
851.0,"19.3232006479,-99.045198103",Muy Alto,Iztapalapa,67828.0628937,1189.83961121,100,5
840.0,"19.3972038692,-99.0534793205",Alto,Iztapalapa,333356.261299,2850.71765553,73 a 99,4
873.0,"19.3729802311,-99.0505472994",Muy Alto,Iztapalapa,39396.482789,1034.04362674,100,5
799.0,"19.3400224,-99.1120236498",Muy Alto,Iztapalapa,651495.934544,4209.65053209,100,5
796.0,"19.3530305201,-99.0208123006",Muy Alto,Iztapalapa,407647.507027,2774.51492275,100,5
782.0,"19.340451449,-98.9987836287",Muy Bajo,Iztapalapa,212472.060825,2254.22458333,0 a 25,1
787.0,"19.384775994,-99.0505033616",Muy Alto,Iztapalapa,98300.633741,1266.62792766,100,5
779.0,"19.3697853576,-99.0444017285",Muy Alto,Iztapalapa,320198.712243,2834.76919184,100,5
813.0,"19.3401632414,-99.0843339876",Muy Bajo,Iztapalapa,75746.0383401,1127.1675598,0 a 25,1
781.0,"19.3585336935,-99.0594190189",Muy Alto,Iztapalapa,344807.193401,2973.63137163,100,5
697.0,"19.3407681518,-98.9826752599",Muy Bajo,Iztapalapa,158206.605046,2226.27823515,0 a 25,1
900.0,"19.3374607525,-99.0692840521",Muy Alto,Iztapalapa,198555.906845,2326.92128823,100,5
998.0,"19.2921838295,-99.1816848148",Bajo,Tlalpan,311640.536152,2652.30430945,26 a 49,2
1081.0,"19.2404810186,-98.9948814907",Medio,Tláhuac,367762.250344,3143.85924659,50 a 72,3
1092.0,"19.3881387796,-99.0957841775",Muy Alto,Iztacalco,106057.262672,1872.8980274,100,5
1097.0,"19.2005369482,-99.1457956939",Muy Bajo,Tlalpan,421783.004251,3209.06134704,0 a 25,1
1113.0,"19.3457610108,-99.0347656931",Muy Alto,Iztapalapa,136357.491079,1540.39054759,100,5
1114.0,"19.3007720798,-99.1218218832",Muy Alto,Tlalpan,319015.833665,2715.16361044,100,5
1128.0,"19.3887876804,-99.0697048471",Muy Alto,Iztacalco,150862.802451,1942.49684134,100,5
1144.0,"19.4918451393,-99.1037940845",Alto,Gustavo A. Madero,149000.49137,1942.7857209,73 a 99,4
1199.0,"19.4588865958,-99.0903714801",Muy Alto,Gustavo A. Madero,283019.88344,2183.69221102,100,5
1217.0,"19.4931393612,-99.1358484457",Muy Alto,Gustavo A. Madero,231240.478002,1963.23059205,100,5
1239.0,"19.51266961,-99.1366140131",Muy Alto,Gustavo A. Madero,302534.676435,2310.81714277,100,5
1241.0,"19.4574378388,-99.0864179933",Muy Alto,Gustavo A. Madero,222658.178176,1890.87083071,100,5
1270.0,"19.448572617,-99.0696136968",Muy Alto,Gustavo A. Madero,243097.858485,2179.29468326,100,5
1273.0,"19.3839537575,-99.1156655731",Muy Alto,Iztacalco,165998.20345,2060.40237489,100,5
1286.0,"19.4678508129,-99.1151979844",Muy Alto,Gustavo A. Madero,718817.709007,6626.33117056,100,5
1299.0,"19.313488113,-99.331751785",Muy Bajo,Cuajimalpa de Morelos,3305472.1909,10383.5389405,0 a 25,1
1301.0,"19.3839341791,-99.2564751965",Muy Bajo,Cuajimalpa de Morelos,1580757.50177,8304.42200045,0 a 25,1
1306.0,"19.4652048104,-99.0615442528",Alto,Gustavo A. Madero,288547.997315,3216.66075479,73 a 99,4
1323.0,"19.4540838018,-99.0978630178",Muy Alto,Gustavo A. Madero,224249.866962,2418.91532458,100,5
997.0,"19.2938949426,-99.1774958068",Muy Bajo,Tlalpan,241772.594536,2794.30918645,0 a 25,1
22.0,"19.2474326506,-99.0175796705",Muy Bajo,Xochimilco,837259.010624,5699.03366776,0 a 25,1
29.0,"19.2715961795,-99.1168992655",Muy Alto,Xochimilco,240445.129446,2367.40933853,100,5
26.0,"19.2987410137,-99.1260149472",Muy Alto,Tlalpan,76436.3766971,1179.38320153,100,5
1322.0,"19.5663428776,-99.1174079898",Muy Bajo,Gustavo A. Madero,2273692.68164,8212.11293535,0 a 25,1
1299.0,"19.313488113,-99.331751785",Muy Bajo,Cuajimalpa de Morelos,3305472.1909,10383.5389405,0 a 25,1
1260.0,"19.5246451044,-99.1383772516",Medio,Gustavo A. Madero,308224.825784,2660.91965626,50 a 72,3
1266.0,"19.450999286,-99.0608548401",Muy Alto,Gustavo A. Madero,157079.430978,1587.94015246,100,5
1331.0,"19.4757945517,-99.2114208152",Muy Alto,Azcapotzalco,337434.333631,2532.78537509,100,5
1282.0,"19.4687802683,-99.1204756293",Muy Alto,Gustavo A. Madero,240361.256805,1999.72874285,100,5
1277.0,"19.4779323964,-99.065444295",Alto,Gustavo A. Madero,240227.56206,2067.21090149,73 a 99,4
1219.0,"19.50518825,-99.1262119363",Muy Alto,Gustavo A. Madero,194151.499601,1952.76112833,100,5
1250.0,"19.4536355933,-99.0640881929",Muy Alto,Gustavo A. Madero,298498.42809,2657.14040963,100,5
1245.0,"19.5208596865,-99.1631124392",Muy Alto,Gustavo A. Madero,243385.414635,2101.46621766,100,5
1238.0,"19.5088110318,-99.1371367053",Muy Alto,Gustavo A. Madero,188288.826192,2061.99982855,100,5
1497.0,"19.3393292457,-99.1460461231",Muy Alto,Coyoacán,309682.118335,2774.56604866,100,5
1471.0,"19.3508036686,-99.1526430858",Muy Alto,Coyoacán,471992.29573,3687.16970324,100,5
963.0,"19.35093614,-98.9975225364",Muy Bajo,Iztapalapa,193222.017558,2954.21896873,0 a 25,1
970.0,"19.3531234269,-99.0500831675",Muy Alto,Iztapalapa,374625.623067,3166.92457466,100,5
949.0,"19.371207349,-99.0499795598",Muy Alto,Iztapalapa,91890.671405,1230.08083822,100,5
941.0,"19.3435231635,-98.9892274289",Muy Bajo,Iztapalapa,143976.950528,1863.32659638,0 a 25,1
942.0,"19.344793619,-98.9935595499",Muy Bajo,Iztapalapa,176340.918546,2083.21751468,0 a 25,1
909.0,"19.3475440253,-99.0746157238",Muy Alto,Iztapalapa,246770.55407,2868.46268836,100,5
1436.0,"19.4983829199,-99.117096096",Muy Alto,Gustavo A. Madero,228532.099401,2386.75020959,100,5
1419.0,"19.4132892779,-99.071163255",Muy Alto,Iztacalco,245204.226604,2188.46581033,100,5
1448.0,"19.4861040711,-99.1930281238",Muy Alto,Azcapotzalco,274540.497335,2273.55539917,100,5
1407.0,"19.3545686734,-99.1616887885",Medio,Coyoacán,295624.024446,2292.19343988,50 a 72,3
1377.0,"19.3494140005,-99.2917903698",Muy Bajo,Cuajimalpa de Morelos,1115708.39524,5892.72392271,0 a 25,1
1360.0,"19.5453689908,-99.1302724223",Muy Bajo,Gustavo A. Madero,190434.556288,2126.56836766,0 a 25,1
1366.0,"19.4759544316,-99.1868277542",Muy Alto,Azcapotzalco,359022.42824,2941.9203604,100,5
1346.0,"19.4771100768,-99.1793847815",Muy Alto,Azcapotzalco,330027.570505,2865.95517498,100,5
1365.0,"19.3040824762,-99.1116535341",Muy Alto,Coyoacán,406226.947254,3032.06239241,100,5
1370.0,"19.3076138823,-99.1780055068",Muy Bajo,Coyoacán,91454.413978,1315.6748775,0 a 25,1
1357.0,"19.4883501834,-99.2048772477",Muy Alto,Azcapotzalco,265154.398447,2134.18409335,100,5
1122.0,"19.277786424,-99.1620328896",Muy Bajo,Tlalpan,273182.51208,2343.61405857,0 a 25,1
1099.0,"19.3002407893,-99.1283047697",Muy Alto,Tlalpan,438616.80557,3910.40755386,100,5
1137.0,"19.2968017253,-99.1421809046",Muy Alto,Tlalpan,376386.583183,3178.68030683,100,5
1134.0,"19.3582674799,-99.1351847637",Muy Alto,Iztapalapa,267865.633137,2751.37021291,100,5
1516.0,"19.3048053926,-99.1659287932",Bajo,Coyoacán,324020.78481,2483.33578044,26 a 49,2
1514.0,"19.3482684836,-99.1651150362",Muy Alto,Coyoacán,413051.248575,2927.93698492,100,5
1501.0,"19.4902911037,-99.1245645325",Muy Alto,Gustavo A. Madero,311313.271966,2257.21101806,100,5
191.0,"19.271786889,-99.2300575638",Muy Bajo,Tlalpan,211936.010915,2256.85592457,0 a 25,1
186.0,"19.2898224001,-99.2352826357",Muy Bajo,Tlalpan,276689.491716,2802.1344654,0 a 25,1
277.0,"19.2544713733,-99.199892428",Muy Bajo,Tlalpan,971565.804692,6539.37828186,0 a 25,1
269.0,"19.3230392108,-99.2402845521",Muy Bajo,La Magdalena Contreras,138059.911092,1562.57257146,0 a 25,1
247.0,"19.3002932032,-99.029687491",Muy Alto,Tláhuac,792934.358117,3819.69573129,100,5
303.0,"19.23759596,-99.003174216",Muy Bajo,Tláhuac,1289814.50295,5515.69757586,0 a 25,1
289.0,"19.3669791953,-99.2271896101",Muy Bajo,Álvaro Obregón,233123.070143,2399.71378128,0 a 25,1
286.0,"19.382178593,-99.0243088878",Alto,Iztapalapa,313605.179968,2394.59736863,73 a 99,4
418.0,"19.342510899,-99.1972138049",Bajo,Álvaro Obregón,454167.912579,4024.45262286,26 a 49,2
392.0,"19.225735476,-99.1750312377",Muy Bajo,Tlalpan,50118.8978416,1287.01030886,0 a 25,1
415.0,"19.3570638922,-99.2116846028",Muy Bajo,Álvaro Obregón,127250.670344,1536.63275725,0 a 25,1
428.0,"19.2973051664,-99.1778396751",Muy Bajo,Tlalpan,229631.482194,2213.62727447,0 a 25,1
413.0,"19.2867755832,-98.994797118",Muy Alto,Tláhuac,504313.931953,2977.40825592,100,5
358.0,"19.3086381339,-98.9710234645",Alto,Tláhuac,727304.306172,5209.40077115,73 a 99,4
373.0,"19.2500140021,-99.1111084083",Muy Alto,Xochimilco,763846.55636,3674.42553823,100,5
344.0,"19.3547428153,-99.0559061958",Muy Alto,Iztapalapa,305602.150861,2224.12088972,100,5
144.0,"19.276434007,-99.1105992283",Muy Alto,Xochimilco,899498.271458,4302.57539826,100,5
169.0,"19.3831633753,-99.2394784288",Muy Bajo,Álvaro Obregón,177145.186868,2459.39662498,0 a 25,1
147.0,"19.2644969284,-99.101076724",Muy Alto,Xochimilco,237807.509467,2156.53986337,100,5
159.0,"19.2940477397,-99.2224394405",Muy Bajo,Tlalpan,254630.594872,2327.62766033,0 a 25,1
175.0,"19.2940701223,-99.2284142621",Muy Bajo,Tlalpan,266665.748243,2850.00989803,0 a 25,1
98.0,"19.277586256,-99.1371108117",Medio,Xochimilco,767837.147499,4232.92860895,50 a 72,3
121.0,"19.3691040799,-99.259014165",Muy Bajo,Álvaro Obregón,953034.755509,4620.69788404,0 a 25,1
115.0,"19.3902649055,-99.135054123",Muy Alto,Benito Juárez,136063.867048,1833.25246093,100,5
53.0,"19.2006471732,-99.1073077931",Muy Bajo,Xochimilco,265268.917415,2663.92880203,0 a 25,1
50.0,"19.4030012176,-99.1505514844",Muy Alto,Benito Juárez,246572.699465,2630.9432636,100,5
86.0,"19.397973948,-99.1480522013",Muy Alto,Benito Juárez,276661.857731,2575.01810131,100,5
492.0,"19.3314561931,-99.2400555216",Muy Bajo,Álvaro Obregón,1712700.84392,6507.0534306,0 a 25,1
450.0,"19.2803068959,-99.044693749",Muy Alto,Tláhuac,1509763.23393,5159.55345181,100,5
545.0,"19.3472189551,-99.2327928529",Muy Bajo,Álvaro Obregón,403347.479103,3993.29549738,0 a 25,1
546.0,"19.3540965836,-99.2362467368",Muy Bajo,Álvaro Obregón,142217.749205,2065.92821028,0 a 25,1
653.0,"19.3144203107,-99.0449374634",Muy Alto,Iztapalapa,91732.12067,1468.26598255,100,5
647.0,"19.3607839398,-99.1267041068",Muy Alto,Iztapalapa,139835.478296,2346.50490577,100,5
634.0,"19.3394986094,-98.9936890237",Muy Bajo,Iztapalapa,188308.785814,2221.49973424,0 a 25,1
659.0,"19.3767988925,-99.2041228812",Muy Bajo,Álvaro Obregón,63680.2690717,1326.50439519,0 a 25,1
639.0,"19.3670712295,-99.1928823107",Bajo,Álvaro Obregón,59298.7512114,1769.00184427,26 a 49,2
813.0,"19.3401632414,-99.0843339876",Muy Bajo,Iztapalapa,75746.0383401,1127.1675598,0 a 25,1
808.0,"19.2884754365,-99.0669077877",Muy Alto,Iztapalapa,48844.1548779,904.32390243,100,5
789.0,"19.3827733466,-99.0580199058",Muy Alto,Iztapalapa,321585.62413,2257.11802734,100,5
618.0,"19.3649511065,-99.2371913111",Muy Bajo,Álvaro Obregón,353199.3486,2871.28936583,0 a 25,1
731.0,"19.3459248034,-99.0590646906",Muy Alto,Iztapalapa,161047.068854,1717.23741768,100,5
711.0,"19.346331263,-99.0378156739",Muy Alto,Iztapalapa,191091.004966,1884.13479353,100,5
702.0,"19.3669303883,-99.109290957",Muy Alto,Iztapalapa,232473.712316,3196.79607576,100,5
733.0,"19.3524995733,-99.0726451565",Muy Alto,Iztapalapa,342083.545912,3118.03256074,100,5
683.0,"19.3523624637,-99.032019888",Muy Alto,Iztapalapa,556893.068241,3586.21589,100,5
695.0,"19.3706520002,-99.0055701962",Muy Alto,Iztapalapa,78145.6122464,1160.71094261,100,5
678.0,"19.3727200275,-99.0525687773",Muy Alto,Iztapalapa,17630.3863965,702.409432639,100,5
782.0,"19.340451449,-98.9987836287",Muy Bajo,Iztapalapa,212472.060825,2254.22458333,0 a 25,1
741.0,"19.3390222204,-99.0039751468",Muy Bajo,Iztapalapa,272474.952569,2108.91698358,0 a 25,1
781.0,"19.3585336935,-99.0594190189",Muy Alto,Iztapalapa,344807.193401,2973.63137163,100,5
771.0,"19.389014161,-99.0611358591",Muy Alto,Iztacalco,47942.2305424,889.566143378,100,5
826.0,"19.468277881,-99.0761295571",Muy Alto,Gustavo A. Madero,292629.511529,2419.92902073,100,5
886.0,"19.2302305048,-99.2041271789",Muy Bajo,Tlalpan,982761.511169,6140.06136018,0 a 25,1
882.0,"19.2927475504,-99.1428000005",Muy Alto,Tlalpan,354949.826124,2876.54535036,100,5
891.0,"19.3354884841,-99.0696276422",Muy Alto,Iztapalapa,134681.853358,2142.32806932,100,5
1072.0,"19.2793186439,-99.1874087972",Muy Bajo,Tlalpan,207599.140322,1852.80455949,0 a 25,1
1097.0,"19.2005369482,-99.1457956939",Muy Bajo,Tlalpan,421783.004251,3209.06134704,0 a 25,1
1056.0,"19.30162731,-99.22754473",Muy Bajo,Tlalpan,399412.918387,3197.03342713,0 a 25,1
1052.0,"19.3004035512,-99.1377257843",Muy Alto,Tlalpan,415660.469794,2698.32375533,100,5
1095.0,"19.3921925416,-99.1104861444",Muy Alto,Iztacalco,251232.84552,2586.91578562,100,5
1094.0,"19.392055526,-99.0983867869",Muy Alto,Iztacalco,101512.334692,1339.70184903,100,5
611.0,"19.3730674872,-99.0907568998",Muy Alto,Iztapalapa,2264933.07312,5880.71444874,100,5
593.0,"19.3721621059,-99.1016099623",Muy Alto,Iztapalapa,407885.914272,3382.54963853,100,5
632.0,"19.3697115822,-99.0756733466",Muy Alto,Iztapalapa,302939.206965,2727.18904858,100,5
742.0,"19.4085177801,-99.0620268027",Muy Alto,Iztacalco,265676.747231,3135.25203678,100,5
700.0,"19.3391808703,-98.979174428",Muy Bajo,Iztapalapa,137717.142268,2196.49204792,0 a 25,1
701.0,"19.3434032903,-98.982891836",Muy Bajo,Iztapalapa,156149.558731,1900.25377529,0 a 25,1
691.0,"19.363893888,-99.07675217",Muy Alto,Iztapalapa,260183.594858,2068.23628656,100,5
819.0,"19.206591927,-99.0688543154",Muy Bajo,Milpa Alta,1310591.85463,7908.25464328,0 a 25,1
827.0,"19.3848094103,-99.1023348445",Muy Alto,Iztacalco,105996.375698,1315.95802538,100,5
830.0,"19.3807676457,-99.0980298146",Muy Alto,Iztacalco,46465.3567057,1043.85543104,100,5
948.0,"19.3193036908,-99.0393356048",Medio,Iztapalapa,119846.715436,1793.72166043,50 a 72,3
954.0,"19.3719065933,-99.1251002282",Muy Alto,Iztapalapa,411191.651937,2946.075008,100,5
925.0,"19.2965064838,-99.0706636734",Muy Alto,Iztapalapa,227978.017368,1984.38134153,100,5
1139.0,"19.2790650226,-99.0064241974",Muy Alto,Tláhuac,204736.131394,2266.32582098,100,5
1155.0,"19.3677671292,-99.1993127964",Muy Bajo,Álvaro Obregón,34975.8840337,854.108370892,0 a 25,1
1288.0,"19.4916121841,-99.1171993417",Alto,Gustavo A. Madero,260967.81182,3361.85293017,73 a 99,4
1273.0,"19.3839537575,-99.1156655731",Muy Alto,Iztacalco,165998.20345,2060.40237489,100,5
1304.0,"19.4666778118,-99.1368574809",Muy Alto,Gustavo A. Madero,292700.304553,2453.11922263,100,5
1181.0,"19.4815208892,-99.1772238378",Muy Alto,Azcapotzalco,339625.134481,2511.8835379,100,5
1194.0,"19.4602164584,-99.1022158207",Muy Alto,Gustavo A. Madero,176650.679722,1874.51886509,100,5
1216.0,"19.5034786274,-99.1288504396",Muy Alto,Gustavo A. Madero,51325.8904204,1261.69518483,100,5
1469.0,"19.5561413312,-99.1418537903",Muy Bajo,Gustavo A. Madero,350410.708602,3313.43373361,0 a 25,1
1105.0,"19.2566731798,-99.0200942147",Alto,Xochimilco,701502.581094,4384.47497949,73 a 99,4
1130.0,"19.3611900821,-99.1357387599",Muy Alto,Iztapalapa,310404.407831,2286.34369787,100,5
1049.0,"19.2382156774,-99.1792911722",Muy Bajo,Tlalpan,1337170.39627,5901.67404678,0 a 25,1
1080.0,"19.2810566493,-99.1551332001",Muy Bajo,Tlalpan,739969.459175,4401.65789785,0 a 25,1
1042.0,"19.3281221274,-99.0301252733",Muy Bajo,Iztapalapa,217803.742276,2969.208195,0 a 25,1
1066.0,"19.3002138686,-99.1722009633",Bajo,Tlalpan,139672.823132,1846.92473175,26 a 49,2
1338.0,"19.3370573431,-99.1523719681",Muy Alto,Coyoacán,514543.010605,4244.62330808,100,5
1330.0,"19.4728710837,-99.170831054",Muy Alto,Azcapotzalco,74430.6207675,1193.86316853,100,5
1410.0,"19.4788692916,-99.2174105392",Medio,Azcapotzalco,167479.329925,1707.5579326,50 a 72,3
1459.0,"19.5007286429,-99.1537491538",Muy Alto,Gustavo A. Madero,87652.7976651,1663.78916042,100,5
1401.0,"19.3883547177,-99.1065232703",Muy Alto,Iztacalco,70816.7900665,1068.68172724,100,5
1353.0,"19.305297636,-99.182634604",Muy Bajo,Coyoacán,364760.894554,3448.38198663,0 a 25,1
1395.0,"19.313720944,-99.1525348405",Medio,Coyoacán,351711.649772,2803.66494966,50 a 72,3
1392.0,"19.4697569383,-99.1463981549",Muy Alto,Azcapotzalco,212125.070272,2077.51299345,100,5
1505.0,"19.3410645699,-99.2886734903",Muy Bajo,Cuajimalpa de Morelos,698968.86992,6157.18271875,0 a 25,1
2450.0,"19.1931129751,-99.2596086002",Muy Bajo,Tlalpan,69078847.9315,45392.6257029,0 a 25,1
2437.0,"19.2871101979,-99.2979754461",Muy Bajo,Álvaro Obregón,26099559.7999,33539.5521643,0 a 25,1
2405.0,"19.4160215275,-99.199528868",Muy Bajo,Miguel Hidalgo,1665326.17916,6833.18053979,0 a 25,1
2425.0,"19.4459550832,-99.0910792047",Muy Alto,Venustiano Carranza,151912.617659,1803.49500297,100,5
2388.0,"19.4504614117,-99.1060860893",Muy Alto,Venustiano Carranza,175573.398831,1973.90989337,100,5
2401.0,"19.42708686,-99.066028476",Muy Alto,Venustiano Carranza,172972.419816,2178.1305999,100,5
2393.0,"19.4484493117,-99.1553477965",Muy Alto,Cuauhtémoc,416375.010796,2634.27858192,100,5
19.0,"19.2408492236,-99.0552472832",Medio,Xochimilco,12955.8243832,488.083475181,50 a 72,3
1506.0,"19.3546853803,-99.3020802185",Muy Bajo,Cuajimalpa de Morelos,789679.074093,4807.13066227,0 a 25,1
1541.0,"19.3288381185,-99.2922222734",Muy Bajo,Cuajimalpa de Morelos,1206603.54124,8836.19262882,0 a 25,1
1544.0,"19.3339918201,-99.1262052162",Muy Alto,Coyoacán,170981.038979,1809.62052304,100,5
1550.0,"19.486529734,-99.1811069178",Muy Alto,Azcapotzalco,238275.482889,2692.57329366,100,5
1552.0,"19.4920243488,-99.2043701308",Muy Alto,Azcapotzalco,330591.962767,2798.57103776,100,5
1557.0,"19.4688745665,-99.132853336",Muy Alto,Gustavo A. Madero,260343.119434,2370.42386648,100,5
1565.0,"19.3441299609,-99.1825408639",Muy Bajo,Coyoacán,162605.470284,1820.1065341,0 a 25,1
1571.0,"19.5042449272,-99.197668288",Muy Alto,Azcapotzalco,999502.238777,5803.31786755,100,5
1610.0,"19.3030650405,-99.2439967776",Muy Bajo,La Magdalena Contreras,381842.664426,4104.81060124,0 a 25,1
1638.0,"19.3636283919,-99.0278178367",Muy Alto,Iztapalapa,179648.057594,1780.77566996,100,5
1648.0,"19.3602134787,-99.2543483877",Muy Bajo,Álvaro Obregón,233170.245304,3201.91536885,0 a 25,1
1691.0,"19.3572373324,-99.0255103246",Muy Alto,Iztapalapa,538378.590389,3892.57616241,100,5
1696.0,"19.3358991013,-99.2097962967",Muy Bajo,La Magdalena Contreras,132473.949078,2357.34797107,0 a 25,1
1698.0,"19.3616462581,-99.2975545823",Muy Bajo,Cuajimalpa de Morelos,702021.710039,4704.7599843,0 a 25,1
1724.0,"19.3511716561,-99.0855856725",Muy Bajo,Iztapalapa,184945.758447,2222.09707876,0 a 25,1
1734.0,"19.3590643858,-99.2884391483",Muy Bajo,Cuajimalpa de Morelos,734585.270628,5200.67236431,0 a 25,1
1736.0,"19.5024094573,-99.1522727691",Alto,Gustavo A. Madero,249848.140296,2388.03992504,73 a 99,4
1740.0,"19.4832274269,-99.1458301825",Muy Alto,Gustavo A. Madero,201347.847712,2275.13284488,100,5
1750.0,"19.3017842691,-99.2565927658",Muy Bajo,La Magdalena Contreras,475521.366043,3764.22681375,0 a 25,1
1768.0,"19.3648809391,-99.100315825",Muy Alto,Iztapalapa,548867.532956,3872.73975669,100,5
1771.0,"19.3263319644,-99.1152219516",Muy Alto,Coyoacán,150875.901448,1617.9618029,100,5
1821.0,"19.4835426339,-99.1846155272",Muy Alto,Azcapotzalco,349032.661098,3323.74089787,100,5
1842.0,"19.4994654023,-99.2006880547",Muy Alto,Azcapotzalco,174225.549027,2053.90603457,100,5
1855.0,"19.4055425702,-99.240237588",Muy Bajo,Miguel Hidalgo,134147.793744,2086.96327605,0 a 25,1
1874.0,"19.4157758814,-99.110203461",Muy Alto,Venustiano Carranza,79065.9854243,1385.50393241,100,5
1883.0,"19.4459686233,-99.1667182919",Muy Alto,Miguel Hidalgo,325406.692407,3352.91158321,100,5
1889.0,"19.4369397501,-99.1084674123",Muy Alto,Venustiano Carranza,240020.838196,2324.4980936,100,5
1912.0,"19.3721554593,-99.1830620782",Muy Bajo,Benito Juárez,415084.3627,2779.03985815,0 a 25,1
1923.0,"19.4552720115,-99.1850386823",Muy Alto,Miguel Hidalgo,227203.696723,2059.64930119,100,5
1944.0,"19.4459270806,-99.1049769201",Muy Alto,Venustiano Carranza,130865.235831,1450.80083845,100,5
1946.0,"19.3697098896,-99.1859686725",Muy Bajo,Benito Juárez,184700.61757,2087.70351075,0 a 25,1
1957.0,"19.4487736867,-99.1066247623",Muy Alto,Venustiano Carranza,114957.80649,1847.6872444,100,5
1960.0,"19.4512582765,-99.1371477194",Muy Alto,Cuauhtémoc,98429.8431921,1385.49243926,100,5
1981.0,"19.4435635825,-99.1370626753",Muy Alto,Cuauhtémoc,261321.354152,2389.70088067,100,5
1989.0,"19.492395301,-99.1982302281",Muy Alto,Azcapotzalco,177992.471616,2003.17337063,100,5
2049.0,"19.4121304028,-99.1472478294",Muy Alto,Cuauhtémoc,333304.022618,2352.12421349,100,5
2053.0,"19.4622236382,-99.1461083521",Medio,Cuauhtémoc,186236.114436,2101.00153735,50 a 72,3
2057.0,"19.4182515609,-99.1675007316",Muy Alto,Cuauhtémoc,203788.82283,2023.62664981,100,5
2069.0,"19.4611685288,-99.1295593797",Muy Alto,Cuauhtémoc,98865.7478306,1271.89489845,100,5
2083.0,"19.3613609743,-99.1617994251",Bajo,Benito Juárez,286241.948066,2774.56278993,26 a 49,2
2089.0,"19.5123472858,-99.1278375968",Alto,Gustavo A. Madero,907652.737239,5032.20613402,73 a 99,4
2096.0,"19.4825480833,-99.0666441338",Alto,Gustavo A. Madero,208086.019498,2335.77205738,73 a 99,4
2129.0,"19.3906425979,-99.0757560174",Muy Alto,Iztacalco,225317.102045,2046.32114665,100,5
2155.0,"19.5639673373,-99.1335094756",Bajo,Gustavo A. Madero,221370.069296,2377.34527919,26 a 49,2
2158.0,"19.385980501,-99.0626803413",Muy Alto,Iztacalco,191175.270182,2245.64328254,100,5
2174.0,"19.4843818476,-99.1012129683",Muy Alto,Gustavo A. Madero,125737.382994,1796.65979249,100,5
2178.0,"19.4531671271,-99.0835689827",Muy Alto,Gustavo A. Madero,51620.1780133,992.822498077,100,5
2206.0,"19.4844533279,-99.1225130736",Muy Alto,Gustavo A. Madero,325671.400944,2813.33969379,100,5
2221.0,"19.5805386274,-99.1284303673",Muy Bajo,Gustavo A. Madero,1158792.33297,6578.01337768,0 a 25,1
2237.0,"19.4797248369,-99.125081824",Muy Alto,Gustavo A. Madero,265915.239401,2374.36482699,100,5
2278.0,"19.4215666015,-99.1880583072",Medio,Miguel Hidalgo,2895652.78228,9081.4528599,50 a 72,3
2282.0,"19.4420372452,-99.2093774518",Muy Bajo,Miguel Hidalgo,208170.956059,2128.34742301,0 a 25,1
2292.0,"19.4297495341,-99.0622667392",Muy Alto,Venustiano Carranza,22976.7136455,642.569997036,100,5
2295.0,"19.4166390494,-99.1116032098",Muy Alto,Venustiano Carranza,111436.012907,1706.30013208,100,5
2303.0,"19.4350092836,-99.0547575521",Alto,Venustiano Carranza,1100178.18601,5790.69547233,73 a 99,4
2313.0,"19.4353442187,-99.1462921298",Muy Alto,Cuauhtémoc,220298.787793,2680.06904713,100,5
2338.0,"19.4338520974,-99.2199623116",Muy Bajo,Miguel Hidalgo,70021.0436772,1246.74170942,0 a 25,1
2350.0,"19.3982398632,-99.1814026727",Alto,Miguel Hidalgo,262835.203125,2538.52617413,73 a 99,4
2358.0,"19.4097734962,-99.1060895313",Muy Alto,Venustiano Carranza,370351.462227,3016.01499013,100,5
2362.0,"19.4309692888,-99.1089324286",Muy Alto,Venustiano Carranza,225054.830077,2060.36447283,100,5
2367.0,"19.4082883391,-99.1800488904",Muy Alto,Cuauhtémoc,307634.104725,2387.45020598,100,5
2383.0,"19.4084254817,-99.1954934182",Muy Bajo,Miguel Hidalgo,112780.557708,1522.06549352,0 a 25,1
2385.0,"19.4043584985,-99.1789534191",Muy Alto,Miguel Hidalgo,398589.319176,3127.23322947,100,5
2391.0,"19.4214988114,-99.2211526569",Muy Bajo,Miguel Hidalgo,360266.594818,3571.66976804,0 a 25,1
2392.0,"19.4087311768,-99.1877783852",Alto,Miguel Hidalgo,406194.18073,3399.68292344,73 a 99,4
1600.0,"19.1970257702,-99.0473383381",Muy Bajo,Milpa Alta,574147.279587,4448.7168732,0 a 25,1
1605.0,"19.3244857734,-99.2246954275",Muy Bajo,La Magdalena Contreras,263805.110415,2582.17393452,0 a 25,1
1626.0,"19.357056468,-99.0007782874",Medio,Iztapalapa,92110.3375413,1269.5303639,50 a 72,3
1697.0,"19.3022474445,-99.2352482226",Muy Bajo,La Magdalena Contreras,439045.591027,3497.69217209,0 a 25,1
1538.0,"19.3408438889,-99.125017215",Muy Alto,Coyoacán,374800.30855,2697.95263429,100,5
1638.0,"19.3636283919,-99.0278178367",Muy Alto,Iztapalapa,179648.057594,1780.77566996,100,5
1859.0,"19.450412294,-99.1788070596",Muy Alto,Miguel Hidalgo,408434.703475,3170.25902568,100,5
1862.0,"19.4481407351,-99.1931548202",Muy Alto,Miguel Hidalgo,288039.000179,2283.68623849,100,5
1760.0,"19.3169897889,-99.240251123",Muy Bajo,La Magdalena Contreras,421839.17361,3278.04509744,0 a 25,1
1753.0,"19.3155765806,-99.1216861205",Muy Alto,Coyoacán,138910.637632,1704.67738867,100,5
1762.0,"19.3011950591,-99.2630065424",Muy Bajo,La Magdalena Contreras,552195.735289,3352.4558143,0 a 25,1
1771.0,"19.3263319644,-99.1152219516",Muy Alto,Coyoacán,150875.901448,1617.9618029,100,5
1794.0,"19.4182128148,-99.0896215545",Muy Alto,Venustiano Carranza,173724.831444,1712.52831071,100,5
1793.0,"19.4251693899,-99.097254564",Muy Alto,Venustiano Carranza,249047.405682,2493.49192877,100,5
1787.0,"19.4220340121,-99.1456878182",Muy Alto,Cuauhtémoc,361654.669458,2437.13776554,100,5
1858.0,"19.4380457347,-99.1751225294",Muy Alto,Miguel Hidalgo,155256.322991,1707.14120052,100,5
1809.0,"19.4217500459,-99.1110960305",Muy Alto,Venustiano Carranza,71085.1995936,1213.7308678,100,5
1906.0,"19.4582168764,-99.130623293",Muy Alto,Cuauhtémoc,132688.571939,1461.07765044,100,5
1888.0,"19.443385662,-99.1025731548",Muy Alto,Venustiano Carranza,173061.455534,1993.47175437,100,5
1919.0,"19.4181856007,-99.2169232903",Muy Bajo,Miguel Hidalgo,331930.991596,2986.6883248,0 a 25,1
1911.0,"19.3627502094,-99.1465803109",Muy Alto,Benito Juárez,377257.852134,2535.06411794,100,5
1991.0,"19.4477951238,-99.1006438375",Muy Alto,Venustiano Carranza,240266.191885,2179.25381598,100,5
1962.0,"19.4535429421,-99.1463521835",Muy Alto,Cuauhtémoc,32918.2671148,912.695821817,100,5
1961.0,"19.4554230541,-99.1457906296",Muy Alto,Cuauhtémoc,31110.8469469,761.970546794,100,5
2001.0,"19.4512463536,-99.135152674",Muy Alto,Cuauhtémoc,28504.0307849,714.103337952,100,5
475.0,"19.3370591642,-99.2153975601",Muy Bajo,Álvaro Obregón,287963.715576,3738.26804266,0 a 25,1
485.0,"19.2311475956,-99.1811062848",Muy Bajo,Tlalpan,34289.2319924,1060.95362805,0 a 25,1
454.0,"19.2961273626,-99.0579614257",Muy Alto,Tláhuac,170371.610622,2174.65889994,100,5
483.0,"19.2394473559,-99.1834730561",Muy Bajo,Tlalpan,5990.91238026,316.065331289,0 a 25,1
434.0,"19.290202584,-99.0532306325",Muy Alto,Tláhuac,235217.755011,2112.77227167,100,5
412.0,"19.2823351755,-99.0517946027",Muy Alto,Tláhuac,83434.0093281,1343.90241997,100,5
561.0,"19.2600708799,-99.1877288368",Muy Bajo,Tlalpan,2283832.65779,8481.45566327,0 a 25,1
566.0,"19.3846646976,-99.0982056835",Muy Alto,Iztacalco,149691.339402,1691.26041436,100,5
562.0,"19.2738363897,-99.1634761007",Muy Bajo,Tlalpan,207223.803345,2524.36670151,0 a 25,1
568.0,"19.3986985658,-99.0643414792",Muy Alto,Iztacalco,300355.063802,2409.4265513,100,5
389.0,"19.2900621746,-99.1274741866",Muy Alto,Tlalpan,89261.7112084,1309.95687629,100,5
376.0,"19.2900822207,-99.0129480385",Muy Alto,Tláhuac,350209.574233,2908.95259388,100,5
533.0,"19.283766904,-99.0630873307",Muy Alto,Tláhuac,449069.177299,3094.14314465,100,5
522.0,"19.3845521345,-99.2008520085",Muy Bajo,Álvaro Obregón,133693.255959,1493.92530645,0 a 25,1
581.0,"19.3597345456,-99.2394346744",Muy Bajo,Álvaro Obregón,133480.253292,1788.51890062,0 a 25,1
585.0,"19.2221568205,-99.0040731134",Muy Bajo,Milpa Alta,47410.6004026,1070.88849059,0 a 25,1
685.0,"19.4108554501,-99.0664314109",Muy Alto,Iztacalco,251552.447698,2551.71891237,100,5
646.0,"19.3690825231,-99.0717148153",Muy Alto,Iztapalapa,331792.278405,2687.61336941,100,5
784.0,"19.347375433,-98.9993628579",Muy Bajo,Iztapalapa,204841.875968,2286.47188647,0 a 25,1
880.0,"19.2463929384,-99.1587282128",Muy Bajo,Tlalpan,986842.294725,6244.49355579,0 a 25,1
890.0,"19.3355326622,-99.0733839259",Muy Alto,Iztapalapa,148957.081798,1862.93319351,100,5
851.0,"19.3232006479,-99.045198103",Muy Alto,Iztapalapa,67828.0628937,1189.83961121,100,5
888.0,"19.3449574261,-99.0659076888",Muy Alto,Iztapalapa,260087.68584,2695.26526546,100,5
877.0,"19.3502145272,-99.0960935149",Muy Bajo,Iztapalapa,173241.273875,2008.38674251,0 a 25,1
872.0,"19.3717808059,-99.0521717415",Muy Alto,Iztapalapa,14703.750017,488.540490029,100,5
999.0,"19.284944648,-99.1820430476",Muy Bajo,Tlalpan,499539.78103,4332.55067829,0 a 25,1
992.0,"19.3266569276,-99.0529112794",Muy Alto,Iztapalapa,23373.5948851,640.585508441,100,5
28.0,"19.2321054762,-99.0913349157",Muy Bajo,Xochimilco,150087.659958,2067.2907035,0 a 25,1
12.0,"19.3867775197,-99.1794146708",Alto,Benito Juárez,159743.594,1937.90223897,73 a 99,4
52.0,"19.3846502914,-99.1626336918",Muy Alto,Benito Juárez,267398.06263,2276.41128681,100,5
142.0,"19.2623423325,-99.1385630451",Muy Bajo,Xochimilco,857135.636429,5061.16920559,0 a 25,1
146.0,"19.2628920187,-99.1056937173",Muy Alto,Xochimilco,234239.470954,2446.02609853,100,5
109.0,"19.2475879981,-99.0341704071",Muy Bajo,Xochimilco,314885.754947,2860.78505726,0 a 25,1
211.0,"19.2703681255,-99.2193852727",Muy Bajo,Tlalpan,361919.084764,2776.29093746,0 a 25,1
243.0,"19.3754562767,-99.2057554032",Muy Bajo,Álvaro Obregón,164202.725027,2232.12925115,0 a 25,1
230.0,"19.2187731015,-98.9773297448",Alto,Tláhuac,337128.761976,3082.76184479,73 a 99,4
168.0,"19.2561786983,-99.0900266098",Muy Alto,Xochimilco,1190487.05737,4927.69730656,100,5
200.0,"19.2320356562,-99.113395823",Muy Bajo,Xochimilco,134160.399339,1867.53673753,0 a 25,1
184.0,"19.2487149547,-99.1166710538",Alto,Xochimilco,337318.910322,2712.15022522,73 a 99,4
158.0,"19.302223993,-99.2226853793",Muy Bajo,Tlalpan,308472.386143,3206.54365686,0 a 25,1
165.0,"19.2785999256,-99.1162531283",Muy Alto,Xochimilco,183022.289594,2198.64936424,100,5
153.0,"19.3880174821,-99.2033288576",Muy Bajo,Álvaro Obregón,72696.8482211,1136.87800253,0 a 25,1
154.0,"19.3897384881,-99.2050352572",Muy Bajo,Álvaro Obregón,34302.1398328,1109.65589574,0 a 25,1
317.0,"19.3292969382,-99.2730409942",Muy Bajo,Álvaro Obregón,571756.545151,3878.89937586,0 a 25,1
331.0,"19.296296406,-99.2321283301",Bajo,Tlalpan,303727.503945,3302.33938843,26 a 49,2
320.0,"19.2959792946,-99.0446021133",Muy Alto,Tláhuac,408508.4861,3042.4059547,100,5
291.0,"19.3846282449,-99.2242153571",Muy Bajo,Álvaro Obregón,129319.922846,3016.60179903,0 a 25,1
279.0,"19.2765766586,-99.1836721611",Muy Bajo,Tlalpan,260322.98125,2265.81351812,0 a 25,1
283.0,"19.2755416821,-99.2180374114",Muy Bajo,Tlalpan,249672.502395,2413.53453157,0 a 25,1
290.0,"19.3690521532,-99.197951561",Muy Bajo,Álvaro Obregón,32375.5449568,846.64410414,0 a 25,1
1005.0,"19.2765508463,-99.2309637944",Muy Bajo,Tlalpan,381110.372809,4055.70928067,0 a 25,1
1056.0,"19.30162731,-99.22754473",Muy Bajo,Tlalpan,399412.918387,3197.03342713,0 a 25,1
1061.0,"19.3377382273,-99.0842151318",Muy Bajo,Iztapalapa,119271.632114,1772.69452074,0 a 25,1
1106.0,"19.2516998518,-99.0110828377",Alto,Xochimilco,291067.228676,2747.89782586,73 a 99,4
1127.0,"19.211841779,-99.2088421101",Muy Bajo,Tlalpan,872907.737633,5476.47306836,0 a 25,1
1133.0,"19.3730985297,-99.1146884975",Muy Alto,Iztapalapa,116216.518528,1598.0561173,100,5
1145.0,"19.5011572675,-99.0984317478",Medio,Gustavo A. Madero,151439.291997,1927.06943058,50 a 72,3
1148.0,"19.350469876,-99.0145140073",Alto,Iztapalapa,296180.539676,3060.73471813,73 a 99,4
1192.0,"19.3842934423,-99.1232550756",Muy Alto,Iztacalco,70630.4704877,1169.30367404,100,5
1203.0,"19.4658185127,-99.11499197",Muy Alto,Gustavo A. Madero,124067.314592,1583.36416676,100,5
1218.0,"19.4945000346,-99.1410928282",Muy Alto,Gustavo A. Madero,235074.503119,2053.14185553,100,5
1251.0,"19.3919608268,-99.0823837316",Muy Alto,Iztacalco,207271.885855,2956.16856941,100,5
1253.0,"19.3823489821,-99.0953697377",Muy Alto,Iztacalco,140479.723593,1689.80673781,100,5
1254.0,"19.3820537331,-99.103104872",Muy Alto,Iztacalco,158509.411516,1653.45973296,100,5
1258.0,"19.4587861526,-99.1110836531",Muy Alto,Gustavo A. Madero,215272.652386,2546.00629624,100,5
1287.0,"19.4979517239,-99.1066856305",Muy Bajo,Gustavo A. Madero,1256312.94965,7040.75794867,0 a 25,1
1298.0,"19.312598953,-99.1454982479",Muy Alto,Coyoacán,217900.986499,2009.5651996,100,5
1309.0,"19.4926295395,-99.0887881851",Muy Alto,Gustavo A. Madero,257551.631151,2067.96220398,100,5
1315.0,"19.4952749921,-99.180751048",Muy Alto,Azcapotzalco,305871.704517,2925.27865842,100,5
1347.0,"19.4803197503,-99.182285711",Muy Alto,Azcapotzalco,212658.484116,2868.91231919,100,5
1350.0,"19.4967162435,-99.0868014417",Muy Alto,Gustavo A. Madero,342928.942568,2488.21698804,100,5
1361.0,"19.3402417727,-99.1159654523",Muy Alto,Coyoacán,229206.162869,2615.86293424,100,5
1389.0,"19.3269925324,-99.1630529617",Muy Bajo,Coyoacán,276961.843633,2317.22076171,0 a 25,1
1405.0,"19.533184775,-99.1465849689",Muy Alto,Gustavo A. Madero,69715.4090362,1178.57530838,100,5
1412.0,"19.4808320196,-99.1185565862",Alto,Gustavo A. Madero,551910.42231,5911.60450334,73 a 99,4
1452.0,"19.3330028241,-99.1756499955",Muy Bajo,Coyoacán,250477.804171,2555.65543331,0 a 25,1
510.0,"19.3481732713,-99.2201271879",Muy Bajo,Álvaro Obregón,276515.998968,2714.36216096,0 a 25,1
514.0,"19.2877045118,-99.0576441082",Muy Alto,Tláhuac,119472.709999,2099.93067431,100,5
543.0,"19.3273496864,-99.2615669073",Muy Bajo,Álvaro Obregón,629151.87359,4702.03731862,0 a 25,1
564.0,"19.3862902972,-99.1097101017",Muy Alto,Iztacalco,159647.849326,1909.87198898,100,5
590.0,"19.3412628194,-99.1048178658",Bajo,Iztapalapa,118885.671754,1590.29520622,26 a 49,2
601.0,"19.3595469558,-99.2448274588",Muy Bajo,Álvaro Obregón,170500.738283,2473.10464324,0 a 25,1
610.0,"19.3756134068,-99.0583599783",Muy Alto,Iztapalapa,23654.6790259,615.687885775,100,5
630.0,"19.3768682538,-99.0511055049",Muy Alto,Iztapalapa,65779.4664928,1089.74228757,100,5
634.0,"19.3394986094,-98.9936890237",Muy Bajo,Iztapalapa,188308.785814,2221.49973424,0 a 25,1
662.0,"19.317394199,-99.2281688318",Muy Bajo,La Magdalena Contreras,171312.485674,1839.33318595,0 a 25,1
672.0,"19.3314489647,-99.020191109",Muy Bajo,Iztapalapa,233560.933996,2861.94198841,0 a 25,1
719.0,"19.4034717733,-99.1162760657",Muy Alto,Iztacalco,280366.910195,2762.107581,100,5
728.0,"19.3782721214,-99.0522221471",Muy Alto,Iztapalapa,64019.3053305,1554.14971796,100,5
751.0,"19.2965833675,-99.0672586928",Muy Alto,Iztapalapa,120943.408572,1610.15013737,100,5
754.0,"19.1985821034,-99.0107415297",Muy Bajo,Milpa Alta,1438222.07357,6159.57905647,0 a 25,1
757.0,"19.3754920623,-99.0071776398",Alto,Iztapalapa,51391.2123648,907.046821146,73 a 99,4
766.0,"19.3688119645,-99.0532150522",Muy Alto,Iztapalapa,597067.147426,3977.62304438,100,5
777.0,"19.390658948,-99.0383904486",Muy Alto,Iztapalapa,37323.7690322,791.079331625,100,5
789.0,"19.3827733466,-99.0580199058",Muy Alto,Iztapalapa,321585.62413,2257.11802734,100,5
794.0,"19.3281471399,-99.0455884252",Muy Alto,Iztapalapa,182644.60753,1927.22699415,100,5
800.0,"19.3608040078,-99.2163853369",Muy Bajo,Álvaro Obregón,598161.015754,5980.51004909,0 a 25,1
812.0,"19.346344972,-99.0827748235",Bajo,Iztapalapa,200402.065143,2958.25653498,26 a 49,2
818.0,"19.3578313171,-99.2327204323",Muy Bajo,Álvaro Obregón,125642.367265,1952.0205434,0 a 25,1
822.0,"19.3635563955,-99.0014518016",Muy Alto,Iztapalapa,117314.689553,1804.37817429,100,5
833.0,"19.3253968115,-99.2482605071",Muy Bajo,La Magdalena Contreras,259830.243563,2690.15166786,0 a 25,1
844.0,"19.3743243684,-99.0503042071",Muy Alto,Iztapalapa,26861.4425954,774.887642424,100,5
870.0,"19.3742622158,-99.0517344599",Muy Alto,Iztapalapa,24775.934705,734.46782124,100,5
880.0,"19.2463929384,-99.1587282128",Muy Bajo,Tlalpan,986842.294725,6244.49355579,0 a 25,1
888.0,"19.3449574261,-99.0659076888",Muy Alto,Iztapalapa,260087.68584,2695.26526546,100,5
889.0,"19.3364280583,-99.0645443947",Muy Alto,Iztapalapa,197169.774785,1810.99497262,100,5
898.0,"19.3592218638,-99.1255932466",Muy Alto,Iztapalapa,200770.535787,2789.35605009,100,5
946.0,"19.319369511,-99.0376433116",Muy Bajo,Iztapalapa,146539.167184,2508.94768856,0 a 25,1
961.0,"19.3368929568,-98.9997033793",Muy Bajo,Iztapalapa,169031.205049,1897.65353609,0 a 25,1
969.0,"19.3087710146,-99.0796250121",Muy Alto,Iztapalapa,205040.391065,1908.92341931,100,5
971.0,"19.351239164,-99.0548831289",Muy Alto,Iztapalapa,74213.1262954,1246.43517169,100,5
214.0,"19.2333872276,-99.1055159437",Muy Bajo,Xochimilco,1167978.68424,6886.84272289,0 a 25,1
56.0,"19.2236128042,-99.1083418839",Muy Bajo,Xochimilco,795548.364401,4693.75269064,0 a 25,1
37.0,"19.2704173307,-99.1357528694",Bajo,Xochimilco,1165032.26458,5783.35146003,26 a 49,2
45.0,"19.2603567,-99.0628861422",Muy Alto,Xochimilco,267499.368896,2488.60325608,100,5
50.0,"19.4030012176,-99.1505514844",Muy Alto,Benito Juárez,246572.699465,2630.9432636,100,5
122.0,"19.3915095885,-99.2078496208",Muy Bajo,Álvaro Obregón,109992.706236,1534.9089982,0 a 25,1
104.0,"19.3835797456,-99.1368496056",Muy Alto,Benito Juárez,159759.018904,1696.14032446,100,5
119.0,"19.3898319121,-99.1402473794",Muy Alto,Benito Juárez,210089.054855,2033.86599869,100,5
164.0,"19.2770137603,-99.1241965835",Muy Alto,Xochimilco,461182.188193,3138.31248813,100,5
163.0,"19.2718424885,-99.1256684773",Muy Alto,Xochimilco,594457.02628,3080.02495801,100,5
491.0,"19.3797264472,-99.2249809322",Muy Bajo,Álvaro Obregón,91849.4515887,2530.49197873,0 a 25,1
472.0,"19.3563410356,-99.2191776396",Muy Bajo,Álvaro Obregón,462188.445691,4748.34512872,0 a 25,1
481.0,"19.3928760212,-99.1960029806",Muy Bajo,Álvaro Obregón,326495.66308,3037.73882235,0 a 25,1
294.0,"19.2360134565,-99.1534127815",Muy Bajo,Tlalpan,2070169.44101,7993.40924675,0 a 25,1
301.0,"19.2923578675,-99.0193131533",Medio,Tláhuac,510497.916376,5448.39529646,50 a 72,3
224.0,"19.2654037806,-99.0096672953",Muy Alto,Tláhuac,702564.897088,5337.89470265,100,5
237.0,"19.2924911119,-99.1211833496",Muy Alto,Tlalpan,108093.423068,1382.83424992,100,5
226.0,"19.26493197,-99.0028282721",Muy Alto,Tláhuac,297653.73962,2697.86103948,100,5
142.0,"19.2623423325,-99.1385630451",Muy Bajo,Xochimilco,857135.636429,5061.16920559,0 a 25,1
160.0,"19.3032654694,-99.2199432431",Muy Bajo,Tlalpan,338864.713588,4059.48354135,0 a 25,1
155.0,"19.3841443475,-99.216258345",Muy Bajo,Álvaro Obregón,66419.2222595,1307.47241557,0 a 25,1
134.0,"19.2830467343,-99.1080426793",Muy Alto,Xochimilco,252634.693387,2740.71104145,100,5
136.0,"19.2895469884,-99.0572551819",Muy Alto,Tláhuac,174012.069808,2116.28755195,100,5
390.0,"19.2477677093,-99.1273878568",Muy Bajo,Xochimilco,707026.960315,5303.4964614,0 a 25,1
402.0,"19.2673590901,-99.1612633925",Muy Bajo,Tlalpan,338193.059069,3510.50653721,0 a 25,1
407.0,"19.3547136403,-99.1942894556",Muy Bajo,Álvaro Obregón,688753.88765,3706.14863625,0 a 25,1
417.0,"19.3439374215,-99.1897154307",Muy Bajo,Álvaro Obregón,312281.973873,3565.28011608,0 a 25,1
314.0,"19.2465310984,-99.1806630463",Muy Bajo,Tlalpan,1188221.0914,7549.93452964,0 a 25,1
339.0,"19.3668261671,-99.2550861825",Muy Bajo,Álvaro Obregón,741384.578132,5442.7473634,0 a 25,1
352.0,"19.2836060098,-99.213072733",Muy Bajo,Tlalpan,230099.978481,1976.48555461,0 a 25,1
444.0,"19.3364999095,-99.2294016389",Muy Bajo,Álvaro Obregón,1563438.36836,7182.7352361,0 a 25,1
437.0,"19.3460142343,-99.2023053477",Muy Bajo,Álvaro Obregón,629744.210892,4899.63072514,0 a 25,1
460.0,"19.3351628463,-99.2045425783",Muy Bajo,Álvaro Obregón,451785.836629,3596.79474651,0 a 25,1
443.0,"19.321990353,-99.2602875799",Muy Bajo,Álvaro Obregón,266729.937349,2687.5442866,0 a 25,1
433.0,"19.2891996395,-99.0477206304",Muy Alto,Tláhuac,243117.240122,2294.06096275,100,5
1041.0,"19.3321584172,-99.0311164981",Bajo,Iztapalapa,276227.310901,3047.52805851,26 a 49,2
1003.0,"19.2869893273,-99.1676257034",Muy Bajo,Tlalpan,388669.116644,3316.79618804,0 a 25,1
2110.0,"19.4521064947,-99.0574149754",Muy Alto,Gustavo A. Madero,152870.331079,1707.59500548,100,5
2091.0,"19.5452251469,-99.1411810109",Bajo,Gustavo A. Madero,516393.169214,2930.29677357,26 a 49,2
2084.0,"19.4970312843,-99.1126601506",Medio,Gustavo A. Madero,273514.398236,2836.49077825,50 a 72,3
2105.0,"19.3935576249,-99.1247127537",Muy Alto,Iztacalco,357636.540646,2793.23358443,100,5
2114.0,"19.410764573,-99.1430053366",Muy Alto,Cuauhtémoc,201921.49264,2117.89649075,100,5
2006.0,"19.3996412915,-99.2288447619",Muy Bajo,Miguel Hidalgo,1449905.59097,7045.68308656,0 a 25,1
2021.0,"19.5293909807,-99.1395400674",Medio,Gustavo A. Madero,196842.903103,2009.75595165,50 a 72,3
2049.0,"19.4121304028,-99.1472478294",Muy Alto,Cuauhtémoc,333304.022618,2352.12421349,100,5
2073.0,"19.3590419785,-99.1474205376",Muy Alto,Benito Juárez,280533.872495,2278.21840645,100,5
2054.0,"19.4586836864,-99.1258972625",Muy Alto,Cuauhtémoc,272796.20048,2133.3400275,100,5
2042.0,"19.4095249806,-99.1574673896",Muy Alto,Cuauhtémoc,250221.830586,2025.15091782,100,5
2219.0,"19.3953040056,-99.1008211388",Muy Alto,Iztacalco,134207.064717,1798.1597567,100,5
2229.0,"19.4375692622,-99.1513671431",Muy Alto,Cuauhtémoc,174424.230488,1757.7302953,100,5
2216.0,"19.4900816306,-99.136927651",Muy Alto,Gustavo A. Madero,213236.09735,2108.19271145,100,5
2249.0,"19.4038237802,-99.1650549808",Muy Alto,Cuauhtémoc,232686.715353,1948.0940068,100,5
2267.0,"19.4575162941,-99.1211828186",Muy Alto,Venustiano Carranza,174926.911849,1638.71005116,100,5
2275.0,"19.434658561,-99.2054966655",Muy Bajo,Miguel Hidalgo,507202.920388,3838.24462001,0 a 25,1
2293.0,"19.4397468868,-99.1169825718",Muy Alto,Venustiano Carranza,245535.963092,3259.69402042,100,5
2284.0,"19.4520367364,-99.1966355111",Muy Alto,Miguel Hidalgo,258128.254478,2176.4108861,100,5
2270.0,"19.4560520266,-99.2030166498",Alto,Miguel Hidalgo,208633.584354,1906.93570513,73 a 99,4
2209.0,"19.5293923371,-99.1318022374",Muy Bajo,Gustavo A. Madero,1236685.03891,5394.13992473,0 a 25,1
2127.0,"19.4030403112,-99.0646291945",Muy Alto,Iztacalco,318082.548505,3365.65613527,100,5
2147.0,"19.4772020945,-99.1090335636",Muy Alto,Gustavo A. Madero,397953.964923,3144.85328746,100,5
2308.0,"19.4423786363,-99.1090647105",Muy Alto,Venustiano Carranza,90847.8381625,1379.7988276,100,5
2305.0,"19.4246332739,-99.0616246836",Muy Alto,Venustiano Carranza,223050.864985,3247.717457,100,5
2349.0,"19.4119631171,-99.1853453199",Muy Alto,Miguel Hidalgo,223442.131691,2513.87690658,100,5
2363.0,"19.4074681655,-99.1096689711",Muy Alto,Venustiano Carranza,159025.529066,2377.63044623,100,5
11.0,"19.38126606,-99.1828865778",Bajo,Benito Juárez,273658.477588,2334.77611686,26 a 49,2
36.0,"19.2357215077,-99.1120000813",Muy Bajo,Xochimilco,126699.411191,1527.86933961,0 a 25,1
70.0,"19.3716755473,-99.1390598313",Muy Alto,Benito Juárez,286994.729481,2161.43145718,100,5
72.0,"19.3747563826,-99.1904349855",Muy Bajo,Benito Juárez,261983.327696,2821.89017058,0 a 25,1
83.0,"19.3879987819,-99.1435560381",Muy Alto,Benito Juárez,96728.7477917,1467.52452525,100,5
88.0,"19.3833715315,-99.1863614907",Muy Bajo,Benito Juárez,237587.613988,2201.06288776,0 a 25,1
96.0,"19.2257421883,-99.0875117516",Muy Bajo,Xochimilco,584285.231377,4012.89452638,0 a 25,1
108.0,"19.2604597801,-99.101521084",Muy Alto,Xochimilco,182500.112415,1877.54854566,100,5
134.0,"19.2830467343,-99.1080426793",Muy Alto,Xochimilco,252634.693387,2740.71104145,100,5
172.0,"19.3176175118,-99.2647925762",Muy Bajo,Álvaro Obregón,249067.460778,2806.69611024,0 a 25,1
181.0,"19.2569934059,-99.1020040452",Muy Alto,Xochimilco,230192.837266,1986.28336537,100,5
193.0,"19.2761258887,-99.2228250533",Bajo,Tlalpan,300070.326627,2687.38841029,26 a 49,2
231.0,"19.2173061587,-98.9726673929",Muy Alto,Tláhuac,454789.165729,4104.84978133,100,5
239.0,"19.2253813729,-99.1580215642",Muy Bajo,Tlalpan,585316.89937,5246.69794777,0 a 25,1
257.0,"19.2889813575,-99.1308701322",Muy Alto,Tlalpan,306113.24982,3318.66035953,100,5
280.0,"19.301202345,-99.1772404185",Muy Bajo,Tlalpan,148142.332365,2063.17578922,0 a 25,1
298.0,"19.2556938009,-99.0020196515",Muy Alto,Tláhuac,830537.903291,6182.77097624,100,5
357.0,"19.3218105736,-98.9625779174",Bajo,Tláhuac,537496.274145,3439.95977079,26 a 49,2
394.0,"19.3419018187,-99.2540388952",Muy Bajo,Álvaro Obregón,1359093.52051,7132.29601537,0 a 25,1
445.0,"19.3011413144,-99.2015054183",Muy Bajo,Tlalpan,713455.386242,5169.8269377,0 a 25,1
447.0,"19.2796008329,-99.1713937942",Muy Bajo,Tlalpan,34269.8225817,786.165374687,0 a 25,1
455.0,"19.3797857241,-99.2280420893",Muy Bajo,Álvaro Obregón,145020.890372,1732.74175505,0 a 25,1
474.0,"19.3696837501,-99.2010394613",Muy Bajo,Álvaro Obregón,133525.481643,2161.09531309,0 a 25,1
490.0,"19.2999744428,-99.0381860747",Muy Alto,Tláhuac,526483.088967,3062.08554711,100,5
496.0,"19.3894907236,-99.2089732106",Muy Bajo,Álvaro Obregón,37121.4528638,1466.5695675,0 a 25,1
1427.0,"19.3062201021,-99.125804385",Muy Alto,Coyoacán,112263.779737,1375.90599019,100,5
1442.0,"19.4662356326,-99.1053410946",Muy Alto,Gustavo A. Madero,221956.526625,1930.16391199,100,5
1446.0,"19.316975329,-99.1340846363",Muy Alto,Coyoacán,233832.107521,2474.55763814,100,5
1468.0,"19.5367889685,-99.1348290011",Muy Bajo,Gustavo A. Madero,222523.950116,2288.08674085,0 a 25,1
1475.0,"19.5707026966,-99.1399786256",Muy Bajo,Gustavo A. Madero,632386.298108,4327.330366,0 a 25,1
1477.0,"19.5564002244,-99.1493540748",Muy Bajo,Gustavo A. Madero,191351.476064,2417.1852848,0 a 25,1
1479.0,"19.353080105,-99.0642441361",Muy Alto,Iztapalapa,235445.011375,3265.65500377,100,5
1485.0,"19.356528872,-99.0180404597",Muy Alto,Iztapalapa,419323.000077,2997.6502523,100,5
1496.0,"19.3173182133,-99.1694775214",Muy Bajo,Coyoacán,226921.744703,3058.56843942,0 a 25,1
1498.0,"19.344484064,-99.1439098528",Muy Alto,Coyoacán,652219.324649,4073.85534862,100,5
1517.0,"19.4895809924,-99.1109486519",Alto,Gustavo A. Madero,208835.165454,2070.59052458,73 a 99,4
1002.0,"19.2778088223,-99.1782560203",Muy Bajo,Tlalpan,845137.221277,5587.69428295,0 a 25,1
1019.0,"19.2131910883,-99.1224587448",Muy Bajo,Xochimilco,1324281.87673,7543.32109347,0 a 25,1
1074.0,"19.2751646085,-99.1480463027",Muy Bajo,Tlalpan,1610146.40992,7296.40305772,0 a 25,1
1075.0,"19.3184387012,-99.0723533384",Muy Alto,Iztapalapa,259859.142867,2399.37289338,100,5
1084.0,"19.2960871374,-99.0107796878",Muy Alto,Tláhuac,189810.711378,2225.58402353,100,5
1087.0,"19.2286747403,-99.0959817478",Muy Bajo,Xochimilco,217108.508346,2378.98334594,0 a 25,1
1093.0,"19.4178591547,-99.0580103927",Alto,Iztacalco,285026.144896,2557.23847606,73 a 99,4
1105.0,"19.2566731798,-99.0200942147",Alto,Xochimilco,701502.581094,4384.47497949,73 a 99,4
1108.0,"19.2120714967,-99.1951056051",Muy Bajo,Tlalpan,608497.621714,5760.70204985,0 a 25,1
1118.0,"19.2936554061,-99.1633092542",Alto,Tlalpan,226916.49873,2529.67541725,73 a 99,4
1125.0,"19.2298728242,-99.1937163982",Muy Bajo,Tlalpan,11994.8689396,439.996647518,0 a 25,1
1137.0,"19.2968017253,-99.1421809046",Muy Alto,Tlalpan,376386.583183,3178.68030683,100,5
1142.0,"19.2836453273,-99.190082042",Bajo,Tlalpan,229191.709221,2424.57175492,26 a 49,2
1150.0,"19.3102268787,-99.0687101893",Muy Alto,Iztapalapa,182703.3783,2305.98805165,100,5
1154.0,"19.3675889835,-99.208507009",Muy Bajo,Álvaro Obregón,23581.8188672,706.742364308,0 a 25,1
1193.0,"19.3895133168,-99.1201433916",Muy Alto,Iztacalco,237563.63502,2266.87341052,100,5
1195.0,"19.4624992948,-99.1013824934",Muy Alto,Gustavo A. Madero,181353.19475,1878.21851668,100,5
1221.0,"19.4963252184,-99.1506820207",Muy Alto,Gustavo A. Madero,51975.348281,1185.19411835,100,5
1267.0,"19.4552952985,-99.0711943015",Muy Alto,Gustavo A. Madero,169218.912177,2220.05907777,100,5
1310.0,"19.496276468,-99.0948563473",Muy Alto,Gustavo A. Madero,274713.284138,3220.866874,100,5
1336.0,"19.3131316107,-99.1176621619",Muy Alto,Coyoacán,129744.866453,1712.98985896,100,5
1343.0,"19.5548616662,-99.1275441746",Muy Bajo,Gustavo A. Madero,296750.578042,2836.85901455,0 a 25,1
1356.0,"19.5035634376,-99.2094866128",Alto,Azcapotzalco,237796.410857,2004.24124822,73 a 99,4
1394.0,"19.3030886205,-99.1496687675",Alto,Coyoacán,1198189.80943,5886.73773593,73 a 99,4
1419.0,"19.4132892779,-99.071163255",Muy Alto,Iztacalco,245204.226604,2188.46581033,100,5
1436.0,"19.4983829199,-99.117096096",Muy Alto,Gustavo A. Madero,228532.099401,2386.75020959,100,5
1438.0,"19.456761922,-99.0669795481",Muy Alto,Gustavo A. Madero,175408.713279,1995.80844822,100,5
1440.0,"19.4709219521,-99.1073313493",Muy Alto,Gustavo A. Madero,239643.211562,2028.49624216,100,5
1475.0,"19.5707026966,-99.1399786256",Muy Bajo,Gustavo A. Madero,632386.298108,4327.330366,0 a 25,1
1478.0,"19.5658172735,-99.1433059667",Muy Bajo,Gustavo A. Madero,218502.254115,2363.91589947,0 a 25,1
1496.0,"19.3173182133,-99.1694775214",Muy Bajo,Coyoacán,226921.744703,3058.56843942,0 a 25,1
1508.0,"19.3406248749,-99.1303331157",Muy Alto,Coyoacán,298439.755141,3333.62721239,100,5
1522.0,"19.3904562709,-99.2654488984",Muy Bajo,Cuajimalpa de Morelos,2314455.57869,9653.70438697,0 a 25,1
1548.0,"19.4927425982,-99.1623695354",Medio,Azcapotzalco,2043972.64755,6923.90307757,50 a 72,3
1563.0,"19.3309047005,-99.1532736857",Alto,Coyoacán,654288.762951,4676.01546678,73 a 99,4
1564.0,"19.3486904685,-99.1766958397",Alto,Coyoacán,381052.189907,2452.50939004,73 a 99,4
1584.0,"19.3349738203,-99.1440989864",Muy Alto,Coyoacán,272172.221133,2249.60626446,100,5
1602.0,"19.5086249771,-99.1953105195",Muy Alto,Azcapotzalco,151683.387773,1789.21636778,100,5
1625.0,"19.3602519716,-99.0035523087",Muy Alto,Iztapalapa,606272.457494,4140.0597951,100,5
1650.0,"19.3853936125,-99.039151031",Muy Alto,Iztapalapa,127296.50771,1443.99964906,100,5
1659.0,"19.3397405233,-99.0588186718",Muy Alto,Iztapalapa,129109.535595,1679.60305923,100,5
1666.0,"19.5100165458,-99.207901795",Alto,Azcapotzalco,180275.63652,1800.37178313,73 a 99,4
1700.0,"19.3268799768,-99.1106638129",Muy Alto,Coyoacán,144622.098669,1859.11250881,100,5
1707.0,"19.3321802403,-99.0970770855",Muy Bajo,Iztapalapa,298031.147141,2659.33076251,0 a 25,1
1745.0,"19.3315560975,-99.2189985628",Muy Bajo,La Magdalena Contreras,32055.2548951,836.106938454,0 a 25,1
1789.0,"19.4330797657,-99.1216628017",Muy Alto,Venustiano Carranza,196331.664431,2637.90462592,100,5
1790.0,"19.4346410865,-99.0907113995",Muy Alto,Venustiano Carranza,276416.586131,2285.55171179,100,5
1806.0,"19.4221822706,-99.0971471546",Muy Alto,Venustiano Carranza,152597.966024,1695.07847475,100,5
1816.0,"19.4348055092,-99.1935699957",Muy Alto,Miguel Hidalgo,415753.541373,2742.00977355,100,5
1822.0,"19.4825069131,-99.1879444524",Muy Alto,Azcapotzalco,312726.134789,2786.74873034,100,5
1833.0,"19.4356230661,-99.1884301056",Alto,Miguel Hidalgo,250960.48774,2378.23065187,73 a 99,4
1863.0,"19.4507194663,-99.188095462",Muy Alto,Miguel Hidalgo,321919.005923,2246.4165465,100,5
1877.0,"19.4349395364,-99.1988506921",Medio,Miguel Hidalgo,375915.886337,2577.66748867,50 a 72,3
1900.0,"19.3644041373,-99.1843587662",Muy Bajo,Benito Juárez,275362.412114,2932.02752281,0 a 25,1
1905.0,"19.4551980228,-99.1317826475",Muy Alto,Cuauhtémoc,104195.429014,1361.68714117,100,5
1916.0,"19.455079584,-99.1442901397",Muy Alto,Cuauhtémoc,41341.0554602,816.696957784,100,5
1987.0,"19.5063922564,-99.2025825127",Muy Alto,Azcapotzalco,135709.607569,1627.55252424,100,5
2012.0,"19.4218078077,-99.0890122969",Muy Alto,Venustiano Carranza,172314.139099,1719.50921528,100,5
2018.0,"19.4167412642,-99.1465467323",Muy Alto,Cuauhtémoc,305726.512172,2223.90634496,100,5
2025.0,"19.4758916268,-99.0815895695",Muy Alto,Gustavo A. Madero,280489.979226,2288.14691748,100,5
2044.0,"19.4571410224,-99.1598780558",Muy Alto,Cuauhtémoc,324064.298425,2346.23546784,100,5
2045.0,"19.4225277426,-99.1713627101",Muy Alto,Cuauhtémoc,131516.303053,2390.54443606,100,5
2050.0,"19.4155680763,-99.1566898001",Muy Alto,Cuauhtémoc,361732.220841,2578.22009648,100,5
2054.0,"19.4586836864,-99.1258972625",Muy Alto,Cuauhtémoc,272796.20048,2133.3400275,100,5
2064.0,"19.3602361001,-99.1681120149",Bajo,Benito Juárez,247439.435553,2567.21188637,26 a 49,2
2067.0,"19.4055522169,-99.1402596093",Muy Alto,Cuauhtémoc,386698.59974,2798.32737789,100,5
2072.0,"19.3664763741,-99.1400255617",Muy Alto,Benito Juárez,248017.028405,2005.10262718,100,5
2076.0,"19.4056835995,-99.1303640399",Muy Alto,Cuauhtémoc,171282.405878,1717.20970251,100,5
2078.0,"19.4594131988,-99.1445807304",Muy Alto,Cuauhtémoc,296987.239206,2533.73574393,100,5
2130.0,"19.5483057816,-99.154888965",Muy Bajo,Gustavo A. Madero,228975.624019,2296.49812335,0 a 25,1
2131.0,"19.5109485875,-99.0972613911",Alto,Gustavo A. Madero,113459.657603,1458.5441054,73 a 99,4
2137.0,"19.4757970637,-99.1432328179",Muy Alto,Gustavo A. Madero,215093.060931,2643.19783622,100,5
2159.0,"19.3837826962,-99.0635497488",Muy Alto,Iztacalco,89323.9059889,1562.71129263,100,5
2169.0,"19.4839743862,-99.0802513749",Muy Alto,Gustavo A. Madero,251556.282308,2363.08828851,100,5
2176.0,"19.4898187647,-99.0966707149",Muy Alto,Gustavo A. Madero,365484.531189,3429.77106428,100,5
2179.0,"19.4525503622,-99.0865377253",Muy Alto,Gustavo A. Madero,304297.703255,2517.4372104,100,5
2196.0,"19.5288663276,-99.1482430559",Muy Alto,Gustavo A. Madero,144211.724086,1764.36021709,100,5
2209.0,"19.5293923371,-99.1318022374",Muy Bajo,Gustavo A. Madero,1236685.03891,5394.13992473,0 a 25,1
2213.0,"19.4984587541,-99.0724608244",Alto,Gustavo A. Madero,235505.090188,2144.03745491,73 a 99,4
2219.0,"19.3953040056,-99.1008211388",Muy Alto,Iztacalco,134207.064717,1798.1597567,100,5
2235.0,"19.3898178331,-99.1007576389",Muy Alto,Iztacalco,113228.7332,1885.28112086,100,5
2260.0,"19.4206050252,-99.1246197669",Muy Alto,Venustiano Carranza,225085.137211,2011.5852848,100,5
2270.0,"19.4560520266,-99.2030166498",Alto,Miguel Hidalgo,208633.584354,1906.93570513,73 a 99,4
2272.0,"19.4616718919,-99.2056189812",Alto,Miguel Hidalgo,654435.430591,3905.50998088,73 a 99,4
2288.0,"19.4254788907,-99.2209712683",Muy Bajo,Miguel Hidalgo,306643.927581,2725.2866935,0 a 25,1
2297.0,"19.4547592082,-99.1506155902",Muy Alto,Cuauhtémoc,43279.8915499,1018.75843748,100,5
2317.0,"19.4398203778,-99.0988856783",Muy Alto,Venustiano Carranza,186051.010413,2619.29861581,100,5
2325.0,"19.4220349341,-99.0635654732",Muy Alto,Venustiano Carranza,337229.334141,3271.99189988,100,5
2339.0,"19.4040742837,-99.2018897624",Muy Bajo,Miguel Hidalgo,126042.197694,1673.47876225,0 a 25,1
2355.0,"19.4206029089,-99.2127037093",Muy Bajo,Miguel Hidalgo,323804.276633,3481.72232788,0 a 25,1
2363.0,"19.4074681655,-99.1096689711",Muy Alto,Venustiano Carranza,159025.529066,2377.63044623,100,5
2364.0,"19.4160133133,-99.0817250618",Muy Alto,Venustiano Carranza,398903.768929,2714.10427347,100,5
2374.0,"19.4560013489,-99.1170862076",Muy Alto,Venustiano Carranza,171940.198341,1695.34237379,100,5
2379.0,"19.4105844887,-99.0861002706",Muy Alto,Venustiano Carranza,179734.495055,1879.79695996,100,5
2398.0,"19.4046145604,-99.1856632568",Alto,Miguel Hidalgo,181505.888648,2537.94727912,73 a 99,4
2404.0,"19.4403633212,-99.0789413609",Muy Alto,Venustiano Carranza,155063.979329,1709.36365572,100,5
2411.0,"19.4655949934,-99.2034326381",Alto,Miguel Hidalgo,985229.051353,6660.54486505,73 a 99,4
2438.0,"19.2776941468,-99.0216250339",Muy Bajo,Tláhuac,5771468.26455,15412.7386549,0 a 25,1
2450.0,"19.1931129751,-99.2596086002",Muy Bajo,Tlalpan,69078847.9315,45392.6257029,0 a 25,1
2451.0,"19.2092634214,-99.1772568303",Muy Bajo,Tlalpan,18099483.4295,41596.906331,0 a 25,1
2053.0,"19.4622236382,-99.1461083521",Medio,Cuauhtémoc,186236.114436,2101.00153735,50 a 72,3
2060.0,"19.3768700782,-99.1740114585",Alto,Benito Juárez,212544.386643,2045.24124648,73 a 99,4
2064.0,"19.3602361001,-99.1681120149",Bajo,Benito Juárez,247439.435553,2567.21188637,26 a 49,2
2070.0,"19.4612432604,-99.1507680432",Muy Alto,Cuauhtémoc,253316.755159,2090.45384353,100,5
2076.0,"19.4056835995,-99.1303640399",Muy Alto,Cuauhtémoc,171282.405878,1717.20970251,100,5
2111.0,"19.4810777607,-99.0868472825",Muy Alto,Gustavo A. Madero,247781.227798,2345.21388694,100,5
2134.0,"19.4282498714,-99.1394245172",Muy Alto,Cuauhtémoc,190411.50771,1745.08446455,100,5
2178.0,"19.4531671271,-99.0835689827",Muy Alto,Gustavo A. Madero,51620.1780133,992.822498077,100,5
2192.0,"19.5508788941,-99.1371853893",Bajo,Gustavo A. Madero,477272.202136,2926.66321059,26 a 49,2
2199.0,"19.4758212603,-99.1025757607",Muy Alto,Gustavo A. Madero,635512.552723,4016.37244607,100,5
2221.0,"19.5805386274,-99.1284303673",Muy Bajo,Gustavo A. Madero,1158792.33297,6578.01337768,0 a 25,1
2222.0,"19.5789444313,-99.134421544",Muy Bajo,Gustavo A. Madero,526659.67276,3576.66499434,0 a 25,1
2223.0,"19.3779204637,-99.1239951482",Muy Alto,Iztacalco,138072.605712,1639.07432793,100,5
2224.0,"19.3840715196,-99.1323845319",Muy Alto,Iztacalco,165907.575411,1968.59707009,100,5
2231.0,"19.4091644753,-99.1527899434",Muy Alto,Cuauhtémoc,500694.053514,3466.78362885,100,5
2246.0,"19.4090401768,-99.1375996671",Muy Alto,Cuauhtémoc,116547.55693,1370.58743253,100,5
2281.0,"19.4191977778,-99.0980456473",Muy Alto,Venustiano Carranza,90359.7829511,1331.58485273,100,5
2292.0,"19.4297495341,-99.0622667392",Muy Alto,Venustiano Carranza,22976.7136455,642.569997036,100,5
2303.0,"19.4350092836,-99.0547575521",Alto,Venustiano Carranza,1100178.18601,5790.69547233,73 a 99,4
2341.0,"19.438460216,-99.2225305513",Muy Bajo,Miguel Hidalgo,847741.940407,4190.82235396,0 a 25,1
2348.0,"19.4216408054,-99.2092565391",Muy Bajo,Miguel Hidalgo,74897.6420977,1586.31231176,0 a 25,1
2394.0,"19.4209837373,-99.1521402898",Muy Alto,Cuauhtémoc,126993.507551,1440.93002873,100,5
2398.0,"19.4046145604,-99.1856632568",Alto,Miguel Hidalgo,181505.888648,2537.94727912,73 a 99,4
2416.0,"19.4494968283,-99.2025478203",Alto,Miguel Hidalgo,64305.2381182,1157.11002927,73 a 99,4
2431.0,"19.4122916257,-99.0926203696",Muy Alto,Venustiano Carranza,126300.755087,2404.49843151,100,5
2435.0,"19.0917736632,-99.1089540937",Muy Bajo,Milpa Alta,53836538.2583,35912.1564739,0 a 25,1
2442.0,"19.2306682879,-99.0161817243",Muy Bajo,Tláhuac,2607453.59975,9720.7753396,0 a 25,1
506.0,"19.378876653,-99.2119247578",Muy Bajo,Álvaro Obregón,90284.2355563,1692.45432384,0 a 25,1
529.0,"19.3525717819,-99.2192542843",Muy Bajo,Álvaro Obregón,232962.843987,2969.04677907,0 a 25,1
540.0,"19.3194544203,-99.2042383546",Muy Bajo,Álvaro Obregón,1230789.63407,5490.79134831,0 a 25,1
549.0,"19.2969269346,-98.9984809023",Muy Alto,Tláhuac,19919.9098255,664.49286573,100,5
552.0,"19.3744020694,-99.1935502054",Muy Bajo,Álvaro Obregón,150215.461589,1663.1710319,0 a 25,1
557.0,"19.3784079514,-99.2073261644",Bajo,Álvaro Obregón,202495.937829,2322.14475307,26 a 49,2
577.0,"19.1876742201,-98.9953476942",Muy Bajo,Milpa Alta,603140.916505,4022.05185297,0 a 25,1
589.0,"19.364211719,-99.1345258579",Alto,Iztapalapa,282000.563958,2981.0209019,73 a 99,4
598.0,"19.3480354545,-99.2433248837",Muy Bajo,Álvaro Obregón,983500.329596,7994.7080521,0 a 25,1
605.0,"19.203802284,-99.0299657785",Muy Bajo,Milpa Alta,177504.437985,2249.03311191,0 a 25,1
607.0,"19.3872800722,-99.0584771871",Muy Alto,Iztapalapa,139526.100174,1496.83379108,100,5
612.0,"19.3724093324,-99.053545249",Muy Alto,Iztapalapa,10199.0248905,412.510016419,100,5
623.0,"19.1979132107,-99.0291819967",Muy Bajo,Milpa Alta,997671.330751,5159.38600577,0 a 25,1
626.0,"19.3222040832,-99.244104632",Muy Bajo,La Magdalena Contreras,225285.322879,2046.61851848,0 a 25,1
640.0,"19.372302861,-99.2241496627",Muy Bajo,Álvaro Obregón,383686.236839,4061.85599243,0 a 25,1
655.0,"19.330914168,-99.0540732754",Muy Alto,Iztapalapa,144659.980057,1766.23612643,100,5
697.0,"19.3407681518,-98.9826752599",Muy Bajo,Iztapalapa,158206.605046,2226.27823515,0 a 25,1
718.0,"19.349703662,-99.1021392784",Alto,Iztapalapa,173149.981902,2113.60546607,73 a 99,4
723.0,"19.326657979,-99.0996014872",Alto,Iztapalapa,631901.635906,4068.27421939,73 a 99,4
735.0,"19.3269944607,-99.0197103832",Muy Bajo,Iztapalapa,126010.802268,1576.55303759,0 a 25,1
752.0,"19.3017363761,-99.0714475017",Muy Alto,Iztapalapa,225488.858073,2113.09458281,100,5
755.0,"19.3738300769,-99.0079140803",Muy Alto,Iztapalapa,50342.6152522,904.524408167,100,5
757.0,"19.3754920623,-99.0071776398",Alto,Iztapalapa,51391.2123648,907.046821146,73 a 99,4
769.0,"19.3162768206,-99.0910523881",Muy Alto,Iztapalapa,103017.373973,1649.85742799,100,5
772.0,"19.3929237547,-99.0635932445",Muy Alto,Iztacalco,244730.486257,2069.48630704,100,5
809.0,"19.3006706983,-99.0656845916",Muy Alto,Iztapalapa,132438.068496,1620.00526738,100,5
825.0,"19.359713645,-99.1126636533",Muy Alto,Iztapalapa,263600.343771,2128.49323174,100,5
840.0,"19.3972038692,-99.0534793205",Alto,Iztapalapa,333356.261299,2850.71765553,73 a 99,4
841.0,"19.3101731128,-99.0614018041",Muy Alto,Iztapalapa,1059000.04945,4776.15366642,100,5
857.0,"19.3613715385,-99.0731243865",Muy Alto,Iztapalapa,387899.453161,2947.11914408,100,5
908.0,"19.3329194935,-99.0871765833",Muy Bajo,Iztapalapa,65444.9606005,1050.90178814,0 a 25,1
923.0,"19.3393242536,-98.9873477223",Muy Bajo,Iztapalapa,156819.101603,1880.14292193,0 a 25,1
927.0,"19.2923646528,-99.0688584912",Muy Alto,Iztapalapa,105373.548631,1634.26987895,100,5
936.0,"19.3786515614,-99.1171480576",Muy Alto,Iztapalapa,211758.565895,2374.09678558,100,5
937.0,"19.3790713165,-99.1105367801",Muy Alto,Iztapalapa,284639.410503,2326.98854685,100,5
939.0,"19.3516335188,-99.0010951352",Muy Bajo,Iztapalapa,279964.345165,2441.44152191,0 a 25,1
953.0,"19.3059696119,-99.0808447841",Muy Alto,Iztapalapa,148139.53938,1565.43095693,100,5
962.0,"19.3487238698,-99.0088777386",Muy Bajo,Iztapalapa,211894.609043,2028.1937135,0 a 25,1
524.0,"19.3088513603,-99.2722968729",Muy Bajo,Álvaro Obregón,505817.659263,4356.23753516,0 a 25,1
534.0,"19.2879471015,-99.0602506623",Muy Alto,Tláhuac,191438.565698,2535.44839575,100,5
556.0,"19.2865415602,-99.0621042991",Muy Alto,Tláhuac,254558.633687,2929.84703339,100,5
579.0,"19.3381742819,-99.0201675836",Muy Bajo,Iztapalapa,163953.294022,2216.65383176,0 a 25,1
597.0,"19.3316733318,-98.9844873951",Muy Bajo,Iztapalapa,1163253.99075,5065.35970037,0 a 25,1
605.0,"19.203802284,-99.0299657785",Muy Bajo,Milpa Alta,177504.437985,2249.03311191,0 a 25,1
632.0,"19.3697115822,-99.0756733466",Muy Alto,Iztapalapa,302939.206965,2727.18904858,100,5
647.0,"19.3607839398,-99.1267041068",Muy Alto,Iztapalapa,139835.478296,2346.50490577,100,5
675.0,"19.3795626346,-99.0847729499",Muy Alto,Iztapalapa,981506.159824,5933.16449313,100,5
685.0,"19.4108554501,-99.0664314109",Muy Alto,Iztacalco,251552.447698,2551.71891237,100,5
708.0,"19.3347125548,-99.0387307355",Muy Alto,Iztapalapa,257555.591164,3007.60628405,100,5
731.0,"19.3459248034,-99.0590646906",Muy Alto,Iztapalapa,161047.068854,1717.23741768,100,5
746.0,"19.4558741922,-99.0828893863",Muy Alto,Gustavo A. Madero,189643.216346,1850.02068422,100,5
759.0,"19.3841922979,-99.0854234897",Muy Alto,Iztapalapa,145820.664994,1534.96760489,100,5
769.0,"19.3162768206,-99.0910523881",Muy Alto,Iztapalapa,103017.373973,1649.85742799,100,5
773.0,"19.3789038379,-99.1269985213",Muy Alto,Iztacalco,142222.339098,2110.29535343,100,5
790.0,"19.3729823402,-99.0550439581",Muy Alto,Iztapalapa,10687.7948629,421.310261815,100,5
791.0,"19.3823495342,-99.0702661962",Muy Alto,Iztapalapa,365979.023644,2980.95478425,100,5
793.0,"19.3276668657,-99.0520583279",Muy Alto,Iztapalapa,81617.2966013,1710.76131182,100,5
795.0,"19.333969597,-99.0446893393",Muy Alto,Iztapalapa,310852.897308,2609.95590134,100,5
810.0,"19.304653196,-99.0657855819",Muy Alto,Iztapalapa,151458.098545,1638.40291498,100,5
817.0,"19.3628767409,-99.2270030874",Muy Bajo,Álvaro Obregón,251046.580885,3065.23011904,0 a 25,1
829.0,"19.3916154282,-99.0964548089",Muy Alto,Iztacalco,88776.0916263,1358.10310392,100,5
834.0,"19.3304549227,-99.0851230573",Medio,Iztapalapa,132262.971729,1809.75287916,50 a 72,3
843.0,"19.3781329188,-99.0491132928",Muy Alto,Iztapalapa,19395.3295457,664.816032832,100,5
853.0,"19.3739629919,-99.0288813783",Alto,Iztapalapa,202339.93361,2133.35211353,73 a 99,4
863.0,"19.3387239165,-99.0118651775",Muy Bajo,Iztapalapa,169236.904938,3173.72158508,0 a 25,1
874.0,"19.3788807765,-99.057615459",Muy Alto,Iztapalapa,334787.926904,3578.80978286,100,5
912.0,"19.3307884004,-99.0680271467",Muy Alto,Iztapalapa,185360.217494,1789.10904486,100,5
940.0,"19.3532065298,-99.0085640815",Medio,Iztapalapa,247835.317358,2932.50107006,50 a 72,3
942.0,"19.344793619,-98.9935595499",Muy Bajo,Iztapalapa,176340.918546,2083.21751468,0 a 25,1
943.0,"19.3429606635,-98.9967025827",Muy Bajo,Iztapalapa,194394.990563,1951.73451062,0 a 25,1
988.0,"19.3251115122,-99.0615113111",Muy Alto,Iztapalapa,60734.8942552,1004.6777385,100,5
989.0,"19.3316692341,-99.0636281599",Muy Alto,Iztapalapa,86151.3819719,1230.72993154,100,5
4.0,"19.2602911822,-99.0976968264",Muy Alto,Xochimilco,193874.809681,1969.92474162,100,5
23.0,"19.304210835,-99.2298105415",Muy Bajo,Tlalpan,223769.953534,2124.38614637,0 a 25,1
33.0,"19.3746769444,-99.143093963",Muy Alto,Benito Juárez,355898.042513,2564.9726072,100,5
44.0,"19.2451177901,-99.0646585465",Muy Bajo,Xochimilco,2168685.34872,10008.7827885,0 a 25,1
71.0,"19.3756250638,-99.138122768",Muy Alto,Benito Juárez,150758.261393,1653.11273133,100,5
79.0,"19.3803061077,-99.1680075816",Muy Alto,Benito Juárez,295591.305144,2266.4944963,100,5
128.0,"19.3919527231,-99.2028698942",Muy Bajo,Álvaro Obregón,215042.744275,2417.46344422,0 a 25,1
145.0,"19.2782899292,-99.1205639749",Muy Alto,Xochimilco,264513.864057,2555.45927948,100,5
150.0,"19.2834636437,-99.1040373012",Alto,Xochimilco,935238.295728,6527.15373323,73 a 99,4
162.0,"19.2547992126,-99.1199643562",Muy Alto,Xochimilco,217762.817735,2449.81808933,100,5
171.0,"19.3809291203,-99.2457600646",Muy Bajo,Álvaro Obregón,239524.674138,2435.14987838,0 a 25,1
181.0,"19.2569934059,-99.1020040452",Muy Alto,Xochimilco,230192.837266,1986.28336537,100,5
188.0,"19.284053003,-99.1996374836",Bajo,Tlalpan,364991.748111,2774.19601166,26 a 49,2
193.0,"19.2761258887,-99.2228250533",Bajo,Tlalpan,300070.326627,2687.38841029,26 a 49,2
206.0,"19.2990461165,-99.1329720872",Muy Alto,Tlalpan,254362.272467,2125.72125509,100,5
219.0,"19.2490598024,-99.1634008697",Muy Bajo,Tlalpan,502191.819873,3813.51705061,0 a 25,1
235.0,"19.3610554447,-99.2491332123",Muy Bajo,Álvaro Obregón,228192.930272,3532.55719424,0 a 25,1
248.0,"19.3025862964,-99.0470818801",Muy Alto,Tláhuac,311177.730683,3053.04193875,100,5
254.0,"19.3069701351,-99.0554872813",Alto,Tláhuac,360981.25543,2723.3665586,73 a 99,4
291.0,"19.3846282449,-99.2242153571",Muy Bajo,Álvaro Obregón,129319.922846,3016.60179903,0 a 25,1
319.0,"19.3569114404,-99.2558359239",Muy Bajo,Álvaro Obregón,144302.909556,1895.6266567,0 a 25,1
349.0,"19.3700955438,-99.2104507881",Muy Bajo,Álvaro Obregón,101160.5555,1915.70217773,0 a 25,1
358.0,"19.3086381339,-98.9710234645",Alto,Tláhuac,727304.306172,5209.40077115,73 a 99,4
362.0,"19.3591762607,-99.1038076435",Muy Alto,Iztapalapa,326328.856434,2910.43266327,100,5
380.0,"19.3888238491,-99.197931602",Muy Bajo,Álvaro Obregón,238593.916537,2290.21677401,0 a 25,1
381.0,"19.2274511999,-99.0066209381",Muy Bajo,Tláhuac,10605.4334933,442.203917665,0 a 25,1
415.0,"19.3570638922,-99.2116846028",Muy Bajo,Álvaro Obregón,127250.670344,1536.63275725,0 a 25,1
418.0,"19.342510899,-99.1972138049",Bajo,Álvaro Obregón,454167.912579,4024.45262286,26 a 49,2
435.0,"19.2835765675,-99.0381472416",Muy Alto,Tláhuac,352161.594912,2721.99800597,100,5
449.0,"19.2801146798,-99.2372223483",Muy Bajo,Tlalpan,267443.711169,2242.43505706,0 a 25,1
453.0,"19.299173463,-99.0587239766",Muy Alto,Tláhuac,375396.561298,3368.57498921,100,5
461.0,"19.3653519833,-99.1927311517",Muy Bajo,Álvaro Obregón,124864.341407,1985.8171221,0 a 25,1
492.0,"19.3314561931,-99.2400555216",Muy Bajo,Álvaro Obregón,1712700.84392,6507.0534306,0 a 25,1
1022.0,"19.2788466959,-99.1432524553",Medio,Tlalpan,220142.27131,3769.32315327,50 a 72,3
1033.0,"19.1985976368,-99.1418681178",Muy Bajo,Tlalpan,516343.839228,3931.35688164,0 a 25,1
1045.0,"19.2837588315,-99.1778089096",Muy Bajo,Tlalpan,351636.058932,2987.83999338,0 a 25,1
1081.0,"19.2404810186,-98.9948814907",Medio,Tláhuac,367762.250344,3143.85924659,50 a 72,3
1093.0,"19.4178591547,-99.0580103927",Alto,Iztacalco,285026.144896,2557.23847606,73 a 99,4
1096.0,"19.2424807721,-99.0264731095",Muy Bajo,Xochimilco,505715.375782,4825.49662948,0 a 25,1
1123.0,"19.283854993,-99.2063904891",Muy Bajo,Tlalpan,349678.917571,2865.98953184,0 a 25,1
1132.0,"19.3647021646,-99.1304494932",Muy Alto,Iztapalapa,217009.392207,1999.94351341,100,5
1145.0,"19.5011572675,-99.0984317478",Medio,Gustavo A. Madero,151439.291997,1927.06943058,50 a 72,3
1169.0,"19.3499058005,-99.077817594",Muy Alto,Iztapalapa,205354.422141,2008.48275556,100,5
1213.0,"19.402326919,-99.0694782044",Muy Alto,Iztacalco,201651.757718,2080.09967233,100,5
1289.0,"19.4602664143,-99.1738649126",Muy Alto,Azcapotzalco,447261.883433,2974.83268968,100,5
1300.0,"19.3878231139,-99.2591374096",Muy Bajo,Cuajimalpa de Morelos,951005.300916,5587.84682561,0 a 25,1
1309.0,"19.4926295395,-99.0887881851",Muy Alto,Gustavo A. Madero,257551.631151,2067.96220398,100,5
1313.0,"19.4800850732,-99.2085541568",Muy Alto,Azcapotzalco,439499.730471,3318.79874141,100,5
1373.0,"19.3175961042,-99.1479541178",Alto,Coyoacán,282602.245299,2551.22457486,73 a 99,4
1379.0,"19.3468866336,-99.3197537228",Muy Bajo,Cuajimalpa de Morelos,98264.9224604,2372.98913419,0 a 25,1
1389.0,"19.3269925324,-99.1630529617",Muy Bajo,Coyoacán,276961.843633,2317.22076171,0 a 25,1
1398.0,"19.3137286223,-99.1131606556",Muy Alto,Coyoacán,160625.212787,1637.81458236,100,5
1566.0,"19.3445608632,-99.1792877428",Muy Bajo,Coyoacán,181097.976512,2002.46365407,0 a 25,1
1570.0,"19.5000291777,-99.1871248993",Muy Alto,Azcapotzalco,676150.351185,3658.76675324,100,5
1571.0,"19.5042449272,-99.197668288",Muy Alto,Azcapotzalco,999502.238777,5803.31786755,100,5
1580.0,"19.3171887226,-99.1021870249",Muy Alto,Coyoacán,143397.709911,1518.24864506,100,5
1582.0,"19.3362229306,-99.1388712152",Muy Alto,Coyoacán,51260.917482,958.968966821,100,5
1603.0,"19.3724853838,-99.2730509453",Muy Bajo,Cuajimalpa de Morelos,1600469.9047,8772.88022643,0 a 25,1
1606.0,"19.3149913243,-99.2535731991",Muy Bajo,La Magdalena Contreras,284507.298715,2759.34171423,0 a 25,1
1607.0,"19.3113203078,-99.2496634082",Muy Bajo,La Magdalena Contreras,185663.773912,2332.65798727,0 a 25,1
1612.0,"19.3326902013,-99.2123548245",Muy Bajo,La Magdalena Contreras,70351.6539618,1152.52229598,0 a 25,1
1613.0,"19.3069493066,-99.2368557044",Muy Bajo,La Magdalena Contreras,278609.853635,2102.94122795,0 a 25,1
1691.0,"19.3572373324,-99.0255103246",Muy Alto,Iztapalapa,538378.590389,3892.57616241,100,5
1712.0,"19.3658124098,-99.0862135095",Muy Alto,Iztapalapa,684335.567231,4625.10987137,100,5
1714.0,"19.2912099839,-99.246117513",Muy Bajo,La Magdalena Contreras,918722.462322,6324.40273952,0 a 25,1
1734.0,"19.3590643858,-99.2884391483",Muy Bajo,Cuajimalpa de Morelos,734585.270628,5200.67236431,0 a 25,1
1745.0,"19.3315560975,-99.2189985628",Muy Bajo,La Magdalena Contreras,32055.2548951,836.106938454,0 a 25,1
1754.0,"19.3130469767,-99.1222375517",Muy Alto,Coyoacán,143640.043236,1806.45009277,100,5
1765.0,"19.3108474344,-99.2466145361",Muy Bajo,La Magdalena Contreras,321153.093148,3154.61735696,0 a 25,1
1790.0,"19.4346410865,-99.0907113995",Muy Alto,Venustiano Carranza,276416.586131,2285.55171179,100,5
1796.0,"19.4582996511,-99.2079956922",Alto,Miguel Hidalgo,265036.132781,2306.40726245,73 a 99,4
1798.0,"19.4491344335,-99.2129099325",Muy Bajo,Miguel Hidalgo,63466.7873366,1125.58626768,0 a 25,1
1804.0,"19.4729180579,-99.172931169",Muy Alto,Azcapotzalco,53357.8847836,1062.53824349,100,5
1829.0,"19.435980979,-99.0956056193",Muy Alto,Venustiano Carranza,132699.323249,1815.47188456,100,5
1851.0,"19.4470036704,-99.1158125338",Muy Alto,Venustiano Carranza,158063.085101,2163.83525492,100,5
1852.0,"19.4441765224,-99.1192934095",Muy Alto,Venustiano Carranza,194501.361282,2175.91222564,100,5
1861.0,"19.4287144526,-99.1938276321",Muy Bajo,Miguel Hidalgo,275779.063818,2800.64725919,0 a 25,1
1884.0,"19.4009210056,-99.1860523098",Alto,Miguel Hidalgo,194629.369608,2006.06358117,73 a 99,4
1892.0,"19.4111160823,-99.1233107638",Muy Alto,Venustiano Carranza,163730.213535,1807.59770328,100,5
1905.0,"19.4551980228,-99.1317826475",Muy Alto,Cuauhtémoc,104195.429014,1361.68714117,100,5
1910.0,"19.4047754636,-99.2160222495",Muy Bajo,Miguel Hidalgo,1390697.73962,9771.74609184,0 a 25,1
1912.0,"19.3721554593,-99.1830620782",Muy Bajo,Benito Juárez,415084.3627,2779.03985815,0 a 25,1
1967.0,"19.4489520796,-99.1977900113",Muy Alto,Miguel Hidalgo,140205.028073,1704.14935659,100,5
1970.0,"19.4084338369,-99.1657330616",Muy Alto,Cuauhtémoc,242194.762854,2080.9362488,100,5
2024.0,"19.5165285785,-99.1296498649",Muy Alto,Gustavo A. Madero,258225.342165,2474.23686437,100,5
2063.0,"19.3751647154,-99.1692827113",Muy Alto,Benito Juárez,277193.401688,2499.60585822,100,5
2107.0,"19.5101762935,-99.0998092262",Alto,Gustavo A. Madero,122457.297731,1864.36169149,73 a 99,4
2109.0,"19.4495648374,-99.0646524771",Muy Alto,Gustavo A. Madero,194660.23424,1791.40742624,100,5
2123.0,"19.5053127548,-99.0952811139",Muy Alto,Gustavo A. Madero,154335.730527,1809.41754604,100,5
2127.0,"19.4030403112,-99.0646291945",Muy Alto,Iztacalco,318082.548505,3365.65613527,100,5
2138.0,"19.4730892083,-99.1421035292",Muy Alto,Gustavo A. Madero,248465.238897,2734.21887611,100,5
2143.0,"19.4756276503,-99.0749941178",Muy Alto,Gustavo A. Madero,570674.121931,3137.28737446,100,5
2150.0,"19.4869733982,-99.1279692604",Muy Alto,Gustavo A. Madero,254872.505711,2244.3764018,100,5
2195.0,"19.5344216254,-99.153431264",Alto,Gustavo A. Madero,732732.813014,3604.1598819,73 a 99,4
2198.0,"19.5314682326,-99.147785726",Muy Alto,Gustavo A. Madero,129582.12434,1647.66423711,100,5
2211.0,"19.5724863359,-99.1267640415",Muy Bajo,Gustavo A. Madero,411776.926443,3087.54977972,0 a 25,1
2222.0,"19.5789444313,-99.134421544",Muy Bajo,Gustavo A. Madero,526659.67276,3576.66499434,0 a 25,1
2241.0,"19.40083572,-99.13336069",Muy Alto,Iztacalco,319321.713942,2591.14831448,100,5
2246.0,"19.4090401768,-99.1375996671",Muy Alto,Cuauhtémoc,116547.55693,1370.58743253,100,5
2263.0,"19.4350309612,-99.2182669185",Muy Bajo,Miguel Hidalgo,165851.15957,1797.37263527,0 a 25,1
2268.0,"19.4125984747,-99.0767987891",Muy Alto,Venustiano Carranza,215958.145317,2229.09618689,100,5
2309.0,"19.4115292337,-99.1261562644",Muy Alto,Venustiano Carranza,152108.545553,1736.92266586,100,5
2321.0,"19.4228044503,-99.1046561405",Muy Alto,Venustiano Carranza,133554.285637,1776.96201998,100,5
2388.0,"19.4504614117,-99.1060860893",Muy Alto,Venustiano Carranza,175573.398831,1973.90989337,100,5
2415.0,"19.4257090764,-99.112496527",Muy Alto,Venustiano Carranza,64271.5256636,1074.53438293,100,5
2423.0,"19.4270394124,-99.0609293539",Muy Alto,Venustiano Carranza,78932.4626613,1837.861605,100,5
2425.0,"19.4459550832,-99.0910792047",Muy Alto,Venustiano Carranza,151912.617659,1803.49500297,100,5
2439.0,"19.2185582633,-98.955986568",Alto,Tláhuac,2403593.89981,9892.09745242,73 a 99,4
3.0,"19.2540154821,-99.0819021436",Muy Alto,Xochimilco,284427.61082,2494.07565884,100,5
13.0,"19.3990235697,-99.1414032444",Muy Alto,Benito Juárez,280083.797472,2381.63219312,100,5
65.0,"19.3949045474,-99.1401205839",Muy Alto,Benito Juárez,251972.246046,2014.15273957,100,5
75.0,"19.3944492465,-99.1842190635",Alto,Benito Juárez,369566.383733,2966.4693846,73 a 99,4
79.0,"19.3803061077,-99.1680075816",Muy Alto,Benito Juárez,295591.305144,2266.4944963,100,5
113.0,"19.2689923723,-99.1193869687",Muy Alto,Xochimilco,286622.020527,2508.63182814,100,5
119.0,"19.3898319121,-99.1402473794",Muy Alto,Benito Juárez,210089.054855,2033.86599869,100,5
120.0,"19.2895747886,-99.1491818002",Muy Alto,Tlalpan,122714.129455,1517.02558888,100,5
123.0,"19.3975166578,-99.2039352106",Muy Bajo,Álvaro Obregón,288017.170839,3017.86135664,0 a 25,1
156.0,"19.2922501665,-99.128459787",Muy Alto,Tlalpan,150983.631426,1675.62380536,100,5
203.0,"19.2489532767,-99.0966847121",Alto,Xochimilco,388138.674091,4336.41617023,73 a 99,4
214.0,"19.2333872276,-99.1055159437",Muy Bajo,Xochimilco,1167978.68424,6886.84272289,0 a 25,1
216.0,"19.2218087502,-99.0942134703",Muy Bajo,Xochimilco,435771.803031,3031.47380134,0 a 25,1
219.0,"19.2490598024,-99.1634008697",Muy Bajo,Tlalpan,502191.819873,3813.51705061,0 a 25,1
224.0,"19.2654037806,-99.0096672953",Muy Alto,Tláhuac,702564.897088,5337.89470265,100,5
227.0,"19.21178195,-98.9692153074",Alto,Tláhuac,64184.525533,1175.48787323,73 a 99,4
255.0,"19.2752554444,-98.9943823587",Muy Alto,Tláhuac,153875.666013,1582.33271795,100,5
265.0,"19.3694919048,-99.1966547025",Muy Bajo,Álvaro Obregón,22299.4286933,831.986232538,0 a 25,1
270.0,"19.3257800334,-99.2310773043",Muy Bajo,La Magdalena Contreras,855615.41504,4611.94845126,0 a 25,1
282.0,"19.2889729775,-99.1202349222",Muy Alto,Tlalpan,181166.946451,2216.92777896,100,5
292.0,"19.3505024802,-99.2043955998",Muy Bajo,Álvaro Obregón,378535.385501,3986.98516717,0 a 25,1
304.0,"19.2307094091,-99.0007991049",Muy Bajo,Tláhuac,874968.655628,5029.21481605,0 a 25,1
332.0,"19.2867110593,-99.1265265111",Muy Alto,Tlalpan,118987.35564,1929.55066598,100,5
343.0,"19.3586707712,-99.0701804457",Muy Alto,Iztapalapa,273396.42424,2283.13738397,100,5
372.0,"19.2454849491,-99.0291016836",Muy Bajo,Xochimilco,197026.352704,2148.96761965,0 a 25,1
384.0,"19.2254938616,-98.9559498181",Alto,Tláhuac,939201.120923,4835.77907423,73 a 99,4
386.0,"19.2995617411,-99.1882227381",Muy Bajo,Tlalpan,106374.49233,1558.32136758,0 a 25,1
390.0,"19.2477677093,-99.1273878568",Muy Bajo,Xochimilco,707026.960315,5303.4964614,0 a 25,1
396.0,"19.2800438069,-99.0539605704",Muy Alto,Tláhuac,160083.025209,1994.11551755,100,5
400.0,"19.3602164821,-99.2576278733",Muy Bajo,Álvaro Obregón,229871.069108,2541.08864715,0 a 25,1
404.0,"19.2674195302,-99.1783097135",Muy Bajo,Tlalpan,402681.105274,5442.10111714,0 a 25,1
411.0,"19.2884168792,-99.03269649",Medio,Tláhuac,256316.43738,2238.40476776,50 a 72,3
427.0,"19.2916287089,-99.1348831155",Muy Alto,Tlalpan,377833.698128,3070.06071158,100,5
443.0,"19.321990353,-99.2602875799",Muy Bajo,Álvaro Obregón,266729.937349,2687.5442866,0 a 25,1
458.0,"19.3754564494,-99.2250747028",Muy Bajo,Álvaro Obregón,214278.714237,2682.52082823,0 a 25,1
461.0,"19.3653519833,-99.1927311517",Muy Bajo,Álvaro Obregón,124864.341407,1985.8171221,0 a 25,1
477.0,"19.3345703093,-99.2616864529",Muy Bajo,Álvaro Obregón,1617444.24237,7306.8312354,0 a 25,1
15.0,"19.3832538664,-99.1545055516",Muy Alto,Benito Juárez,270983.809075,2221.06343784,100,5
22.0,"19.2474326506,-99.0175796705",Muy Bajo,Xochimilco,837259.010624,5699.03366776,0 a 25,1
27.0,"19.2781739187,-99.1299981341",Muy Alto,Xochimilco,263083.523396,2284.84026444,100,5
46.0,"19.2699911115,-99.0955008857",Alto,Xochimilco,784226.60891,4335.88259117,73 a 99,4
73.0,"19.3814421961,-99.1899625607",Muy Bajo,Benito Juárez,221730.769042,2131.30619073,0 a 25,1
101.0,"19.3980046949,-99.167695161",Muy Alto,Benito Juárez,237018.477974,2197.38246564,100,5
132.0,"19.2401577025,-99.1166079997",Muy Bajo,Xochimilco,463986.937389,3070.65395958,0 a 25,1
151.0,"19.2791954439,-99.0032555606",Muy Alto,Tláhuac,183862.44737,1989.47184989,100,5
169.0,"19.3831633753,-99.2394784288",Muy Bajo,Álvaro Obregón,177145.186868,2459.39662498,0 a 25,1
184.0,"19.2487149547,-99.1166710538",Alto,Xochimilco,337318.910322,2712.15022522,73 a 99,4
185.0,"19.2451766274,-99.1202615955",Bajo,Xochimilco,617439.614417,4169.3219367,26 a 49,2
200.0,"19.2320356562,-99.113395823",Muy Bajo,Xochimilco,134160.399339,1867.53673753,0 a 25,1
208.0,"19.2972980117,-99.1179093656",Muy Alto,Tlalpan,84076.5868074,1266.6502679,100,5
227.0,"19.21178195,-98.9692153074",Alto,Tláhuac,64184.525533,1175.48787323,73 a 99,4
236.0,"19.282120185,-99.1302810922",Muy Alto,Xochimilco,442805.298221,3637.4881657,100,5
241.0,"19.3727984563,-99.245440975",Muy Bajo,Álvaro Obregón,732656.181203,5727.03752121,0 a 25,1
267.0,"19.3994109598,-99.2076457874",Muy Bajo,Álvaro Obregón,316451.510592,2644.49936024,0 a 25,1
271.0,"19.3805931863,-99.0354279835",Muy Alto,Iztapalapa,43090.810177,1270.4861458,100,5
277.0,"19.2544713733,-99.199892428",Muy Bajo,Tlalpan,971565.804692,6539.37828186,0 a 25,1
285.0,"19.3272582412,-99.2170613692",Muy Bajo,La Magdalena Contreras,901540.804721,4909.72005768,0 a 25,1
292.0,"19.3505024802,-99.2043955998",Muy Bajo,Álvaro Obregón,378535.385501,3986.98516717,0 a 25,1
298.0,"19.2556938009,-99.0020196515",Muy Alto,Tláhuac,830537.903291,6182.77097624,100,5
308.0,"19.358863821,-99.2065987584",Muy Bajo,Álvaro Obregón,265339.857021,2586.87918376,0 a 25,1
321.0,"19.2915100616,-99.0327896643",Muy Alto,Tláhuac,268559.070515,2410.96306431,100,5
323.0,"19.2771922614,-99.028409051",Bajo,Tláhuac,355850.190015,2734.1363449,26 a 49,2
328.0,"19.2782865605,-98.993918721",Alto,Tláhuac,147841.797564,1552.05393725,73 a 99,4
344.0,"19.3547428153,-99.0559061958",Muy Alto,Iztapalapa,305602.150861,2224.12088972,100,5
359.0,"19.3198202362,-98.9695136277",Muy Bajo,Tláhuac,31210.3144199,716.710830076,0 a 25,1
365.0,"19.3286504544,-99.0848408645",Alto,Iztapalapa,96582.024615,1401.28400279,73 a 99,4
383.0,"19.2284921231,-98.9668113753",Alto,Tláhuac,529313.226844,3225.72333375,73 a 99,4
393.0,"19.3271879291,-99.2871996906",Muy Bajo,Álvaro Obregón,675275.365837,4169.2481639,0 a 25,1
403.0,"19.2703936016,-99.1659508925",Muy Bajo,Tlalpan,500250.11569,3666.57783833,0 a 25,1
406.0,"19.3905679624,-99.2124162343",Muy Bajo,Álvaro Obregón,168187.658251,1656.41636967,0 a 25,1
425.0,"19.2954956513,-99.1163100786",Muy Alto,Tlalpan,74594.4292317,1271.09877707,100,5
464.0,"19.2507580755,-99.1885065722",Muy Bajo,Tlalpan,1349989.24715,6352.24485972,0 a 25,1
465.0,"19.2728977226,-99.1860205808",Muy Bajo,Tlalpan,288722.801852,2668.71942538,0 a 25,1
479.0,"19.3733034659,-99.1974217299",Muy Bajo,Álvaro Obregón,144042.059677,1770.38468718,0 a 25,1
507.0,"19.3936741296,-99.2128297207",Muy Bajo,Álvaro Obregón,184801.401196,2062.48532627,0 a 25,1
512.0,"19.2814953935,-99.0574180346",Muy Alto,Tláhuac,92600.6286474,1287.88209173,100,5
526.0,"19.3541250064,-99.1878410035",Muy Bajo,Álvaro Obregón,471571.712429,2983.04884586,0 a 25,1
531.0,"19.3050023813,-99.0389640522",Muy Alto,Tláhuac,124019.557952,1551.44067142,100,5
556.0,"19.2865415602,-99.0621042991",Muy Alto,Tláhuac,254558.633687,2929.84703339,100,5
569.0,"19.3217182988,-99.0502309094",Alto,Iztapalapa,259239.102329,2554.28798699,73 a 99,4
575.0,"19.1814703942,-99.0690183778",Muy Bajo,Milpa Alta,948703.500206,5433.29572482,0 a 25,1
592.0,"19.3643942537,-99.0518120576",Muy Alto,Iztapalapa,301077.759453,3063.07579422,100,5
609.0,"19.378955595,-99.0636993863",Muy Alto,Iztapalapa,408160.418819,2773.09566317,100,5
616.0,"19.3363185544,-98.9785132223",Muy Bajo,Iztapalapa,205125.913761,2147.37545953,0 a 25,1
642.0,"19.306009675,-99.2457621714",Muy Bajo,La Magdalena Contreras,502669.11977,3918.18636412,0 a 25,1
648.0,"19.3664442791,-99.1253656681",Muy Alto,Iztapalapa,78403.1259321,1267.34653115,100,5
651.0,"19.3310951449,-99.0017766184",Muy Bajo,Iztapalapa,971971.084513,5388.48346972,0 a 25,1
662.0,"19.317394199,-99.2281688318",Muy Bajo,La Magdalena Contreras,171312.485674,1839.33318595,0 a 25,1
669.0,"19.3680563408,-98.9951251753",Alto,Iztapalapa,155891.628492,1790.3669898,73 a 99,4
684.0,"19.3395809653,-99.0460136051",Muy Alto,Iztapalapa,256489.991058,2624.69656179,100,5
688.0,"19.4012371864,-99.0805296285",Muy Alto,Iztacalco,151066.402565,1789.34059607,100,5
699.0,"19.349414243,-98.9904597183",Muy Bajo,Iztapalapa,160459.33896,2526.76379594,0 a 25,1
708.0,"19.3347125548,-99.0387307355",Muy Alto,Iztapalapa,257555.591164,3007.60628405,100,5
721.0,"19.3855454619,-99.0938521291",Muy Alto,Iztacalco,117736.719373,1535.07586432,100,5
729.0,"19.3286106475,-99.1043735469",Alto,Iztapalapa,243603.203919,2177.95580336,73 a 99,4
746.0,"19.4558741922,-99.0828893863",Muy Alto,Gustavo A. Madero,189643.216346,1850.02068422,100,5
759.0,"19.3841922979,-99.0854234897",Muy Alto,Iztapalapa,145820.664994,1534.96760489,100,5
763.0,"19.3668645025,-99.0683113239",Muy Alto,Iztapalapa,385247.89554,3261.50961837,100,5
768.0,"19.3193501423,-99.0906502945",Muy Alto,Iztapalapa,238184.62243,2019.39393514,100,5
800.0,"19.3608040078,-99.2163853369",Muy Bajo,Álvaro Obregón,598161.015754,5980.51004909,0 a 25,1
807.0,"19.2874611068,-99.0689548188",Muy Alto,Iztapalapa,91482.9310604,1348.49663401,100,5
831.0,"19.4165483728,-99.0629907556",Muy Alto,Iztacalco,213692.529515,2581.48951491,100,5
832.0,"19.3165015903,-99.2453978314",Muy Bajo,La Magdalena Contreras,226996.800246,2207.19928666,0 a 25,1
865.0,"19.3109881499,-99.0899412391",Muy Alto,Iztapalapa,27155.7556251,1161.91782732,100,5
868.0,"19.3158892275,-99.0867548378",Muy Alto,Iztapalapa,75159.5118861,1214.63019002,100,5
870.0,"19.3742622158,-99.0517344599",Muy Alto,Iztapalapa,24775.934705,734.46782124,100,5
899.0,"19.3937017385,-99.0465685269",Muy Alto,Iztapalapa,212468.707178,1888.85314374,100,5
903.0,"19.310513647,-99.0846396212",Muy Alto,Iztapalapa,58061.5877698,1364.77379951,100,5
904.0,"19.3088972375,-99.0732813308",Muy Alto,Iztapalapa,266659.034212,2273.82035904,100,5
912.0,"19.3307884004,-99.0680271467",Muy Alto,Iztapalapa,185360.217494,1789.10904486,100,5
952.0,"19.3423481844,-99.1058065851",Alto,Iztapalapa,179264.724522,2643.21174473,73 a 99,4
981.0,"19.343555147,-99.0040733943",Muy Bajo,Iztapalapa,168636.212874,2053.18675584,0 a 25,1
507.0,"19.3936741296,-99.2128297207",Muy Bajo,Álvaro Obregón,184801.401196,2062.48532627,0 a 25,1
508.0,"19.3192850812,-99.2873524109",Muy Bajo,Álvaro Obregón,1431617.64619,9165.70556136,0 a 25,1
513.0,"19.2859999196,-99.0525064312",Muy Alto,Tláhuac,155465.915057,1551.23123396,100,5
541.0,"19.3597054856,-99.2364945083",Muy Bajo,Álvaro Obregón,322906.174802,3174.79397823,0 a 25,1
555.0,"19.2562576527,-99.007562433",Muy Alto,Tláhuac,416646.023024,2646.51548812,100,5
560.0,"19.2554012069,-99.1786564653",Muy Bajo,Tlalpan,597934.742818,4752.19807696,0 a 25,1
567.0,"19.3966279547,-99.11707721",Muy Alto,Iztacalco,191555.897365,1825.03675365,100,5
575.0,"19.1814703942,-99.0690183778",Muy Bajo,Milpa Alta,948703.500206,5433.29572482,0 a 25,1
599.0,"19.3523839027,-99.241269304",Muy Bajo,Álvaro Obregón,221524.461745,2328.76205787,0 a 25,1
612.0,"19.3724093324,-99.053545249",Muy Alto,Iztapalapa,10199.0248905,412.510016419,100,5
613.0,"19.3387198679,-99.0083817037",Muy Bajo,Iztapalapa,229725.546026,2657.25910981,0 a 25,1
617.0,"19.3379386352,-98.9847889111",Muy Bajo,Iztapalapa,126343.571231,1609.44865171,0 a 25,1
621.0,"19.3654229335,-99.207893495",Muy Bajo,Álvaro Obregón,356321.77185,4696.97643249,0 a 25,1
638.0,"19.3663228887,-99.1980554675",Bajo,Álvaro Obregón,34236.574748,1254.55748086,26 a 49,2
639.0,"19.3670712295,-99.1928823107",Bajo,Álvaro Obregón,59298.7512114,1769.00184427,26 a 49,2
651.0,"19.3310951449,-99.0017766184",Muy Bajo,Iztapalapa,971971.084513,5388.48346972,0 a 25,1
683.0,"19.3523624637,-99.032019888",Muy Alto,Iztapalapa,556893.068241,3586.21589,100,5
684.0,"19.3395809653,-99.0460136051",Muy Alto,Iztapalapa,256489.991058,2624.69656179,100,5
705.0,"19.3711591949,-99.1063567028",Muy Alto,Iztapalapa,154644.966424,1579.5332765,100,5
715.0,"19.3621973948,-99.0944014167",Muy Alto,Iztapalapa,420708.472102,4868.60210949,100,5
735.0,"19.3269944607,-99.0197103832",Muy Bajo,Iztapalapa,126010.802268,1576.55303759,0 a 25,1
737.0,"19.3370621693,-99.0551612994",Muy Alto,Iztapalapa,143774.962951,1768.7517002,100,5
742.0,"19.4085177801,-99.0620268027",Muy Alto,Iztacalco,265676.747231,3135.25203678,100,5
748.0,"19.2972676651,-99.064965395",Muy Alto,Iztapalapa,97265.112044,1344.21992475,100,5
758.0,"19.3877260205,-99.085500147",Muy Alto,Iztapalapa,129865.659593,1639.41020787,100,5
771.0,"19.389014161,-99.0611358591",Muy Alto,Iztacalco,47942.2305424,889.566143378,100,5
780.0,"19.3853157725,-99.0455200529",Muy Alto,Iztapalapa,167274.28148,1761.83081086,100,5
785.0,"19.3489519098,-98.9881366067",Muy Bajo,Iztapalapa,177688.98031,2384.22297143,0 a 25,1
788.0,"19.3869965887,-99.0825090796",Muy Alto,Iztapalapa,114338.055508,1398.28730937,100,5
806.0,"19.3905007949,-99.1026163568",Muy Alto,Iztacalco,60161.533644,1145.74712882,100,5
826.0,"19.468277881,-99.0761295571",Muy Alto,Gustavo A. Madero,292629.511529,2419.92902073,100,5
847.0,"19.3732348864,-99.0540673121",Muy Alto,Iztapalapa,21676.2641696,680.388903367,100,5
866.0,"19.3125620227,-99.0909887183",Muy Alto,Iztapalapa,82203.6636479,2041.38613769,100,5
867.0,"19.3186413541,-99.0858034644",Muy Alto,Iztapalapa,196949.124769,1914.64204468,100,5
875.0,"19.3316237361,-99.0892253687",Muy Bajo,Iztapalapa,198098.040003,2840.3913737,0 a 25,1
878.0,"19.3545306547,-99.0950349556",Bajo,Iztapalapa,279580.887017,2913.63792957,26 a 49,2
895.0,"19.3288934357,-99.0344088057",Muy Bajo,Iztapalapa,243214.822681,2584.18299234,0 a 25,1
920.0,"19.3385705463,-99.0144308997",Muy Bajo,Iztapalapa,155597.196782,2566.17883655,0 a 25,1
921.0,"19.3568718034,-98.9959095424",Alto,Iztapalapa,374380.378124,2889.00105061,73 a 99,4
951.0,"19.3399289419,-99.1023994121",Muy Bajo,Iztapalapa,164081.177641,2037.97789463,0 a 25,1
980.0,"19.3534836222,-99.0041694617",Bajo,Iztapalapa,341103.558423,3928.14368723,26 a 49,2
982.0,"19.347570685,-98.9928369521",Muy Bajo,Iztapalapa,195689.292651,2470.96030288,0 a 25,1
999.0,"19.284944648,-99.1820430476",Muy Bajo,Tlalpan,499539.78103,4332.55067829,0 a 25,1
1502.0,"19.5061618036,-99.1047492201",Muy Bajo,Gustavo A. Madero,200835.070626,2098.86988892,0 a 25,1
1518.0,"19.5154151305,-99.1338671547",Muy Alto,Gustavo A. Madero,215525.123862,2166.74757866,100,5
1519.0,"19.5194271681,-99.1348048593",Alto,Gustavo A. Madero,526878.242237,4613.15307859,73 a 99,4
1521.0,"19.3253527898,-99.1332489676",Muy Alto,Coyoacán,387133.344564,2793.77649023,100,5
1525.0,"19.3118947336,-99.1097296031",Muy Alto,Coyoacán,342856.832298,2730.59975754,100,5
1546.0,"19.3461983517,-99.1253864242",Muy Alto,Coyoacán,364326.504922,3373.01232988,100,5
1569.0,"19.5061560879,-99.1836777229",Alto,Azcapotzalco,667592.903142,5026.60828906,73 a 99,4
1572.0,"19.5130115574,-99.2059655969",Alto,Azcapotzalco,164250.261074,1800.99093464,73 a 99,4
1586.0,"19.4742421748,-99.1931348097",Muy Alto,Azcapotzalco,434150.264669,2630.5573022,100,5
1618.0,"19.3158252454,-99.2608975266",Muy Bajo,La Magdalena Contreras,530749.856869,3673.47446166,0 a 25,1
1629.0,"19.3573496042,-99.0120726647",Muy Alto,Iztapalapa,543069.087847,2907.95610349,100,5
1658.0,"19.3694091288,-99.0356909618",Muy Alto,Iztapalapa,14962.4768764,488.305619061,100,5
1692.0,"19.3704625469,-99.0328806982",Muy Alto,Iztapalapa,92325.9000647,1259.47182311,100,5
1721.0,"19.3050761855,-99.1583995393",Medio,Coyoacán,351149.24641,2860.79121591,50 a 72,3
1749.0,"19.2021581154,-99.0573620758",Muy Bajo,Milpa Alta,23569.0846812,853.929540165,0 a 25,1
1752.0,"19.3189412623,-99.1207925979",Muy Alto,Coyoacán,768793.8636,5509.34710018,100,5
1756.0,"19.3705987171,-99.2810070739",Muy Bajo,Cuajimalpa de Morelos,298385.35879,2459.14668768,0 a 25,1
1758.0,"19.3685727173,-99.2885699142",Muy Bajo,Cuajimalpa de Morelos,111144.284821,1564.40219385,0 a 25,1
1764.0,"19.3581885621,-99.0668331427",Muy Alto,Iztapalapa,324646.481823,2577.90917206,100,5
1775.0,"19.3322589666,-99.1128438418",Muy Alto,Coyoacán,434732.192828,3899.05129203,100,5
1779.0,"19.3408062127,-99.1311388444",Muy Alto,Coyoacán,66432.0819956,1072.68839673,100,5
1811.0,"19.429514208,-99.0614361583",Muy Alto,Venustiano Carranza,19149.821986,824.248845228,100,5
1816.0,"19.4348055092,-99.1935699957",Muy Alto,Miguel Hidalgo,415753.541373,2742.00977355,100,5
1830.0,"19.4337769864,-99.0985059482",Muy Alto,Venustiano Carranza,293076.607687,2363.74569138,100,5
1839.0,"19.4052672925,-99.1945996072",Muy Bajo,Miguel Hidalgo,198212.654992,1738.78581476,0 a 25,1
1844.0,"19.4951812474,-99.2010344376",Muy Alto,Azcapotzalco,113383.848332,1490.34559162,100,5
1845.0,"19.4731017388,-99.1666485173",Muy Alto,Azcapotzalco,81343.7701458,1637.22194846,100,5
1847.0,"19.4698038364,-99.1648159911",Muy Alto,Azcapotzalco,175967.763773,1642.1233413,100,5
1882.0,"19.4000140039,-99.2523296608",Muy Bajo,Miguel Hidalgo,623083.055287,6023.11106386,0 a 25,1
1883.0,"19.4459686233,-99.1667182919",Muy Alto,Miguel Hidalgo,325406.692407,3352.91158321,100,5
1898.0,"19.3622750627,-99.1523861269",Muy Alto,Benito Juárez,337964.441222,2506.403065,100,5
1900.0,"19.3644041373,-99.1843587662",Muy Bajo,Benito Juárez,275362.412114,2932.02752281,0 a 25,1
1923.0,"19.4552720115,-99.1850386823",Muy Alto,Miguel Hidalgo,227203.696723,2059.64930119,100,5
1932.0,"19.4442148275,-99.1621026514",Muy Alto,Cuauhtémoc,280130.810991,2206.09604601,100,5
1933.0,"19.4380121122,-99.1626865621",Muy Alto,Cuauhtémoc,223686.214032,2369.11701431,100,5
1959.0,"19.4115630891,-99.2273376",Muy Bajo,Miguel Hidalgo,486163.467329,3453.55300185,0 a 25,1
1964.0,"19.413135067,-99.1741134214",Muy Alto,Cuauhtémoc,127672.555666,1915.29351204,100,5
1971.0,"19.4129561676,-99.170424417",Muy Alto,Cuauhtémoc,215343.689537,2007.28664189,100,5
1981.0,"19.4435635825,-99.1370626753",Muy Alto,Cuauhtémoc,261321.354152,2389.70088067,100,5
1982.0,"19.4448433091,-99.1329370181",Muy Alto,Cuauhtémoc,272880.356057,2194.77462644,100,5
1993.0,"19.3677274789,-99.1530261368",Muy Alto,Benito Juárez,312467.764713,2776.11539287,100,5
1994.0,"19.3739912594,-99.1594793336",Muy Alto,Benito Juárez,292340.188809,2709.35297172,100,5
1999.0,"19.4533936256,-99.1360603688",Muy Alto,Cuauhtémoc,30921.2920323,752.165126032,100,5
1510.0,"19.3082323636,-99.1714075268",Muy Bajo,Coyoacán,89962.5710392,1712.29501478,0 a 25,1
1525.0,"19.3118947336,-99.1097296031",Muy Alto,Coyoacán,342856.832298,2730.59975754,100,5
1551.0,"19.4811176737,-99.1707813164",Muy Alto,Azcapotzalco,1380526.29047,5894.06903094,100,5
1560.0,"19.3397030382,-99.1700080195",Alto,Coyoacán,425144.435288,3912.12128752,73 a 99,4
1580.0,"19.3171887226,-99.1021870249",Muy Alto,Coyoacán,143397.709911,1518.24864506,100,5
1608.0,"19.3692026233,-99.0047501054",Alto,Iztapalapa,452713.978288,3976.50403067,73 a 99,4
1612.0,"19.3326902013,-99.2123548245",Muy Bajo,La Magdalena Contreras,70351.6539618,1152.52229598,0 a 25,1
1626.0,"19.357056468,-99.0007782874",Medio,Iztapalapa,92110.3375413,1269.5303639,50 a 72,3
1629.0,"19.3573496042,-99.0120726647",Muy Alto,Iztapalapa,543069.087847,2907.95610349,100,5
1651.0,"19.3831780908,-99.0340038688",Alto,Iztapalapa,174813.08907,2175.94113141,73 a 99,4
1655.0,"19.3663834545,-99.0237665874",Muy Alto,Iztapalapa,206349.739133,2294.34344822,100,5
1667.0,"19.3816724125,-99.2324518107",Muy Bajo,Álvaro Obregón,129189.241339,1877.03658395,0 a 25,1
1669.0,"19.3789794405,-99.2186728557",Muy Bajo,Álvaro Obregón,173375.650396,1773.04458094,0 a 25,1
1722.0,"19.3132357247,-99.1654920069",Muy Bajo,Coyoacán,619574.911367,3527.72460686,0 a 25,1
1735.0,"19.3407666865,-99.2790361232",Muy Bajo,Cuajimalpa de Morelos,997369.275583,5305.38551489,0 a 25,1
1743.0,"19.3873622174,-99.2148192614",Muy Bajo,Álvaro Obregón,151333.905964,2819.73390271,0 a 25,1
1755.0,"19.3647321142,-99.2868445033",Muy Bajo,Cuajimalpa de Morelos,794985.055551,4726.61959448,0 a 25,1
1758.0,"19.3685727173,-99.2885699142",Muy Bajo,Cuajimalpa de Morelos,111144.284821,1564.40219385,0 a 25,1
1765.0,"19.3108474344,-99.2466145361",Muy Bajo,La Magdalena Contreras,321153.093148,3154.61735696,0 a 25,1
1794.0,"19.4182128148,-99.0896215545",Muy Alto,Venustiano Carranza,173724.831444,1712.52831071,100,5
1803.0,"19.4980041755,-99.2099910324",Alto,Azcapotzalco,568868.080477,3052.60867378,73 a 99,4
1826.0,"19.4203520363,-99.1002708525",Muy Alto,Venustiano Carranza,64772.8949861,1176.81132647,100,5
1828.0,"19.4213111486,-99.1096079329",Muy Alto,Venustiano Carranza,65365.027438,1290.95706217,100,5
1838.0,"19.4015846133,-99.1894568213",Muy Bajo,Miguel Hidalgo,507609.651912,4300.32799053,0 a 25,1
1858.0,"19.4380457347,-99.1751225294",Muy Alto,Miguel Hidalgo,155256.322991,1707.14120052,100,5
1869.0,"19.409592742,-99.0834515202",Muy Alto,Venustiano Carranza,174357.832633,1751.84114849,100,5
1886.0,"19.4258780642,-99.0697263639",Muy Alto,Venustiano Carranza,164622.703898,2258.12219558,100,5
1902.0,"19.4496707539,-99.1318012621",Muy Alto,Cuauhtémoc,207186.325514,2059.64946824,100,5
1920.0,"19.4226635768,-99.2058047098",Muy Bajo,Miguel Hidalgo,36483.863738,776.780965467,0 a 25,1
1926.0,"19.455785477,-99.1470635718",Muy Alto,Cuauhtémoc,23088.1408131,648.177518603,100,5
1964.0,"19.413135067,-99.1741134214",Muy Alto,Cuauhtémoc,127672.555666,1915.29351204,100,5
1973.0,"19.4295184501,-99.1982472509",Muy Bajo,Miguel Hidalgo,208009.619806,2561.03115761,0 a 25,1
1977.0,"19.4454107315,-99.1454834224",Muy Alto,Cuauhtémoc,205580.213839,1843.8980463,100,5
2016.0,"19.4520649698,-99.1689104312",Muy Alto,Miguel Hidalgo,661428.056892,6500.54868834,100,5
2027.0,"19.4868460267,-99.1050914647",Muy Alto,Gustavo A. Madero,296766.720818,2461.45392726,100,5
2058.0,"19.4104999251,-99.1343767635",Muy Alto,Cuauhtémoc,111518.72372,1485.44474344,100,5
2068.0,"19.4464003421,-99.1263267112",Muy Alto,Cuauhtémoc,285511.335851,3019.93585796,100,5
2109.0,"19.4495648374,-99.0646524771",Muy Alto,Gustavo A. Madero,194660.23424,1791.40742624,100,5
2135.0,"19.5521332497,-99.1446722135",Muy Bajo,Gustavo A. Madero,530308.142279,3061.60449449,0 a 25,1
2136.0,"19.5560939513,-99.155272982",Muy Bajo,Gustavo A. Madero,656392.681334,4192.76616267,0 a 25,1
2144.0,"19.5406399472,-99.1432150693",Alto,Gustavo A. Madero,295272.362777,2590.71923845,73 a 99,4
2151.0,"19.4832735556,-99.1352894423",Muy Alto,Gustavo A. Madero,1133876.50463,5660.10966504,100,5
2237.0,"19.4797248369,-99.125081824",Muy Alto,Gustavo A. Madero,265915.239401,2374.36482699,100,5
2241.0,"19.40083572,-99.13336069",Muy Alto,Iztacalco,319321.713942,2591.14831448,100,5
2253.0,"19.4087417297,-99.173982888",Muy Alto,Cuauhtémoc,125040.503709,1565.10251957,100,5
2285.0,"19.4464982129,-99.1869069577",Muy Alto,Miguel Hidalgo,417982.3831,3132.72432844,100,5
2291.0,"19.4568607918,-99.1886157558",Muy Alto,Miguel Hidalgo,265642.232749,2508.34676173,100,5
2320.0,"19.4212472697,-99.1022297677",Muy Alto,Venustiano Carranza,70661.5438427,1182.78814374,100,5
2325.0,"19.4220349341,-99.0635654732",Muy Alto,Venustiano Carranza,337229.334141,3271.99189988,100,5
2328.0,"19.4024403402,-99.1683596692",Muy Alto,Cuauhtémoc,153936.799709,1789.41881329,100,5
2375.0,"19.4212113905,-99.1132875389",Muy Alto,Venustiano Carranza,61218.1736772,1006.95996793,100,5
2389.0,"19.4330381742,-99.1182642841",Muy Alto,Venustiano Carranza,124633.739165,1651.34778859,100,5
2397.0,"19.4270722066,-99.2111495772",Muy Bajo,Miguel Hidalgo,80219.4191823,1666.1190932,0 a 25,1
2408.0,"19.4092891875,-99.2231411642",Muy Bajo,Miguel Hidalgo,571787.337484,3901.48976894,0 a 25,1
2412.0,"19.4249159039,-99.1639041351",Muy Alto,Cuauhtémoc,237098.559571,2243.09790705,100,5
2415.0,"19.4257090764,-99.112496527",Muy Alto,Venustiano Carranza,64271.5256636,1074.53438293,100,5
2422.0,"19.4391925901,-99.1223510089",Muy Alto,Venustiano Carranza,165599.736625,1887.92283115,100,5
2424.0,"19.4423329884,-99.0898591667",Muy Alto,Venustiano Carranza,186132.1368,2047.04309426,100,5
2438.0,"19.2776941468,-99.0216250339",Muy Bajo,Tláhuac,5771468.26455,15412.7386549,0 a 25,1
2441.0,"19.3091627753,-98.9957561952",Muy Bajo,Tláhuac,21072361.6656,29096.9670057,0 a 25,1
1013.0,"19.2635206523,-99.1176279645",Alto,Xochimilco,562014.680092,4994.4567041,73 a 99,4
1016.0,"19.262988377,-99.0882167955",Alto,Xochimilco,265362.785848,3090.54263543,73 a 99,4
1017.0,"19.2801047072,-99.2114039967",Muy Bajo,Tlalpan,381441.711994,3647.7465493,0 a 25,1
1034.0,"19.2011961712,-99.1346558842",Muy Bajo,Tlalpan,933759.642507,5425.92570056,0 a 25,1
1047.0,"19.2908372828,-99.1175850171",Muy Alto,Tlalpan,132654.482283,1902.75386471,100,5
1053.0,"19.2111247735,-99.1789793764",Muy Bajo,Tlalpan,886963.655381,3861.57685213,0 a 25,1
1065.0,"19.3004914778,-99.1746505008",Muy Bajo,Tlalpan,143124.698531,1703.00841198,0 a 25,1
1070.0,"19.2702166022,-99.1742306551",Muy Bajo,Tlalpan,202599.8174,2784.51185588,0 a 25,1
1088.0,"19.2683426208,-99.1517954232",Muy Bajo,Tlalpan,434080.784936,3582.01648592,0 a 25,1
1089.0,"19.2569829978,-99.1506901897",Muy Bajo,Tlalpan,4330112.93134,9173.08627013,0 a 25,1
1124.0,"19.3049155446,-99.1344360648",Muy Alto,Tlalpan,289567.772757,2340.41217109,100,5
1163.0,"19.3446503397,-99.0174306216",Medio,Iztapalapa,385076.023475,2913.14547281,50 a 72,3
1171.0,"19.1922749047,-99.145648981",Muy Bajo,Tlalpan,1147965.46007,8129.28360086,0 a 25,1
1185.0,"19.4704179241,-99.0686148883",Muy Alto,Gustavo A. Madero,274767.989324,2215.92185601,100,5
1188.0,"19.4683431154,-99.0906749426",Muy Alto,Gustavo A. Madero,479855.656818,3038.21999967,100,5
1311.0,"19.3182242333,-99.161761244",Muy Bajo,Coyoacán,536118.465164,3383.03067009,0 a 25,1
1325.0,"19.3083718598,-99.1284644505",Muy Alto,Coyoacán,328656.927318,2984.08725355,100,5
1328.0,"19.3222334672,-99.1118260278",Muy Alto,Coyoacán,135459.457564,1525.68231477,100,5
1334.0,"19.4977206225,-99.0917262602",Muy Alto,Gustavo A. Madero,88027.2353595,1243.39781123,100,5
1345.0,"19.3525318258,-99.1328918783",Muy Alto,Coyoacán,275872.311273,2285.16833405,100,5
1358.0,"19.4832207197,-99.2075625527",Muy Alto,Azcapotzalco,273603.053624,2912.89758511,100,5
1398.0,"19.3137286223,-99.1131606556",Muy Alto,Coyoacán,160625.212787,1637.81458236,100,5
1401.0,"19.3883547177,-99.1065232703",Muy Alto,Iztacalco,70816.7900665,1068.68172724,100,5
1450.0,"19.3107975267,-99.1707434555",Muy Bajo,Coyoacán,69468.0427764,1072.14683415,0 a 25,1
1462.0,"19.526544451,-99.165879364",Alto,Gustavo A. Madero,376911.514813,2628.69395869,73 a 99,4
1236.0,"19.5069613177,-99.1213021163",Alto,Gustavo A. Madero,202762.000402,2157.22056688,73 a 99,4
1240.0,"19.5080825427,-99.1247406451",Muy Alto,Gustavo A. Madero,239071.079875,3034.26288379,100,5
1247.0,"19.5093448639,-99.0951459754",Alto,Gustavo A. Madero,108771.180013,1447.99486334,73 a 99,4
1256.0,"19.4980204918,-99.1492705255",Muy Alto,Gustavo A. Madero,88928.2358607,1441.36580303,100,5
1257.0,"19.4624522382,-99.1069098327",Muy Alto,Gustavo A. Madero,153341.28964,1569.46779436,100,5
1271.0,"19.3830727846,-99.1094899526",Muy Alto,Iztacalco,102805.160372,1347.83379382,100,5
1325.0,"19.3083718598,-99.1284644505",Muy Alto,Coyoacán,328656.927318,2984.08725355,100,5
1332.0,"19.5063328791,-99.0887531617",Alto,Gustavo A. Madero,300750.205241,2544.35749594,73 a 99,4
1335.0,"19.3224126931,-99.115334253",Muy Alto,Coyoacán,87380.9140442,1290.99266778,100,5
1341.0,"19.5688029523,-99.1349354086",Muy Bajo,Gustavo A. Madero,202225.061171,2679.18254728,0 a 25,1
1369.0,"19.4631759392,-99.1643317932",Muy Alto,Azcapotzalco,55149.1761401,1060.49036654,100,5
1376.0,"19.3588082589,-99.2735213983",Muy Bajo,Cuajimalpa de Morelos,3170731.29109,10258.9521879,0 a 25,1
1394.0,"19.3030886205,-99.1496687675",Alto,Coyoacán,1198189.80943,5886.73773593,73 a 99,4
1404.0,"19.5289752506,-99.1551023117",Alto,Gustavo A. Madero,162623.436508,1789.57794881,73 a 99,4
1422.0,"19.5219195307,-99.1340171776",Bajo,Gustavo A. Madero,84091.2912967,1217.21985403,26 a 49,2
1424.0,"19.3361659642,-99.1828030121",Muy Bajo,Coyoacán,268860.490695,3608.07843508,0 a 25,1
1435.0,"19.4628978777,-99.0929070116",Muy Alto,Gustavo A. Madero,198052.714965,2776.65878057,100,5
1440.0,"19.4709219521,-99.1073313493",Muy Alto,Gustavo A. Madero,239643.211562,2028.49624216,100,5
1491.0,"19.4712696582,-99.1735302829",Muy Alto,Azcapotzalco,240228.424041,2740.99709995,100,5
1495.0,"19.3215090867,-99.1850319752",Muy Bajo,Coyoacán,7251733.84568,12613.542194,0 a 25,1
1034.0,"19.2011961712,-99.1346558842",Muy Bajo,Tlalpan,933759.642507,5425.92570056,0 a 25,1
1055.0,"19.2812817063,-99.2273354016",Muy Bajo,Tlalpan,164532.324165,1719.93715167,0 a 25,1
1113.0,"19.3457610108,-99.0347656931",Muy Alto,Iztapalapa,136357.491079,1540.39054759,100,5
1135.0,"19.2795300333,-99.1996699445",Muy Bajo,Tlalpan,266625.525501,2547.92053513,0 a 25,1
1143.0,"19.297191845,-99.1126351984",Muy Alto,Tlalpan,183352.480211,2149.89763089,100,5
1148.0,"19.350469876,-99.0145140073",Alto,Iztapalapa,296180.539676,3060.73471813,73 a 99,4
1149.0,"19.3153298389,-99.0673899871",Muy Alto,Iztapalapa,365614.178206,3633.52019453,100,5
1150.0,"19.3102268787,-99.0687101893",Muy Alto,Iztapalapa,182703.3783,2305.98805165,100,5
1176.0,"19.3375775622,-99.1811825326",Muy Bajo,Coyoacán,102549.64021,1697.36394204,0 a 25,1
1185.0,"19.4704179241,-99.0686148883",Muy Alto,Gustavo A. Madero,274767.989324,2215.92185601,100,5
