anio,trimestre,mes,no_registro,tipo_deuda,detalle_tipo_deuda,acreedor,concepto,inicio_credito,fin_credito,dias_contrato,dias_restantes_contrato,disposicion_inicial_credito,colocacion_periodo,amortizaciones_periodo,intereses_periodo,pago_servicio_deuda,saldo_periodo,endeudamiento_periodo,tasa,sobretasa,tasa_final
2018,Cuarto Trimestre,Diciembre,145/2010,Largo Plazo,Mercado de Capitales,CI BANCO,BONO GDFCB 10-2,2010-06-25,2020-06-12,3640,529,2520951200,0,0,201367979.7,201367979.7,2520951200,0,7.9,NA,7.9
2018,Cuarto Trimestre,Diciembre,224/2007,Largo Plazo,Banca Comercial,BANCOMER,"BANCOMER 3,457",2007-08-30,1937-07-27,10924,6783,3457974221,0,14809395.11,286096648.7,300906043.8,3389145884,-14809395.11,TIIE,0.35,TIIE+0.35
2018,Cuarto Trimestre,Diciembre,225/2007,Largo Plazo,Banca Comercial,BANCOMER,BANCOMER 7000,2007-08-31,1940-08-27,12050,7910,7000000000,0,108919450.9,580949162.9,689868613.7,6371209229,-108919450.9,8.91,NA,8.91
2018,Cuarto Trimestre,Diciembre,226/2007,Largo Plazo,Banca Comercial,BANCOMER,"BANCOMER 4,700",2007-08-31,1937-07-27,10923,6783,4700000000,0,20128593.44,401869662.7,421998256.2,4606450089,-20128593.44,8.8,NA,8.8
2018,Cuarto Trimestre,Diciembre,513/2008,Largo Plazo,Banca de Desarrollo,BANOBRAS,"BANOBRAS  1,914",2008-12-26,2019-10-25,3955,298,1914680897,0,320373500.5,24450927.96,344824428.5,127743305,-320373500.5,TIIE,0.97,TIIE+0.97
2018,Cuarto Trimestre,Diciembre,562/2010,Largo Plazo,Banca de Desarrollo,BANOBRAS,"BANOBRAS  1,499",2010-12-28,1940-10-25,10894,7969,1499069398,0,95833334.11,115783489.1,211616823.2,1199069398,-95833334.11,9.13,NA,9.13
2018,Cuarto Trimestre,Diciembre,P09-0917056,Largo Plazo,Mercado de Capitales,EVERCORE,BONO GCDMXCB 17X,2017-09-19,2028-03-07,3822,3354,2000000000,0,0,153688888.9,153688888.9,2000000000,0,7.6,NA,7.6
2018,Cuarto Trimestre,Diciembre,P09-1012161,Largo Plazo,Bonos Cupón Cero,BANOBRAS,"BANOBRAS 2,138",2012-11-12,1932-11-25,7318,5078,2138648319,0,0,172817635.9,172817635.9,2138648319,0,7.09,0.88,7.97
2018,Cuarto Trimestre,Diciembre,P09-1113146,Largo Plazo,Mercado de Capitales,EVERCORE,BONO GDFECB 13,2013-11-28,2023-11-16,3640,1781,2126874900,0,0,151610732.5,151610732.5,2126874900,0,7.05,NA,7.05
2018,Cuarto Trimestre,Diciembre,P09-1213198,Largo Plazo,Banca Comercial,BANAMEX,"BANAMEX 3,500",2013-12-31,2023-12-26,3647,1821,3500000000,0,437500000.1,142669512.1,580169512.2,2187500000,-437500000.1,5.74,NA,5.74
2018,Cuarto Trimestre,Diciembre,P09-1214242,Largo Plazo,Banca Comercial,BANCOMER,BANCOMER 2500,2014-12-26,2024-12-26,3653,2187,2500000000,0,312500000,119142795.1,431642795.2,1875000000,-312500000,5.75,NA,5.75
2018,Cuarto Trimestre,Diciembre,P09-1215163,Largo Plazo,Banca Comercial,SANTANDER,"SANTANDER 3,500",2015-12-30,2022-12-26,2553,1456,3500000000,0,700000000,268178084.9,968178084.8,2800000000,-700000000,TIIE,0.38,TIIE+0.38
2018,Cuarto Trimestre,Diciembre,P09-1216082,Largo Plazo,Banca Comercial,BANCOMER,"BANCOMER 3,000-15",2016-12-30,1931-12-26,5474,4743,3000000000,0,214285714.3,241805000,456090714.3,2785714286,-214285714.3,8.22,NA,8.22
2018,Cuarto Trimestre,Diciembre,P09-1216083,Largo Plazo,Banca Comercial,BANCOMER,"BANCOMER 3,000-7",2016-12-30,2023-12-26,2552,1821,3000000000,0,500000000,214275833.3,714275833.4,2500000000,-500000000,7.63,NA,7.63
2018,Cuarto Trimestre,Diciembre,P09-1217134,Largo Plazo,Banca de Desarrollo,BANOBRAS,"BANOBRAS 1,378",2017-12-29,1932-12-27,5477,5110,1378859929,0,91923995.28,111279161.8,203203157.1,1286935934,-91923995.28,TIIE,0.34,TIIE+0.34
2018,Cuarto Trimestre,Diciembre,P09-1218140,Largo Plazo,Banca Comercial,BANCOMER,"BANCOMER 3,000-18",2018-12-31,2028-12-26,3648,3648,3000000000,3000000000,0,0,0,3000000000,3000000000,9.12,NA,9.12
2018,Cuarto Trimestre,Diciembre,233/2007,Largo Plazo,Banca Comercial,HSBC,"HSBC 7,000",2007-09-07,1947-09-25,14628,10495,7000000000,0,0,602267886.1,602267886.1,7000000000,0,TIIE,0.53,TIIE+0.53
2018,Cuarto Trimestre,Diciembre,261/2007,Largo Plazo,Banca de Desarrollo,BANOBRAS,"BANOBRAS  4,459",2007-10-17,1940-10-25,12062,7969,4459000000,0,31070327.46,359859863,390930190.5,4265863281,-31070327.46,TIIE,0.35,TIIE+0.35
2018,Cuarto Trimestre,Diciembre,329/2007,Largo Plazo,Mercado de Capitales,CI BANCO,BONO GDFCB 07,2007-12-17,2027-11-22,7280,3248,575000000,0,0,50290138.88,50290138.88,575000000,0,8.65,NA,8.65
2018,Cuarto Trimestre,Diciembre,P09-0915121,Largo Plazo,Mercado de Capitales,EVERCORE,BONO GDFECB 15,2015-09-25,2020-09-18,1820,627,1382000000,0,0,112239897.8,114916371.1,1382000000,0,TIIE,0.12,TIIE+0.12
2018,Cuarto Trimestre,Diciembre,P09-1012161,Largo Plazo,Bonos Cupón Cero,BANOBRAS,BANOBRAS 294,2012-11-30,1932-11-25,7300,5078,294874160,0,0,23618601.14,23618601.14,294874160,0,7.02,0.88,7.9
2018,Cuarto Trimestre,Diciembre,P09-1014157,Largo Plazo,Mercado de Capitales,EVERCORE,BONO GDFECB 14,2014-11-03,2024-10-21,3640,2121,2500000000,0,0,162283333.3,162729166.7,2500000000,0,6.42,NA,6.42
2018,Cuarto Trimestre,Diciembre,P09-1213189,Largo Plazo,Banca de Desarrollo,BANOBRAS,"BANOBRAS 1,024",2013-12-31,2023-10-25,3585,1759,1024317877,0,123317629.2,68849419.7,192167048.9,753461598.2,-123317629.2,TIIE,0.32,TIIE+0.32
2018,Cuarto Trimestre,Diciembre,P09-1216054,Largo Plazo,Mercado de Capitales,EVERCORE,BONO GCDMXCB 16V,2016-12-09,2021-12-03,1820,1068,1000000000,0,0,84037222.2,87528055.51,1000000000,0,TIIE,0.42,TIIE+0.42
2018,Cuarto Trimestre,Diciembre,P09-1217133,Largo Plazo,Banca Comercial,HSBC,"HSBC 2,500",2017-12-29,2024-12-26,2554,2187,2500000000,0,357142857.1,175102777.8,532245634.9,2142857143,-357142857.1,7.46,NA,7.46
2018,Cuarto Trimestre,Diciembre,260/2007,Largo Plazo,Banca de Desarrollo,BANOBRAS,"BANOBRAS  4,806",2007-10-17,1937-10-26,10967,6874,4806995489,0,19520976.19,396458617.8,415979594,4704659826,-19520976.19,TIIE,0.35,TIIE+0.35
2018,Cuarto Trimestre,Diciembre,262/2007,Largo Plazo,Banca de Desarrollo,BANOBRAS,"BANOBRAS 4,000",2007-10-17,1947-10-25,14618,10525,4000000000,0,0,343610222.2,343610222.2,4000000000,0,TIIE,0.53,TIIE+0.53
2018,Cuarto Trimestre,Diciembre,514/2008,Largo Plazo,Banca de Desarrollo,BANOBRAS,BANOBRAS  175,2009-12-24,2028-11-27,6913,3619,174978799.6,0,9687716.64,8511421.21,18199137.85,96069856.37,-9687716.64,TIIE,0.35,TIIE+0.35
2018,Cuarto Trimestre,Diciembre,721/2011,Largo Plazo,Banca Comercial,BANAMEX,"BANAMEX 1,500",2011-12-29,2026-12-28,5478,2919,1500000000,0,80838324,65883142.04,146721466,1014970056,-80838324,TIIE,TIIE-1.815,TIIE+TIIE-1.815
2018,Cuarto Trimestre,Diciembre,P09-0915121,Largo Plazo,Mercado de Capitales,EVERCORE,BONO GDFECB 15-2,2015-09-25,2025-09-12,3640,2447,2500000000,0,0,169361111.1,169361111.1,2500000000,0,6.7,NA,6.7
2018,Cuarto Trimestre,Diciembre,P09-1012161,Largo Plazo,Bonos Cupón Cero,BANOBRAS,BANOBRAS 196,2013-11-07,1932-11-25,6958,5078,196783977,0,0,17118566.15,17118566.15,196783977,0,7.7,0.88,8.58
2018,Cuarto Trimestre,Diciembre,P09-1112186,Largo Plazo,Mercado de Capitales,EVERCORE,BONO GDFECB 12,2012-11-30,2027-11-12,5460,3238,2500000000,0,0,173152777.8,173152777.8,2500000000,0,6.85,NA,6.85
2018,Cuarto Trimestre,Diciembre,P09-1118104,Largo Plazo,Mercado de Capitales,EVERCORE,BONO GCDMXCB 18V,2018-11-21,2028-11-08,3640,3600,1100000000,1100000000,0,0,55221833.33,1100000000,1100000000,9.93,NA,9.93
2018,Cuarto Trimestre,Diciembre,P09-1212219,Largo Plazo,Banca de Desarrollo,BANOBRAS,"BANOBRAS 1,954",2012-12-28,2027-11-25,5445,3251,1954226708,0,140423476.1,92628369.66,233051845.7,1252109328,-140423476.1,5.97,0.91,6.88
2018,Cuarto Trimestre,Diciembre,P09-1212219,Largo Plazo,Banca de Desarrollo,BANOBRAS,BANOBRAS 145,2012-12-31,2027-11-25,5442,3251,145773291.7,0,10474727.52,6899463.73,17374191.25,93399654.14,-10474727.52,5.96,0.91,6.87
2018,Cuarto Trimestre,Diciembre,P09-1214244,Largo Plazo,Banca de Desarrollo,BANOBRAS,"BANOBRAS 1,949",2014-12-31,2029-11-26,5444,3983,1949386371,0,150920235.2,145459606.2,296379841.4,1647545901,-150920235.2,TIIE,0.36,TIIE+0.36
2018,Cuarto Trimestre,Diciembre,P09-1215162,Largo Plazo,Banca de Desarrollo,BANOBRAS,"BANOBRAS 1,000",2015-12-29,2025-12-26,3650,2552,1000000000,0,55555555.56,74581229.21,130136784.8,851069383.6,-55555555.56,TIIE,0.41,TIIE+0.41
2018,Cuarto Trimestre,Diciembre,P09-1218138,Largo Plazo,Banca Comercial,SANTANDER,"SANTANDER 2,400",2018-12-31,2028-12-26,3648,3648,2400000000,2400000000,0,0,0,2400000000,2400000000,9.55,NA,9.55
2018,Cuarto Trimestre,Diciembre,P09-1218139,Largo Plazo,Banca Comercial,HSBC,"HSBC 1,170",2018-12-31,2028-12-26,3648,3648,1170915400,1170915400,0,0,0,1170915400,1170915400,9.67,NA,9.67
2019,Primer Trimestre,Marzo,226/2007,Largo Plazo,Banca Comercial,BANCOMER,"BANCOMER 4,700",2007-08-31,1937-07-27,10923,6693,4700000000,0,5701204.94,101086617.8,106787822.7,4600748884,-5701204.94,8.8,NA,8.8
2019,Primer Trimestre,Marzo,260/2007,Largo Plazo,Banca de Desarrollo,BANOBRAS,"BANOBRAS  4,806",2007-10-17,1937-10-26,10967,6784,4806995489,0,5529106.05,103669736.1,109198842.1,4699130720,-5529106.05,TIIE,0.35,TIIE+0.35
2019,Primer Trimestre,Marzo,261/2007,Largo Plazo,Banca de Desarrollo,BANOBRAS,"BANOBRAS  4,459",2007-10-17,1940-10-25,12062,7879,4459000000,0,8424811.23,93913013.59,102337824.8,4257438470,-8424811.23,TIIE,0.35,TIIE+0.35
2019,Primer Trimestre,Marzo,P09-0915121,Largo Plazo,Mercado de Capitales,EVERCORE,BONO GDFECB 15,2015-09-25,2020-09-18,1820,537,1382000000,0,0,27839622.22,29129488.87,1382000000,0,TIIE,0.12,TIIE+0.12
2019,Primer Trimestre,Marzo,P09-1012161,Largo Plazo,Bonos Cupón Cero,BANOBRAS,BANOBRAS 196,2013-11-07,1932-11-25,6958,4988,196783977,0,0,4174116.13,4174116.13,196783977,0,7.7,0.88,8.58
2019,Primer Trimestre,Marzo,P09-1014157,Largo Plazo,Mercado de Capitales,EVERCORE,BONO GDFECB 14,2014-11-03,2024-10-21,3640,2031,2500000000,0,0,0,0,2500000000,0,6.42,NA,6.42
2019,Primer Trimestre,Marzo,P09-1112186,Largo Plazo,Mercado de Capitales,EVERCORE,BONO GDFECB 12,2012-11-30,2027-11-12,5460,3148,2500000000,0,0,0,0,2500000000,0,6.85,NA,6.85
2019,Primer Trimestre,Marzo,P09-1212219,Largo Plazo,Banca de Desarrollo,BANOBRAS,BANOBRAS 145,2012-12-31,2027-11-25,5442,3161,145773291.7,0,2618681.88,1571823.07,4190504.95,90780972.26,-2618681.88,5.96,0.91,6.87
2019,Primer Trimestre,Marzo,P09-1214244,Largo Plazo,Banca de Desarrollo,BANOBRAS,"BANOBRAS 1,949",2014-12-31,2029-11-26,5444,3893,1949386371,0,37730058.81,36087893.56,73817952.37,1609815842,-37730058.81,TIIE,0.36,TIIE+0.36
2019,Primer Trimestre,Marzo,P09-1215162,Largo Plazo,Banca de Desarrollo,BANOBRAS,"BANOBRAS 1,000",2015-12-29,2025-12-26,3650,2462,1000000000,0,13888888.89,18786744.24,32675633.13,837180494.8,-13888888.89,TIIE,0.41,TIIE+0.41
2019,Primer Trimestre,Marzo,P09-1216054,Largo Plazo,Mercado de Capitales,EVERCORE,BONO GCDMXCB 16V,2016-12-09,2021-12-03,1820,978,1000000000,0,0,27805555.56,28785555.57,1000000000,0,TIIE,0.42,TIIE+0.42
2019,Primer Trimestre,Marzo,P09-1216083,Largo Plazo,Banca Comercial,BANCOMER,"BANCOMER 3,000-7",2016-12-30,2023-12-26,2552,1731,3000000000,0,125000000,46389340.27,171389340.3,2375000000,-125000000,7.63,NA,7.63
2019,Primer Trimestre,Marzo,P09-1217133,Largo Plazo,Banca Comercial,HSBC,"HSBC 2,500",2017-12-29,2024-12-26,2554,2097,2500000000,0,89285714.28,38983680.55,128269394.8,2053571429,-89285714.28,7.46,NA,7.46
2019,Segundo Trimestre,Junio,225/2007,Largo Plazo,Banca Comercial,BANCOMER,BANCOMER 7000,2007-08-31,1940-08-27,12050,7729,7000000000,0,29119959.16,144212999.7,173332958.9,6313524231,-29119959.16,8.91,NA,8.91
2019,Segundo Trimestre,Junio,226/2007,Largo Plazo,Banca Comercial,BANCOMER,"BANCOMER 4,700",2007-08-31,1937-07-27,10923,6602,4700000000,0,5996937.34,104362457.6,110359394.9,4594751946,-5996937.34,8.8,NA,8.8
2019,Segundo Trimestre,Junio,233/2007,Largo Plazo,Banca Comercial,HSBC,"HSBC 7,000",2007-09-07,1947-09-25,14628,10314,7000000000,0,0,161654305.6,161654305.6,7000000000,0,TIIE,0.53,TIIE+0.53
2019,Segundo Trimestre,Junio,262/2007,Largo Plazo,Banca de Desarrollo,BANOBRAS,"BANOBRAS 4,000",2007-10-17,1947-10-25,14618,10344,4000000000,0,0,92347633.34,92347633.34,4000000000,0,TIIE,0.53,TIIE+0.53
2019,Segundo Trimestre,Junio,721/2011,Largo Plazo,Banca Comercial,BANAMEX,"BANAMEX 1,500",2011-12-29,2026-12-28,5478,2738,1500000000,0,20209581,16901387.21,37110968.21,974550894,-20209581,TIIE,TIIE-1.815,TIIE+TIIE-1.815
2019,Segundo Trimestre,Junio,P09-0915121,Largo Plazo,Mercado de Capitales,EVERCORE,BONO GDFECB 15,2015-09-25,2020-09-18,1820,446,1382000000,0,230333333.3,37105164.44,267470744.5,1151666667,-230333333.3,TIIE,0.12,TIIE+0.12
2019,Segundo Trimestre,Junio,P09-0915121,Largo Plazo,Mercado de Capitales,EVERCORE,BONO GDFECB 15-2,2015-09-25,2025-09-12,3640,2266,2500000000,0,0,0,0,2500000000,0,6.7,NA,6.7
2019,Segundo Trimestre,Junio,P09-1012161,Largo Plazo,Bonos Cupón Cero,BANOBRAS,BANOBRAS 196,2013-11-07,1932-11-25,6958,4897,196783977,0,0,4314816.67,4314816.67,196783977,0,7.7,0.88,8.58
2019,Segundo Trimestre,Junio,P09-1012161,Largo Plazo,Bonos Cupón Cero,BANOBRAS,"BANOBRAS 2,138",2012-11-12,1932-11-25,7318,4897,2138648319,0,0,43559513.72,43559513.72,2138648319,0,7.09,0.88,7.97
2019,Segundo Trimestre,Junio,P09-1012161,Largo Plazo,Bonos Cupón Cero,BANOBRAS,BANOBRAS 294,2012-11-30,1932-11-25,7300,4897,294874160,0,0,5953181.66,5953181.66,294874160,0,7.02,0.88,7.9
2019,Segundo Trimestre,Junio,P09-1112186,Largo Plazo,Mercado de Capitales,EVERCORE,BONO GDFECB 12,2012-11-30,2027-11-12,5460,3057,2500000000,0,0,86576388.89,86576388.89,2500000000,0,6.85,NA,6.85
2019,Segundo Trimestre,Junio,P09-1213198,Largo Plazo,Banca Comercial,BANAMEX,"BANAMEX 3,500",2013-12-31,2023-12-26,3647,1640,3500000000,0,109375000,32611037.62,141986037.6,1968750000,-109375000,5.74,NA,5.74
2019,Segundo Trimestre,Junio,P09-1214242,Largo Plazo,Banca Comercial,BANCOMER,BANCOMER 2500,2014-12-26,2024-12-26,3653,2006,2500000000,0,78125000.01,26029730.91,104154730.9,1718750000,-78125000.01,5.75,NA,5.75
2019,Segundo Trimestre,Junio,P09-1215162,Largo Plazo,Banca de Desarrollo,BANOBRAS,"BANOBRAS 1,000",2015-12-29,2025-12-26,3650,2371,1000000000,0,13888888.89,18968033.17,32856922.06,823291605.9,-13888888.89,TIIE,0.41,TIIE+0.41
2019,Segundo Trimestre,Junio,P09-1216054,Largo Plazo,Mercado de Capitales,EVERCORE,BONO GCDMXCB 16V,2016-12-09,2021-12-03,1820,887,1000000000,0,0,20821111.12,20821111.12,1000000000,0,TIIE,0.42,TIIE+0.42
2019,Segundo Trimestre,Junio,P09-1217133,Largo Plazo,Banca Comercial,HSBC,"HSBC 2,500",2017-12-29,2024-12-26,2554,2006,2500000000,0,89285714.28,38595138.89,127880853.2,1964285714,-89285714.28,7.46,NA,7.46
2019,Segundo Trimestre,Junio,P09-1218138,Largo Plazo,Banca Comercial,SANTANDER,"SANTANDER 2,400",2018-12-31,2028-12-26,3648,3467,2400000000,0,0,58573333.33,58573333.33,2400000000,0,9.55,NA,9.55
2019,Tercer Trimestre,Septiembre,145/2010,Largo Plazo,Mercado de Capitales,CI BANCO,BONO GDFCB 10-2,2010-06-25,2020-06-12,3640,256,2520951200,0,0,0,0,2520951200,0,7.9,NA,7.9
2019,Tercer Trimestre,Septiembre,224/2007,Largo Plazo,Banca Comercial,BANCOMER,"BANCOMER 3,457",2007-08-30,1937-07-27,10924,6510,3457974221,0,4641050.16,75726143.29,80367193.45,3375898052,-4641050.16,TIIE,0.35,TIIE+0.35
2019,Tercer Trimestre,Septiembre,226/2007,Largo Plazo,Banca Comercial,BANCOMER,"BANCOMER 4,700",2007-08-31,1937-07-27,10923,6510,4700000000,0,6308009.96,104223062.9,110531072.9,4588443936,-6308009.96,8.8,NA,8.8
2019,Tercer Trimestre,Septiembre,329/2007,Largo Plazo,Mercado de Capitales,CI BANCO,BONO GDFCB 07,2007-12-17,2027-11-22,7280,2975,575000000,0,0,0,0,575000000,0,8.65,NA,8.65
2019,Tercer Trimestre,Septiembre,513/2008,Largo Plazo,Banca de Desarrollo,BANOBRAS,"BANOBRAS  1,914",2008-12-26,2019-10-25,3955,25,1914680897,0,51097322.01,403409.1,51500731.11,0,-51097322.01,TIIE,0.97,TIIE+0.97
2019,Tercer Trimestre,Septiembre,562/2010,Largo Plazo,Banca de Desarrollo,BANOBRAS,"BANOBRAS  1,499",2010-12-28,1940-10-25,10894,7696,1499069398,0,9027777.9,27485464.7,36513242.6,1171986064,-9027777.9,9.13,NA,9.13
2019,Tercer Trimestre,Septiembre,P09-0917056,Largo Plazo,Mercado de Capitales,EVERCORE,BONO GCDMXCB 17X,2017-09-19,2028-03-07,3822,3081,2000000000,0,0,76844444.44,76844444.44,2000000000,0,7.6,NA,7.6
2019,Tercer Trimestre,Septiembre,P09-1118104,Largo Plazo,Mercado de Capitales,EVERCORE,BONO GCDMXCB 18V,2018-11-21,2028-11-08,3640,3327,1100000000,0,0,0,0,1100000000,0,9.93,NA,9.93
2019,Tercer Trimestre,Septiembre,P09-1212219,Largo Plazo,Banca de Desarrollo,BANOBRAS,"BANOBRAS 1,954",2012-12-28,2027-11-25,5445,2978,1954226708,0,35105869.02,20574639.68,55680508.7,1146791721,-35105869.02,5.97,0.91,6.88
2019,Tercer Trimestre,Septiembre,P09-1212219,Largo Plazo,Banca de Desarrollo,BANOBRAS,BANOBRAS 145,2012-12-31,2027-11-25,5442,2978,145773291.7,0,2618681.88,1532510.84,4151192.72,85543608.5,-2618681.88,5.96,0.91,6.87
2019,Tercer Trimestre,Septiembre,P09-1213189,Largo Plazo,Banca de Desarrollo,BANOBRAS,"BANOBRAS 1,024",2013-12-31,2023-10-25,3585,1486,1024317877,0,38703850.98,14814894.77,53518745.75,637350045.2,-38703850.98,TIIE,0.32,TIIE+0.32
2019,Tercer Trimestre,Septiembre,P09-1213198,Largo Plazo,Banca Comercial,BANAMEX,"BANAMEX 3,500",2013-12-31,2023-12-26,3647,1548,3500000000,0,109375000,30405445.89,139780445.9,1859375000,-109375000,5.74,NA,5.74
2019,Tercer Trimestre,Septiembre,P09-1214242,Largo Plazo,Banca Comercial,BANCOMER,BANCOMER 2500,2014-12-26,2024-12-26,3653,1914,2500000000,0,78125000.01,24873408.56,102998408.6,1640625000,-78125000.01,5.75,NA,5.75
2019,Tercer Trimestre,Septiembre,P09-1215162,Largo Plazo,Banca de Desarrollo,BANOBRAS,"BANOBRAS 1,000",2015-12-29,2025-12-26,3650,2279,1000000000,0,13888888.89,18475159.6,32364048.49,809402717,-13888888.89,TIIE,0.41,TIIE+0.41
2019,Tercer Trimestre,Septiembre,P09-1215163,Largo Plazo,Banca Comercial,SANTANDER,"SANTANDER 3,500",2015-12-30,2022-12-26,2553,1183,3500000000,0,175000000,53792987.5,228792987.5,2275000000,-175000000,TIIE,0.38,TIIE+0.38
2019,Tercer Trimestre,Septiembre,P09-1216083,Largo Plazo,Banca Comercial,BANCOMER,"BANCOMER 3,000-7",2016-12-30,2023-12-26,2552,1548,3000000000,0,125000000,43060046.3,168060046.3,2125000000,-125000000,7.63,NA,7.63
2019,Tercer Trimestre,Septiembre,P09-1217133,Largo Plazo,Banca Comercial,HSBC,"HSBC 2,500",2017-12-29,2024-12-26,2554,1914,2500000000,0,89285714.28,36880621.69,126166336,1875000000,-89285714.28,7.46,NA,7.46
2019,Tercer Trimestre,Septiembre,P09-1217134,Largo Plazo,Banca de Desarrollo,BANOBRAS,"BANOBRAS 1,378",2017-12-29,1932-12-27,5477,4837,1378859929,0,22980998.82,27612315.69,50593314.51,1217992937,-22980998.82,TIIE,0.34,TIIE+0.34
2019,Tercer Trimestre,Septiembre,P09-1218138,Largo Plazo,Banca Comercial,SANTANDER,"SANTANDER 2,400",2018-12-31,2028-12-26,3648,3375,2400000000,0,0,58573333.33,58573333.33,2400000000,0,9.55,NA,9.55
2019,Tercer Trimestre,Septiembre,P09-1218139,Largo Plazo,Banca Comercial,HSBC,"HSBC 1,170",2018-12-31,2028-12-26,3648,3375,1170915400,0,0,28935921.56,28935921.56,1170915400,0,9.67,NA,9.67
2019,Cuarto Trimestre,Diciembre,233/2007,Largo Plazo,Banca Comercial,HSBC,"HSBC 7,000",2007-09-07,1947-09-25,14628,10130,7000000000,0,0,631507586.1,631507586.1,7000000000,0,TIIE,0.53,TIIE+0.53
2019,Cuarto Trimestre,Diciembre,261/2007,Largo Plazo,Banca de Desarrollo,BANOBRAS,"BANOBRAS  4,459",2007-10-17,1940-10-25,12062,7604,4459000000,0,35420169.89,375400961,410821130.9,4230443111,-35420169.89,TIIE,0.35,TIIE+0.35
2019,Cuarto Trimestre,Diciembre,514/2008,Largo Plazo,Banca de Desarrollo,BANOBRAS,BANOBRAS  175,2009-12-24,2028-11-27,6913,3254,174978799.6,0,9687716.64,8102993.51,17790710.15,86382139.73,-9687716.64,TIIE,0.35,TIIE+0.35
2019,Cuarto Trimestre,Diciembre,P09-0915121,Largo Plazo,Mercado de Capitales,EVERCORE,BONO GDFECB 15,2015-09-25,2020-09-18,1820,262,1382000000,0,0,118796720,120118833.3,460666666.6,0,TIIE,0.12,TIIE+0.12
2019,Cuarto Trimestre,Diciembre,P09-0915121,Largo Plazo,Mercado de Capitales,EVERCORE,BONO GDFECB 15-2,2015-09-25,2025-09-12,3640,2082,2500000000,0,0,169361111.1,169361111.1,2500000000,0,6.7,NA,6.7
2019,Cuarto Trimestre,Diciembre,P09-0917056,Largo Plazo,Mercado de Capitales,EVERCORE,BONO GCDMXCB 17X,2017-09-19,2028-03-07,3822,2989,2000000000,0,0,153688888.9,153688888.9,2000000000,0,7.6,NA,7.6
2019,Cuarto Trimestre,Diciembre,P09-1012161,Largo Plazo,Bonos Cupón Cero,BANOBRAS,"BANOBRAS 2,138",2012-11-12,1932-11-25,7318,4713,2138648319,0,0,172817636,172817636,2138648319,0,7.09,0.88,7.97
2019,Cuarto Trimestre,Diciembre,P09-1112186,Largo Plazo,Mercado de Capitales,EVERCORE,BONO GDFECB 12,2012-11-30,2027-11-12,5460,2873,2500000000,0,0,173152777.8,173152777.8,2500000000,0,6.85,NA,6.85
2019,Cuarto Trimestre,Diciembre,P09-1118104,Largo Plazo,Mercado de Capitales,EVERCORE,BONO GCDMXCB 18V,2018-11-21,2028-11-08,3640,3235,1100000000,0,0,110443666.7,110443666.7,1100000000,0,9.93,NA,9.93
2019,Cuarto Trimestre,Diciembre,P09-1212219,Largo Plazo,Banca de Desarrollo,BANOBRAS,"BANOBRAS 1,954",2012-12-28,2027-11-25,5445,2886,1954226708,0,140423476.1,82828579.31,223252055.4,1111685852,-140423476.1,5.97,0.91,6.88
2019,Cuarto Trimestre,Diciembre,P09-1212219,Largo Plazo,Banca de Desarrollo,BANOBRAS,BANOBRAS 145,2012-12-31,2027-11-25,5442,2886,145773291.7,0,10474727.52,6169522.16,16644249.68,82924926.62,-10474727.52,5.96,0.91,6.87
2019,Cuarto Trimestre,Diciembre,P09-1213189,Largo Plazo,Banca de Desarrollo,BANOBRAS,"BANOBRAS 1,024",2013-12-31,2023-10-25,3585,1394,1024317877,0,139682131.6,60234653.17,199916784.8,613779466.6,-139682131.6,TIIE,0.32,TIIE+0.32
2019,Cuarto Trimestre,Diciembre,P09-1215162,Largo Plazo,Banca de Desarrollo,BANOBRAS,"BANOBRAS 1,000",2015-12-29,2025-12-26,3650,2187,1000000000,0,55555555.56,73499117.06,129054672.6,795513828.1,-55555555.56,TIIE,0.41,TIIE+0.41
2019,Cuarto Trimestre,Diciembre,P09-1215163,Largo Plazo,Banca Comercial,SANTANDER,"SANTANDER 3,500",2015-12-30,2022-12-26,2553,1091,3500000000,0,700000000,220185748,920185747.9,2100000000,-700000000,TIIE,0.38,TIIE+0.38
2019,Cuarto Trimestre,Diciembre,P09-1216054,Largo Plazo,Mercado de Capitales,EVERCORE,BONO GCDMXCB 16V,2016-12-09,2021-12-03,1820,703,1000000000,0,0,89156666.68,90160000.03,1000000000,0,TIIE,0.42,TIIE+0.42
2019,Cuarto Trimestre,Diciembre,P09-1216083,Largo Plazo,Banca Comercial,BANCOMER,"BANCOMER 3,000-7",2016-12-30,2023-12-26,2552,1456,3000000000,0,500000000,175578310.2,675578310.2,2000000000,-500000000,7.63,NA,7.63
2019,Cuarto Trimestre,Diciembre,P09-1218140,Largo Plazo,Banca Comercial,BANCOMER,"BANCOMER 3,000-18",2018-12-31,2028-12-26,3648,3283,3000000000,0,0,273600000,273600000,3000000000,0,9.12,NA,9.12
2019,Primer Trimestre,Marzo,145/2010,Largo Plazo,Mercado de Capitales,CI BANCO,BONO GDFCB 10-2,2010-06-25,2020-06-12,3640,439,2520951200,0,0,0,0,2520951200,0,7.9,NA,7.9
2019,Primer Trimestre,Marzo,513/2008,Largo Plazo,Banca de Desarrollo,BANOBRAS,"BANOBRAS  1,914",2008-12-26,2019-10-25,3955,208,1914680897,0,38322991.5,2717520.93,41040512.43,89420313.51,-38322991.5,TIIE,0.97,TIIE+0.97
2019,Primer Trimestre,Marzo,514/2008,Largo Plazo,Banca de Desarrollo,BANOBRAS,BANOBRAS  175,2009-12-24,2028-11-27,6913,3529,174978799.6,0,2421929.16,2100367.02,4522296.18,93647927.21,-2421929.16,TIIE,0.35,TIIE+0.35
2019,Primer Trimestre,Marzo,562/2010,Largo Plazo,Banca de Desarrollo,BANOBRAS,"BANOBRAS  1,499",2010-12-28,1940-10-25,10894,7879,1499069398,0,9027778.37,26998264.89,36026043.26,1190041620,-9027778.37,9.13,NA,9.13
2019,Primer Trimestre,Marzo,721/2011,Largo Plazo,Banca Comercial,BANAMEX,"BANAMEX 1,500",2011-12-29,2026-12-28,5478,2829,1500000000,0,20209581,16844205.59,37053786.59,994760475,-20209581,TIIE,TIIE-1.815,TIIE+TIIE-1.815
2019,Primer Trimestre,Marzo,P09-0917056,Largo Plazo,Mercado de Capitales,EVERCORE,BONO GCDMXCB 17X,2017-09-19,2028-03-07,3822,3264,2000000000,0,0,76844444.44,76844444.44,2000000000,0,7.6,NA,7.6
2019,Primer Trimestre,Marzo,P09-1012161,Largo Plazo,Bonos Cupón Cero,BANOBRAS,BANOBRAS 294,2012-11-30,1932-11-25,7300,4988,294874160,0,0,5759056.18,5759056.18,294874160,0,7.02,0.88,7.9
2019,Primer Trimestre,Marzo,P09-1118104,Largo Plazo,Mercado de Capitales,EVERCORE,BONO GCDMXCB 18V,2018-11-21,2028-11-08,3640,3510,1100000000,0,0,0,0,1100000000,0,9.93,NA,9.93
2019,Primer Trimestre,Marzo,P09-1213189,Largo Plazo,Banca de Desarrollo,BANOBRAS,"BANOBRAS 1,024",2013-12-31,2023-10-25,3585,1669,1024317877,0,38703850.98,16276439.72,54980290.7,714757747.2,-38703850.98,TIIE,0.32,TIIE+0.32
2019,Primer Trimestre,Marzo,P09-1217134,Largo Plazo,Banca de Desarrollo,BANOBRAS,"BANOBRAS 1,378",2017-12-29,1932-12-27,5477,5020,1378859929,0,22980998.82,28172466.96,51153465.78,1263954935,-22980998.82,TIIE,0.34,TIIE+0.34
2019,Primer Trimestre,Marzo,P09-1218139,Largo Plazo,Banca Comercial,HSBC,"HSBC 1,170",2018-12-31,2028-12-26,3648,3558,1170915400,0,0,26419754.46,26419754.46,1170915400,0,9.67,NA,9.67
2019,Segundo Trimestre,Junio,224/2007,Largo Plazo,Banca Comercial,BANCOMER,"BANCOMER 3,457",2007-08-30,1937-07-27,10924,6602,3457974221,0,4412181.86,76581015.11,80993196.97,3380539102,-4412181.86,TIIE,0.35,TIIE+0.35
2019,Segundo Trimestre,Junio,260/2007,Largo Plazo,Banca de Desarrollo,BANOBRAS,"BANOBRAS  4,806",2007-10-17,1937-10-26,10967,6693,4806995489,0,5815912.5,106284391,112100303.5,4693314808,-5815912.5,TIIE,0.35,TIIE+0.35
2019,Segundo Trimestre,Junio,514/2008,Largo Plazo,Banca de Desarrollo,BANOBRAS,BANOBRAS  175,2009-12-24,2028-11-27,6913,3438,174978799.6,0,2421929.16,2101098.58,4523027.74,91225998.05,-2421929.16,TIIE,0.35,TIIE+0.35
2019,Segundo Trimestre,Junio,P09-0917056,Largo Plazo,Mercado de Capitales,EVERCORE,BONO GCDMXCB 17X,2017-09-19,2028-03-07,3822,3173,2000000000,0,0,0,0,2000000000,0,7.6,NA,7.6
2019,Segundo Trimestre,Junio,P09-1014157,Largo Plazo,Mercado de Capitales,EVERCORE,BONO GDFECB 14,2014-11-03,2024-10-21,3640,1940,2500000000,0,0,81141666.67,81141666.67,2500000000,0,6.42,NA,6.42
2019,Segundo Trimestre,Junio,P09-1113146,Largo Plazo,Mercado de Capitales,EVERCORE,BONO GDFECB 13,2013-11-28,2023-11-16,3640,1600,2126874900,0,0,75805366.23,75805366.23,2126874900,0,7.05,NA,7.05
2019,Segundo Trimestre,Junio,P09-1118104,Largo Plazo,Mercado de Capitales,EVERCORE,BONO GCDMXCB 18V,2018-11-21,2028-11-08,3640,3419,1100000000,0,0,55221833.33,55221833.33,1100000000,0,9.93,NA,9.93
2019,Segundo Trimestre,Junio,P09-1212219,Largo Plazo,Banca de Desarrollo,BANOBRAS,BANOBRAS 145,2012-12-31,2027-11-25,5442,3070,145773291.7,0,2618681.88,1578819.31,4197501.19,88162290.38,-2618681.88,5.96,0.91,6.87
2019,Segundo Trimestre,Junio,P09-1213189,Largo Plazo,Banca de Desarrollo,BANOBRAS,"BANOBRAS 1,024",2013-12-31,2023-10-25,3585,1578,1024317877,0,38703850.98,15833442.55,54537293.53,676053896.2,-38703850.98,TIIE,0.32,TIIE+0.32
2019,Segundo Trimestre,Junio,P09-1214244,Largo Plazo,Banca de Desarrollo,BANOBRAS,"BANOBRAS 1,949",2014-12-31,2029-11-26,5444,3802,1949386371,0,37730058.81,36187678.66,73917737.47,1572085783,-37730058.81,TIIE,0.36,TIIE+0.36
2019,Segundo Trimestre,Junio,P09-1218139,Largo Plazo,Banca Comercial,HSBC,"HSBC 1,170",2018-12-31,2028-12-26,3648,3467,1170915400,0,0,28935921.56,28935921.56,1170915400,0,9.67,NA,9.67
2019,Segundo Trimestre,Junio,P09-1218140,Largo Plazo,Banca Comercial,BANCOMER,"BANCOMER 3,000-18",2018-12-31,2028-12-26,3648,3467,3000000000,0,0,69920000,69920000,3000000000,0,9.12,NA,9.12
2019,Tercer Trimestre,Septiembre,233/2007,Largo Plazo,Banca Comercial,HSBC,"HSBC 7,000",2007-09-07,1947-09-25,14628,10222,7000000000,0,0,160094666.7,160094666.7,7000000000,0,TIIE,0.53,TIIE+0.53
2019,Tercer Trimestre,Septiembre,260/2007,Largo Plazo,Banca de Desarrollo,BANOBRAS,"BANOBRAS  4,806",2007-10-17,1937-10-26,10967,6601,4806995489,0,6117591.77,105146981.3,111264573,4687197216,-6117591.77,TIIE,0.35,TIIE+0.35
2019,Tercer Trimestre,Septiembre,262/2007,Largo Plazo,Banca de Desarrollo,BANOBRAS,"BANOBRAS 4,000",2007-10-17,1947-10-25,14618,10252,4000000000,0,336776447.9,86324656.63,423101104.5,3663223552,-336776447.9,TIIE,0.53,TIIE+0.53
2019,Tercer Trimestre,Septiembre,721/2011,Largo Plazo,Banca Comercial,BANAMEX,"BANAMEX 1,500",2011-12-29,2026-12-28,5478,2646,1500000000,0,20209581,16327484.33,36537065.33,954341313,-20209581,TIIE,TIIE-1.815,TIIE+TIIE-1.815
2019,Tercer Trimestre,Septiembre,P09-1112186,Largo Plazo,Mercado de Capitales,EVERCORE,BONO GDFECB 12,2012-11-30,2027-11-12,5460,2965,2500000000,0,0,0,0,2500000000,0,6.85,NA,6.85
2019,Tercer Trimestre,Septiembre,P09-1216054,Largo Plazo,Mercado de Capitales,EVERCORE,BONO GCDMXCB 16V,2016-12-09,2021-12-03,1820,795,1000000000,0,0,20751111.11,20774444.45,1000000000,0,TIIE,0.42,TIIE+0.42
2019,Tercer Trimestre,Septiembre,P09-1216082,Largo Plazo,Banca Comercial,BANCOMER,"BANCOMER 3,000-15",2016-12-30,1931-12-26,5474,4470,3000000000,0,53571428.58,55892738.1,109464166.7,2625000000,-53571428.58,8.22,NA,8.22
2019,Tercer Trimestre,Septiembre,P09-1218140,Largo Plazo,Banca Comercial,BANCOMER,"BANCOMER 3,000-18",2018-12-31,2028-12-26,3648,3375,3000000000,0,0,69920000,69920000,3000000000,0,9.12,NA,9.12
2019,Cuarto Trimestre,Diciembre,224/2007,Largo Plazo,Banca Comercial,BANCOMER,"BANCOMER 3,457",2007-08-30,1937-07-27,10924,6418,3457974221,0,18129622.28,298867978.8,316997601.1,3371016262,-18129622.28,TIIE,0.35,TIIE+0.35
2019,Cuarto Trimestre,Diciembre,225/2007,Largo Plazo,Banca Comercial,BANCOMER,BANCOMER 7000,2007-08-31,1940-08-27,12050,7545,7000000000,0,117633006.9,570746202.4,688379209.3,6253576222,-117633006.9,8.91,NA,8.91
2019,Cuarto Trimestre,Diciembre,226/2007,Largo Plazo,Banca Comercial,BANCOMER,"BANCOMER 4,700",2007-08-31,1937-07-27,10923,6418,4700000000,0,24641370.75,413749058.9,438390429.6,4581808718,-24641370.75,8.8,NA,8.8
2019,Cuarto Trimestre,Diciembre,329/2007,Largo Plazo,Mercado de Capitales,CI BANCO,BONO GDFCB 07,2007-12-17,2027-11-22,7280,2883,575000000,0,0,50290138.88,50290138.88,575000000,0,8.65,NA,8.65
2019,Cuarto Trimestre,Diciembre,721/2011,Largo Plazo,Banca Comercial,BANAMEX,"BANAMEX 1,500",2011-12-29,2026-12-28,5478,2554,1500000000,0,80838324,64996919.52,145835243.5,934131732,-80838324,TIIE,TIIE-1.815,TIIE+TIIE-1.815
2019,Cuarto Trimestre,Diciembre,P09-1014157,Largo Plazo,Mercado de Capitales,EVERCORE,BONO GDFECB 14,2014-11-03,2024-10-21,3640,1756,2500000000,0,0,162283333.3,162283333.3,2500000000,0,6.42,NA,6.42
2019,Cuarto Trimestre,Diciembre,P09-1113146,Largo Plazo,Mercado de Capitales,EVERCORE,BONO GDFECB 13,2013-11-28,2023-11-16,3640,1416,2126874900,0,0,151610732.5,151610732.5,2126874900,0,7.05,NA,7.05
2019,Cuarto Trimestre,Diciembre,P09-1213198,Largo Plazo,Banca Comercial,BANAMEX,"BANAMEX 3,500",2013-12-31,2023-12-26,3647,1456,3500000000,0,437500000.1,123580861.2,561080861.2,1750000000,-437500000.1,5.74,NA,5.74
2019,Cuarto Trimestre,Diciembre,P09-1214242,Largo Plazo,Banca Comercial,BANCOMER,BANCOMER 2500,2014-12-26,2024-12-26,3653,1822,2500000000,0,312500000,100916160.3,413416160.4,1562500000,-312500000,5.75,NA,5.75
2019,Cuarto Trimestre,Diciembre,P09-1216082,Largo Plazo,Banca Comercial,BANCOMER,"BANCOMER 3,000-15",2016-12-30,1931-12-26,5474,4378,3000000000,0,214285714.3,223937916.7,438223631,2571428571,-214285714.3,8.22,NA,8.22
2019,Cuarto Trimestre,Diciembre,P09-1217134,Largo Plazo,Banca de Desarrollo,BANOBRAS,"BANOBRAS 1,378",2017-12-29,1932-12-27,5477,4745,1378859929,0,91923995.28,109937980.8,201861976.1,1195011938,-91923995.28,TIIE,0.34,TIIE+0.34
2019,Cuarto Trimestre,Diciembre,P09-1218138,Largo Plazo,Banca Comercial,SANTANDER,"SANTANDER 2,400",2018-12-31,2028-12-26,3648,3283,2400000000,0,0,229200000,229200000,2400000000,0,9.55,NA,9.55
2019,Cuarto Trimestre,Diciembre,P09-1219057,Largo Plazo,Mercado de Capitales,CI BANCO,BONO CDMXCB 19,2019-12-03,2029-11-20,3640,3612,1500000000,1500000000,0,0,0,1500000000,1500000000,7.82,NA,7.82
2019,Cuarto Trimestre,Diciembre,P09-1219069,Largo Plazo,Banca de Desarrollo,BANOBRAS,"BANOBRAS 2,000",2019-12-30,2026-12-28,2555,2554,2000000000,2000000000,0,0,0,2000000000,2000000000,TIIE,0.2,TIIE+0.20
2019,Cuarto Trimestre,Diciembre,P09-1219071,Largo Plazo,Banca Comercial,BANCOMER,"BANCOMER 3,421",2019-12-30,2029-12-26,3649,3648,3421287307,3421287307,0,0,0,3421287307,3421287307,6.74,NA,6.74
2019,Cuarto Trimestre,Diciembre,P09-1219072,Largo Plazo,Banca Comercial,BANCOMER,BANCOMER 500-19,2019-12-30,2029-12-26,3649,3648,500000000,500000000,0,0,0,500000000,500000000,7.09,NA,7.09
2019,Primer Trimestre,Marzo,224/2007,Largo Plazo,Banca Comercial,BANCOMER,"BANCOMER 3,457",2007-08-30,1937-07-27,10924,6693,3457974221,0,4194599.93,74728244.75,78922844.68,3384951284,-4194599.93,TIIE,0.35,TIIE+0.35
2019,Primer Trimestre,Marzo,225/2007,Largo Plazo,Banca Comercial,BANCOMER,BANCOMER 7000,2007-08-31,1940-08-27,12050,7820,7000000000,0,28565039.09,140143855.6,168708894.7,6342644190,-28565039.09,8.91,NA,8.91
2019,Primer Trimestre,Marzo,233/2007,Largo Plazo,Banca Comercial,HSBC,"HSBC 7,000",2007-09-07,1947-09-25,14628,10405,7000000000,0,0,157521447.2,157521447.2,7000000000,0,TIIE,0.53,TIIE+0.53
2019,Primer Trimestre,Marzo,262/2007,Largo Plazo,Banca de Desarrollo,BANOBRAS,"BANOBRAS 4,000",2007-10-17,1947-10-25,14618,10435,4000000000,0,0,89955533.34,89955533.34,4000000000,0,TIIE,0.53,TIIE+0.53
2019,Primer Trimestre,Marzo,329/2007,Largo Plazo,Mercado de Capitales,CI BANCO,BONO GDFCB 07,2007-12-17,2027-11-22,7280,3158,575000000,0,0,0,0,575000000,0,8.65,NA,8.65
2019,Primer Trimestre,Marzo,P09-0915121,Largo Plazo,Mercado de Capitales,EVERCORE,BONO GDFECB 15-2,2015-09-25,2025-09-12,3640,2357,2500000000,0,0,84680555.56,84680555.56,2500000000,0,6.7,NA,6.7
2019,Primer Trimestre,Marzo,P09-1012161,Largo Plazo,Bonos Cupón Cero,BANOBRAS,"BANOBRAS 2,138",2012-11-12,1932-11-25,7318,4988,2138648319,0,0,42139094.8,42139094.8,2138648319,0,7.09,0.88,7.97
2019,Primer Trimestre,Marzo,P09-1113146,Largo Plazo,Mercado de Capitales,EVERCORE,BONO GDFECB 13,2013-11-28,2023-11-16,3640,1691,2126874900,0,0,0,0,2126874900,0,7.05,NA,7.05
2019,Primer Trimestre,Marzo,P09-1212219,Largo Plazo,Banca de Desarrollo,BANOBRAS,"BANOBRAS 1,954",2012-12-28,2027-11-25,5445,3161,1954226708,0,35105869.02,21102423.91,56208292.93,1217003459,-35105869.02,5.97,0.91,6.88
2019,Primer Trimestre,Marzo,P09-1213198,Largo Plazo,Banca Comercial,BANAMEX,"BANAMEX 3,500",2013-12-31,2023-12-26,3647,1731,3500000000,0,109375000,33578238.32,142953238.3,2078125000,-109375000,5.74,NA,5.74
2019,Primer Trimestre,Marzo,P09-1214242,Largo Plazo,Banca Comercial,BANCOMER,BANCOMER 2500,2014-12-26,2024-12-26,3653,2097,2500000000,0,78125000.01,26291775.18,104416775.2,1796875000,-78125000.01,5.75,NA,5.75
2019,Primer Trimestre,Marzo,P09-1215163,Largo Plazo,Banca Comercial,SANTANDER,"SANTANDER 3,500",2015-12-30,2022-12-26,2553,1366,3500000000,0,175000000,60710399.01,235710399,2625000000,-175000000,TIIE,0.38,TIIE+0.38
2019,Primer Trimestre,Marzo,P09-1216082,Largo Plazo,Banca Comercial,BANCOMER,"BANCOMER 3,000-15",2016-12-30,1931-12-26,5474,4653,3000000000,0,53571428.58,56255625.01,109827053.6,2732142857,-53571428.58,8.22,NA,8.22
2019,Primer Trimestre,Marzo,P09-1218138,Largo Plazo,Banca Comercial,SANTANDER,"SANTANDER 2,400",2018-12-31,2028-12-26,3648,3558,2400000000,0,0,53480000.01,53480000.01,2400000000,0,9.55,NA,9.55
2019,Primer Trimestre,Marzo,P09-1218140,Largo Plazo,Banca Comercial,BANCOMER,"BANCOMER 3,000-18",2018-12-31,2028-12-26,3648,3558,3000000000,0,0,63840000,63840000,3000000000,0,9.12,NA,9.12
2019,Segundo Trimestre,Junio,145/2010,Largo Plazo,Mercado de Capitales,CI BANCO,BONO GDFCB 10-2,2010-06-25,2020-06-12,3640,348,2520951200,0,0,100683989.9,100683989.9,2520951200,0,7.9,NA,7.9
2019,Segundo Trimestre,Junio,261/2007,Largo Plazo,Banca de Desarrollo,BANOBRAS,"BANOBRAS  4,459",2007-10-17,1940-10-25,12062,7788,4459000000,0,8705350.48,96202120.8,104907471.3,4248733119,-8705350.48,TIIE,0.35,TIIE+0.35
2019,Segundo Trimestre,Junio,329/2007,Largo Plazo,Mercado de Capitales,CI BANCO,BONO GDFCB 07,2007-12-17,2027-11-22,7280,3067,575000000,0,0,25145069.44,25145069.44,575000000,0,8.65,NA,8.65
2019,Segundo Trimestre,Junio,513/2008,Largo Plazo,Banca de Desarrollo,BANOBRAS,"BANOBRAS  1,914",2008-12-26,2019-10-25,3955,117,1914680897,0,38322991.5,1862510.84,40185502.34,51097322.01,-38322991.5,TIIE,0.97,TIIE+0.97
2019,Segundo Trimestre,Junio,562/2010,Largo Plazo,Banca de Desarrollo,BANOBRAS,"BANOBRAS  1,499",2010-12-28,1940-10-25,10894,7788,1499069398,0,9027778.05,27697629.19,36725407.24,1181013842,-9027778.05,9.13,NA,9.13
2019,Segundo Trimestre,Junio,P09-1212219,Largo Plazo,Banca de Desarrollo,BANOBRAS,"BANOBRAS 1,954",2012-12-28,2027-11-25,5445,3070,1954226708,0,35105869.02,21196351.61,56302220.63,1181897590,-35105869.02,5.97,0.91,6.88
2019,Segundo Trimestre,Junio,P09-1215163,Largo Plazo,Banca Comercial,SANTANDER,"SANTANDER 3,500",2015-12-30,2022-12-26,2553,1275,3500000000,0,175000000,58318409.73,233318409.7,2450000000,-175000000,TIIE,0.38,TIIE+0.38
2019,Segundo Trimestre,Junio,P09-1216082,Largo Plazo,Banca Comercial,BANCOMER,"BANCOMER 3,000-15",2016-12-30,1931-12-26,5474,4562,3000000000,0,53571428.58,57026250,110597678.6,2678571429,-53571428.58,8.22,NA,8.22
2019,Segundo Trimestre,Junio,P09-1216083,Largo Plazo,Banca Comercial,BANCOMER,"BANCOMER 3,000-7",2016-12-30,2023-12-26,2552,1640,3000000000,0,125000000,45515069.44,170515069.5,2250000000,-125000000,7.63,NA,7.63
2019,Segundo Trimestre,Junio,P09-1217134,Largo Plazo,Banca de Desarrollo,BANOBRAS,"BANOBRAS 1,378",2017-12-29,1932-12-27,5477,4929,1378859929,0,22980998.82,28397771.86,51378770.68,1240973936,-22980998.82,TIIE,0.34,TIIE+0.34
2019,Tercer Trimestre,Septiembre,225/2007,Largo Plazo,Banca Comercial,BANCOMER,BANCOMER 7000,2007-08-31,1940-08-27,12050,7637,7000000000,0,29685659.41,143538530.7,173224190.1,6283838571,-29685659.41,8.91,NA,8.91
2019,Tercer Trimestre,Septiembre,261/2007,Largo Plazo,Banca de Desarrollo,BANOBRAS,"BANOBRAS  4,459",2007-10-17,1940-10-25,12062,7696,4459000000,0,8995235.06,95092085.37,104087320.4,4239737884,-8995235.06,TIIE,0.35,TIIE+0.35
2019,Tercer Trimestre,Septiembre,514/2008,Largo Plazo,Banca de Desarrollo,BANOBRAS,BANOBRAS  175,2009-12-24,2028-11-27,6913,3346,174978799.6,0,2421929.16,2026715.76,4448644.92,88804068.89,-2421929.16,TIIE,0.35,TIIE+0.35
2019,Tercer Trimestre,Septiembre,P09-0915121,Largo Plazo,Mercado de Capitales,EVERCORE,BONO GDFECB 15,2015-09-25,2020-09-18,1820,354,1382000000,0,345500000,27538653.33,373038653.3,806166666.7,-345500000,TIIE,0.12,TIIE+0.12
2019,Tercer Trimestre,Septiembre,P09-0915121,Largo Plazo,Mercado de Capitales,EVERCORE,BONO GDFECB 15-2,2015-09-25,2025-09-12,3640,2174,2500000000,0,0,84680555.56,84680555.56,2500000000,0,6.7,NA,6.7
2019,Tercer Trimestre,Septiembre,P09-1012161,Largo Plazo,Bonos Cupón Cero,BANOBRAS,BANOBRAS 196,2013-11-07,1932-11-25,6958,4805,196783977,0,0,4314816.68,4314816.68,196783977,0,7.7,0.88,8.58
2019,Tercer Trimestre,Septiembre,P09-1012161,Largo Plazo,Bonos Cupón Cero,BANOBRAS,"BANOBRAS 2,138",2012-11-12,1932-11-25,7318,4805,2138648319,0,0,43559513.72,43559513.72,2138648319,0,7.09,0.88,7.97
2019,Tercer Trimestre,Septiembre,P09-1012161,Largo Plazo,Bonos Cupón Cero,BANOBRAS,BANOBRAS 294,2012-11-30,1932-11-25,7300,4805,294874160,0,0,5953181.66,5953181.66,294874160,0,7.02,0.88,7.9
2019,Tercer Trimestre,Septiembre,P09-1014157,Largo Plazo,Mercado de Capitales,EVERCORE,BONO GDFECB 14,2014-11-03,2024-10-21,3640,1848,2500000000,0,0,0,0,2500000000,0,6.42,NA,6.42
2019,Tercer Trimestre,Septiembre,P09-1113146,Largo Plazo,Mercado de Capitales,EVERCORE,BONO GDFECB 13,2013-11-28,2023-11-16,3640,1508,2126874900,0,0,0,0,2126874900,0,7.05,NA,7.05
2019,Tercer Trimestre,Septiembre,P09-1214244,Largo Plazo,Banca de Desarrollo,BANOBRAS,"BANOBRAS 1,949",2014-12-31,2029-11-26,5444,3710,1949386371,0,37730058.81,34995667.12,72725725.93,1534355724,-37730058.81,TIIE,0.36,TIIE+0.36
2019,Cuarto Trimestre,Diciembre,145/2010,Largo Plazo,Mercado de Capitales,CI BANCO,BONO GDFCB 10-2,2010-06-25,2020-06-12,3640,164,2520951200,0,0,201367979.7,201367979.7,840317066.7,0,7.9,NA,7.9
2019,Cuarto Trimestre,Diciembre,260/2007,Largo Plazo,Banca de Desarrollo,BANOBRAS,"BANOBRAS  4,806",2007-10-17,1937-10-26,10967,6509,4806995489,0,23897538.34,414914728.8,438812267.2,4680762288,-23897538.34,TIIE,0.35,TIIE+0.35
2019,Cuarto Trimestre,Diciembre,262/2007,Largo Plazo,Banca de Desarrollo,BANOBRAS,"BANOBRAS 4,000",2007-10-17,1947-10-25,14618,10160,4000000000,0,336776447.9,348356204.9,685132652.8,3663223552,-336776447.9,TIIE,0.53,TIIE+0.53
2019,Cuarto Trimestre,Diciembre,513/2008,Largo Plazo,Banca de Desarrollo,BANOBRAS,"BANOBRAS  1,914",2008-12-26,2019-10-25,3955,0,1914680897,0,127743305,4983440.87,132726745.9,0,-127743305,TIIE,0.97,TIIE+0.97
2019,Cuarto Trimestre,Diciembre,562/2010,Largo Plazo,Banca de Desarrollo,BANOBRAS,"BANOBRAS  1,499",2010-12-28,1940-10-25,10894,7604,1499069398,0,36111112.92,109455422.2,145566535.1,1162958285,-36111112.92,9.13,NA,9.13
2019,Cuarto Trimestre,Diciembre,P09-1012161,Largo Plazo,Bonos Cupón Cero,BANOBRAS,BANOBRAS 196,2013-11-07,1932-11-25,6958,4713,196783977,0,0,17118566.16,17118566.16,196783977,0,7.7,0.88,8.58
2019,Cuarto Trimestre,Diciembre,P09-1012161,Largo Plazo,Bonos Cupón Cero,BANOBRAS,BANOBRAS 294,2012-11-30,1932-11-25,7300,4713,294874160,0,0,23618601.16,23618601.16,294874160,0,7.02,0.88,7.9
2019,Cuarto Trimestre,Diciembre,P09-1214244,Largo Plazo,Banca de Desarrollo,BANOBRAS,"BANOBRAS 1,949",2014-12-31,2029-11-26,5444,3618,1949386371,0,150920235.2,139732200.6,290652435.8,1496625666,-150920235.2,TIIE,0.36,TIIE+0.36
2019,Cuarto Trimestre,Diciembre,P09-1217133,Largo Plazo,Banca Comercial,HSBC,"HSBC 2,500",2017-12-29,2024-12-26,2554,1822,2500000000,0,357142857.1,149631713,506774570.1,1785714286,-357142857.1,7.46,NA,7.46
2019,Cuarto Trimestre,Diciembre,P09-1218139,Largo Plazo,Banca Comercial,HSBC,"HSBC 1,170",2018-12-31,2028-12-26,3648,3283,1170915400,0,0,113227519.1,113227519.1,1170915400,0,9.67,NA,9.67
2019,Cuarto Trimestre,Diciembre,P09-1219070,Largo Plazo,Banca Comercial,BANCOMER,"BANCOMER 2,000",2019-12-30,2026-12-28,2555,2554,2000000000,2000000000,0,0,0,2000000000,2000000000,TIIE,0.22,TIIE+0.22
2020,Primer Trimestre,Marzo,260/2007,Largo Plazo,Banca de Desarrollo,BANOBRAS,"BANOBRAS  4,806",2007-10-17,1937-10-26,10967,6418,4806995489,0,6768721.46,91441181.55,98209903.01,4673993566,-6768721.46,TIIE,0.35,TIIE+0.35
2020,Primer Trimestre,Marzo,261/2007,Largo Plazo,Banca de Desarrollo,BANOBRAS,"BANOBRAS  4,459",2007-10-17,1940-10-25,12062,7513,4459000000,0,9604281.92,82561484.18,92165766.1,4220838829,-9604281.92,TIIE,0.35,TIIE+0.35
2020,Primer Trimestre,Marzo,514/2008,Largo Plazo,Banca de Desarrollo,BANOBRAS,BANOBRAS  175,2009-12-24,2028-11-27,6913,3163,174978799.6,0,2421929.16,1673215.99,4095145.15,83960210.57,-2421929.16,TIIE,0.35,TIIE+0.35
2020,Primer Trimestre,Marzo,721/2011,Largo Plazo,Banca Comercial,BANAMEX,"BANAMEX 1,500",2011-12-29,2026-12-28,5478,2463,1500000000,0,20209581,13094834.33,33304415.33,913922151,-20209581,TIIE,TIIE-1.815,TIIE+TIIE-1.815
2020,Primer Trimestre,Marzo,P09-0915121,Largo Plazo,Mercado de Capitales,EVERCORE,BONO GDFECB 15-2,2015-09-25,2025-09-12,3640,1991,2500000000,0,0,84680555.56,84680555.56,2500000000,0,6.7,NA,6.7
2020,Primer Trimestre,Marzo,P09-0917056,Largo Plazo,Mercado de Capitales,EVERCORE,BONO GCDMXCB 17X,2017-09-19,2028-03-07,3822,2898,2000000000,0,0,76844444.44,76844444.44,2000000000,0,7.6,NA,7.6
2020,Primer Trimestre,Marzo,P09-1012161,Largo Plazo,Bonos Cupón Cero,BANOBRAS,BANOBRAS 196,2013-11-07,1932-11-25,6958,4622,196783977,0,0,4221016.3,4221016.3,196783977,0,7.7,0.88,8.58
2020,Primer Trimestre,Marzo,P09-1112186,Largo Plazo,Mercado de Capitales,EVERCORE,BONO GDFECB 12,2012-11-30,2027-11-12,5460,2782,2500000000,0,0,0,0,2500000000,0,6.85,NA,6.85
2020,Primer Trimestre,Marzo,P09-1212219,Largo Plazo,Banca de Desarrollo,BANOBRAS,"BANOBRAS 1,954",2012-12-28,2027-11-25,5445,2795,1954226708,0,35105869.02,18926432.12,54032301.14,1076579983,-35105869.02,5.97,0.91,6.88
2020,Primer Trimestre,Marzo,P09-1213189,Largo Plazo,Banca de Desarrollo,BANOBRAS,"BANOBRAS 1,024",2013-12-31,2023-10-25,3585,1303,1024317877,0,16003942.5,11850717.22,27854659.72,597775524.1,-16003942.5,TIIE,0.32,TIIE+0.32
2020,Primer Trimestre,Marzo,P09-1213198,Largo Plazo,Banca Comercial,BANAMEX,"BANAMEX 3,500",2013-12-31,2023-12-26,3647,1365,3500000000,0,109375000,24606762.15,133981762.2,1640625000,-109375000,5.74,NA,5.74
2020,Primer Trimestre,Marzo,P09-1214244,Largo Plazo,Banca de Desarrollo,BANOBRAS,"BANOBRAS 1,949",2014-12-31,2029-11-26,5444,3527,1949386371,0,37730058.81,29052981.62,66783040.43,1458895607,-37730058.81,TIIE,0.36,TIIE+0.36
2020,Primer Trimestre,Marzo,P09-1215163,Largo Plazo,Banca Comercial,SANTANDER,"SANTANDER 3,500",2015-12-30,2022-12-26,2553,1000,3500000000,0,175000000,40096554.17,215096554.2,1925000000,-175000000,TIIE,0.38,TIIE+0.38
2020,Primer Trimestre,Marzo,P09-1216054,Largo Plazo,Mercado de Capitales,EVERCORE,BONO GCDMXCB 16V,2016-12-09,2021-12-03,1820,612,1000000000,0,0,24748888.89,24748888.89,1000000000,0,TIIE,0.42,TIIE+0.42
2020,Primer Trimestre,Marzo,P09-1219069,Largo Plazo,Banca de Desarrollo,BANOBRAS,"BANOBRAS 2,000",2019-12-30,2026-12-28,2555,2463,2000000000,0,0,36597294.44,36597294.44,2000000000,0,TIIE,0.2,TIIE+0.20
2020,Primer Trimestre,Marzo,P09-1219070,Largo Plazo,Banca Comercial,BANCOMER,"BANCOMER 2,000",2019-12-30,2026-12-28,2555,2463,2000000000,0,0,36692850,36692850,2000000000,0,TIIE,0.22,TIIE+0.22
2020,Primer Trimestre,Marzo,P09-1219071,Largo Plazo,Banca Comercial,BANCOMER,"BANCOMER 3,421",2019-12-30,2029-12-26,3649,3557,3421287307,0,0,55086527.07,55086527.07,3421287307,0,6.74,NA,6.74
2020,Segundo Trimestre,Junio,226/2007,Largo Plazo,Banca Comercial,BANCOMER,"BANCOMER 4,700",2007-08-31,1937-07-27,10923,6236,4700000000,0,14320834.79,205431189.1,219752023.9,4567487883,-14320834.79,8.8,NA,8.8
2020,Segundo Trimestre,Junio,260/2007,Largo Plazo,Banca de Desarrollo,BANOBRAS,"BANOBRAS  4,806",2007-10-17,1937-10-26,10967,6327,4806995489,0,13888545.55,170764260.5,184652806.1,4666873742,-13888545.55,TIIE,0.35,TIIE+0.35
2020,Segundo Trimestre,Junio,261/2007,Largo Plazo,Banca de Desarrollo,BANOBRAS,"BANOBRAS  4,459",2007-10-17,1940-10-25,12062,7422,4459000000,0,19528381.49,154123903,173652284.5,4210914729,-19528381.49,TIIE,0.35,TIIE+0.35
2020,Segundo Trimestre,Junio,P09-0915121,Largo Plazo,Mercado de Capitales,EVERCORE,BONO GDFECB 15,2015-09-25,2020-09-18,1820,80,1382000000,0,0,53292991.11,53292991.11,460666666.6,0,TIIE,0.12,TIIE+0.12
2020,Segundo Trimestre,Junio,P09-1014157,Largo Plazo,Mercado de Capitales,EVERCORE,BONO GDFECB 14,2014-11-03,2024-10-21,3640,1574,2500000000,0,0,81141666.67,81141666.67,2500000000,0,6.42,NA,6.42
2020,Segundo Trimestre,Junio,P09-1214242,Largo Plazo,Banca Comercial,BANCOMER,BANCOMER 2500,2014-12-26,2024-12-26,3653,1640,2500000000,0,156250000,43536783.85,199786783.9,1406250000,-156250000,5.75,NA,5.75
2020,Segundo Trimestre,Junio,P09-1215163,Largo Plazo,Banca Comercial,SANTANDER,"SANTANDER 3,500",2015-12-30,2022-12-26,2553,909,3500000000,0,350000000,71951109.35,421951109.3,1750000000,-350000000,TIIE,0.38,TIIE+0.38
2020,Segundo Trimestre,Junio,P09-1216082,Largo Plazo,Banca Comercial,BANCOMER,"BANCOMER 3,000-15",2016-12-30,1931-12-26,5474,4196,3000000000,0,107142857.2,105012946.4,212155803.6,2464285714,-107142857.2,8.22,NA,8.22
2020,Segundo Trimestre,Junio,P09-1217134,Largo Plazo,Banca de Desarrollo,BANOBRAS,"BANOBRAS 1,378",2017-12-29,1932-12-27,5477,4563,1378859929,0,45961997.64,42933207.15,88895204.79,1149049941,-45961997.64,TIIE,0.34,TIIE+0.34
2020,Segundo Trimestre,Junio,P09-1218138,Largo Plazo,Banca Comercial,SANTANDER,"SANTANDER 2,400",2018-12-31,2028-12-26,3648,3101,2400000000,0,133333333.3,113202870.4,246536203.7,2266666667,-133333333.3,9.55,NA,9.55
2020,Segundo Trimestre,Junio,P09-1218139,Largo Plazo,Banca Comercial,HSBC,"HSBC 1,170",2018-12-31,2028-12-26,3648,3101,1170915400,0,65050855.56,55923560.98,120974416.5,1105864544,-65050855.56,9.67,NA,9.67
2020,Segundo Trimestre,Junio,P09-1219057,Largo Plazo,Mercado de Capitales,CI BANCO,BONO CDMXCB 19,2019-12-03,2029-11-20,3640,3430,1500000000,0,0,59301666.67,118603333.3,1500000000,0,7.82,NA,7.82
2020,Segundo Trimestre,Junio,P09-1219069,Largo Plazo,Banca de Desarrollo,BANOBRAS,"BANOBRAS 2,000",2019-12-30,2026-12-28,2555,2372,2000000000,0,0,69727249.99,69727249.99,2000000000,0,TIIE,0.2,TIIE+0.20
2020,Segundo Trimestre,Junio,P09-1219072,Largo Plazo,Banca Comercial,BANCOMER,BANCOMER 500-19,2019-12-30,2029-12-26,3649,3466,500000000,0,0,17528055.54,17528055.54,500000000,0,7.09,NA,7.09
2020,Tercer Trimestre,Septiembre,226/2007,Largo Plazo,Banca Comercial,BANCOMER,"BANCOMER 4,700",2007-08-31,1937-07-27,10923,6144,4700000000,0,22043083.86,309025576.7,331068660.6,4559765634,-22043083.86,8.8,NA,8.8
2020,Tercer Trimestre,Septiembre,721/2011,Largo Plazo,Banca Comercial,BANAMEX,"BANAMEX 1,500",2011-12-29,2026-12-28,5478,2280,1500000000,0,60628743,36871383.9,97500126.9,873502989,-60628743,TIIE,TIIE-1.815,TIIE+TIIE-1.815
2020,Tercer Trimestre,Septiembre,P09-1216083,Largo Plazo,Banca Comercial,BANCOMER,"BANCOMER 3,000-7",2016-12-30,2023-12-26,2552,1182,3000000000,0,375000000,106466759.2,481466759.3,1625000000,-375000000,7.63,NA,7.63
2020,Tercer Trimestre,Septiembre,P09-1217133,Largo Plazo,Banca Comercial,HSBC,"HSBC 2,500",2017-12-29,2024-12-26,2554,1548,2500000000,0,267857142.8,94631481.48,362488624.3,1517857143,-267857142.8,7.46,NA,7.46
2020,Tercer Trimestre,Septiembre,P09-1218139,Largo Plazo,Banca Comercial,HSBC,"HSBC 1,170",2018-12-31,2028-12-26,3648,3009,1170915400,0,97576283.34,140266227.8,306124988.9,1073339117,-165858761.1,9.67,NA,9.67
2020,Tercer Trimestre,Septiembre,P09-1219070,Largo Plazo,Banca Comercial,BANCOMER,"BANCOMER 2,000",2019-12-30,2026-12-28,2555,2280,2000000000,0,0,97700450,97700450,2000000000,0,TIIE,0.22,TIIE+0.22
2020,Tercer Trimestre,Septiembre,P09-1219072,Largo Plazo,Banca Comercial,BANCOMER,BANCOMER 500-19,2019-12-30,2029-12-26,3649,3374,500000000,0,0,26587499.98,26587499.98,500000000,0,7.09,NA,7.09
2020,Tercer Trimestre,Septiembre,514/2008,Largo Plazo,Banca de Desarrollo,BANOBRAS,BANOBRAS  175,2009-12-24,2028-11-27,6913,2980,174978799.6,0,7265787.48,4235825.13,11501612.61,79116352.25,-7265787.48,TIIE,0.35,TIIE+0.35
2020,Tercer Trimestre,Septiembre,P09-1212219,Largo Plazo,Banca de Desarrollo,BANOBRAS,"BANOBRAS 1,954",2012-12-28,2027-11-25,5445,2612,1954226708,0,105317607.1,55761746.24,161079353.3,1006368245,-105317607.1,5.97,0.91,6.88
2020,Tercer Trimestre,Septiembre,329/2007,Largo Plazo,Mercado de Capitales,CI BANCO,BONO GDFCB 07,2007-12-17,2027-11-22,7280,2609,575000000,0,0,25145069.44,25145069.44,575000000,0,8.65,NA,8.65
2020,Tercer Trimestre,Septiembre,145/2010,Largo Plazo,Mercado de Capitales,CI BANCO,BONO GDFCB10-2,2010-06-25,2020-06-12,3640,0,2520951200,0,840317066.7,100683989.9,941001056.5,0,-840317066.7,7.09,NA,7.09
2020,Tercer Trimestre,Septiembre,P09-1113146,Largo Plazo,Mercado de Capitales,EVERCORE,BONO GDFECB 13,2013-11-28,2023-11-16,3640,1142,2126874900,0,0,75805366.23,75805366.23,2126874900,0,7.05,NA,7.05
2020,Tercer Trimestre,Septiembre,P09-1014157,Largo Plazo,Mercado de Capitales,EVERCORE,BONO GDFECB 14,2014-11-03,2024-10-21,3640,1482,2500000000,0,0,81141666.67,81141666.67,2500000000,0,6.42,NA,6.42
2020,Tercer Trimestre,Septiembre,P09-1216054,Largo Plazo,Mercado de Capitales,EVERCORE,BONO GCDMXCB 16V,2016-12-09,2021-12-03,1820,429,1000000000,0,0,53814444.43,53814444.43,1000000000,0,TIIE,0.42,TIIE+0.42
2020,Tercer Trimestre,Septiembre,P09-1219057,Largo Plazo,Mercado de Capitales,CI BANCO,BONO CDMXCB 19,2019-12-03,2029-11-20,3640,3338,1500000000,0,0,59301666.67,118603333.3,1500000000,0,7.82,NA,7.82
2020,Primer Trimestre,Marzo,224/2007,Largo Plazo,Banca Comercial,BANCOMER,"BANCOMER 3,457",2007-08-30,1937-07-27,10924,6327,3457974221,0,5135018.13,65835191.47,70970209.6,3365881244,-5135018.13,TIIE,0.35,TIIE+0.35
2020,Primer Trimestre,Marzo,225/2007,Largo Plazo,Banca Comercial,BANCOMER,BANCOMER 7000,2007-08-31,1940-08-27,12050,7454,7000000000,0,30850242.21,139076982.7,169927224.9,6222725980,-30850242.21,8.91,NA,8.91
2020,Primer Trimestre,Marzo,P09-0915121,Largo Plazo,Mercado de Capitales,EVERCORE,BONO GDFECB 15,2015-09-25,2020-09-18,1820,171,1382000000,0,0,24872928.89,24872928.89,460666666.6,0,TIIE,0.12,TIIE+0.12
2020,Primer Trimestre,Marzo,P09-1012161,Largo Plazo,Bonos Cupón Cero,BANOBRAS,"BANOBRAS 2,138",2012-11-12,1932-11-25,7318,4622,2138648319,0,0,42612567.77,42612567.77,2138648319,0,7.09,0.88,7.97
2020,Primer Trimestre,Marzo,P09-1118104,Largo Plazo,Mercado de Capitales,EVERCORE,BONO GCDMXCB 18V,2018-11-21,2028-11-08,3640,3144,1100000000,0,0,0,0,1100000000,0,9.93,NA,9.93
2020,Primer Trimestre,Marzo,P09-1212219,Largo Plazo,Banca de Desarrollo,BANOBRAS,BANOBRAS 145,2012-12-31,2027-11-25,5442,2795,145773291.7,0,2618681.88,1409743.38,4028425.26,80306244.74,-2618681.88,5.96,0.91,6.87
2020,Primer Trimestre,Marzo,P09-1216083,Largo Plazo,Banca Comercial,BANCOMER,"BANCOMER 3,000-7",2016-12-30,2023-12-26,2552,1365,3000000000,0,125000000,37381701.38,162381701.4,1875000000,-125000000,7.63,NA,7.63
2020,Primer Trimestre,Marzo,P09-1219057,Largo Plazo,Mercado de Capitales,CI BANCO,BONO CDMXCB 19,2019-12-03,2029-11-20,3640,3521,1500000000,0,0,0,0,1500000000,0,7.82,NA,7.82
2020,Primer Trimestre,Marzo,P09-1219072,Largo Plazo,Banca Comercial,BANCOMER,BANCOMER 500-19,2019-12-30,2029-12-26,3649,3557,500000000,0,0,8468611.1,8468611.1,500000000,0,7.09,NA,7.09
2020,Segundo Trimestre,Junio,145/2010,Largo Plazo,Mercado de Capitales,CI BANCO,BONO GDFCB 10-2,2010-06-25,2020-06-12,3640,0,2520951200,0,840317066.7,100683989.9,941001056.5,0,-840317066.7,7.9,NA,7.9
2020,Segundo Trimestre,Junio,514/2008,Largo Plazo,Banca de Desarrollo,BANOBRAS,BANOBRAS  175,2009-12-24,2028-11-27,6913,3072,174978799.6,0,4843858.32,3086123.11,7929981.43,81538281.41,-4843858.32,TIIE,0.35,TIIE+0.35
2020,Segundo Trimestre,Junio,721/2011,Largo Plazo,Banca Comercial,BANAMEX,"BANAMEX 1,500",2011-12-29,2026-12-28,5478,2372,1500000000,0,40419162,25117488.33,65536650.33,893712570,-40419162,TIIE,TIIE-1.815,TIIE+TIIE-1.815
2020,Segundo Trimestre,Junio,P09-1012161,Largo Plazo,Bonos Cupón Cero,BANOBRAS,"BANOBRAS 2,138",2012-11-12,1932-11-25,7318,4531,2138648319,0,0,86172081.49,86172081.49,2138648319,0,7.09,0.88,7.97
2020,Segundo Trimestre,Junio,P09-1113146,Largo Plazo,Mercado de Capitales,EVERCORE,BONO GDFECB 13,2013-11-28,2023-11-16,3640,1234,2126874900,0,0,75805366.23,75805366.23,2126874900,0,7.05,NA,7.05
2020,Segundo Trimestre,Junio,P09-1216083,Largo Plazo,Banca Comercial,BANCOMER,"BANCOMER 3,000-7",2016-12-30,2023-12-26,2552,1274,3000000000,0,250000000,73147326.37,323147326.4,1750000000,-250000000,7.63,NA,7.63
2020,Segundo Trimestre,Junio,P09-1217133,Largo Plazo,Banca Comercial,HSBC,"HSBC 2,500",2017-12-29,2024-12-26,2554,1640,2500000000,0,178571428.6,64553422.62,243124851.2,1607142857,-178571428.6,7.46,NA,7.46
2020,Tercer Trimestre,Septiembre,225/2007,Largo Plazo,Banca Comercial,BANCOMER,BANCOMER 7000,2007-08-31,1940-08-27,12050,7271,7000000000,0,94360310.26,421256536.5,515616846.7,6159215912,-94360310.26,8.91,NA,8.91
2020,Tercer Trimestre,Septiembre,P09-1215163,Largo Plazo,Banca Comercial,SANTANDER,"SANTANDER 3,500",2015-12-30,2022-12-26,2553,817,3500000000,0,525000000,96189454.53,621189454.5,1575000000,-525000000,TIIE,0.38,TIIE+0.38
2020,Tercer Trimestre,Septiembre,P09-1218140,Largo Plazo,Banca Comercial,BANCOMER,"BANCOMER 3,000-18",2018-12-31,2028-12-26,3648,3009,3000000000,0,250000000,200527407.4,450527407.4,2750000000,-250000000,9.12,NA,9.12
2020,Tercer Trimestre,Septiembre,P09-1218138,Largo Plazo,Banca Comercial,SANTANDER,"SANTANDER 2,400",2018-12-31,2028-12-26,3648,3009,2400000000,0,200000000,110706369.6,242423891.8,2200000000,-131717522.2,9.55,NA,9.55
2020,Tercer Trimestre,Septiembre,562/2010,Largo Plazo,Banca de Desarrollo,BANOBRAS,"BANOBRAS  1,499",2010-12-28,1940-10-25,10894,7330,1499069398,0,27083333.13,79976878.12,107060211.3,1135874952,-27083333.13,9.13,NA,9.13
2020,Tercer Trimestre,Septiembre,P09-1214244,Largo Plazo,Banca de Desarrollo,BANOBRAS,"BANOBRAS 1,949",2014-12-31,2029-11-26,5444,3344,1949386371,0,113190176.4,73757974.93,186948151.4,1383435489,-113190176.4,TIIE,0.36,TIIE+0.36
2020,Tercer Trimestre,Septiembre,P09-1217134,Largo Plazo,Banca de Desarrollo,BANOBRAS,"BANOBRAS 1,378",2017-12-29,1932-12-27,5477,4471,1378859929,0,68942996.46,59155314.09,128098310.6,1126068942,-68942996.46,TIIE,0.34,TIIE+0.34
2020,Tercer Trimestre,Septiembre,P09-0720076,Largo Plazo,Banca de Desarrollo,BANOBRAS,"BANOBRAS 2,000",2020-07-31,1930-07-31,3652,3591,2000000000,2000000000,33333333.34,16799137.73,50132471.07,1966666667,1966666667,TIIE,0.46,TIIE+0.46
2020,Tercer Trimestre,Septiembre,P09-0720077,Largo Plazo,Banca de Desarrollo,BANOBRAS,"BANOBRAS 2,300-20",2020-07-31,1930-07-31,3652,3591,2300000000,2300000000,38333333.34,19710748.44,58044081.78,2261666667,2261666667,TIIE,0.57,TIIE+0.57
2020,Tercer Trimestre,Septiembre,P09-1012161,Largo Plazo,Bonos Cupón Cero,BANOBRAS,BANOBRAS 196,2013-11-07,1932-11-25,6958,4439,196783977,0,0,12850649.64,12850649.64,196783977,0,7.7,0.88,8.58
2020,Tercer Trimestre,Septiembre,P09-1112186,Largo Plazo,Mercado de Capitales,EVERCORE,BONO GDFECB 12,2012-11-30,2027-11-12,5460,2599,2500000000,0,0,86576388.89,86576388.89,2500000000,0,6.85,NA,6.85
2020,Tercer Trimestre,Septiembre,P09-0915121,Largo Plazo,Mercado de Capitales,EVERCORE,BONO GDFECB 15-2,2015-09-25,2025-09-12,3640,1808,2500000000,0,0,169361111.1,169361111.1,2500000000,0,6.7,NA,6.7
2020,Tercer Trimestre,Septiembre,P09-0915121,Largo Plazo,Mercado de Capitales,EVERCORE,BONO GDFECB 15,2015-09-25,2020-09-18,1820,0,1382000000,0,460666666.6,70512711.11,531179377.8,0,-460666666.6,TIIE,0.12,TIIE+0.12
2020,Tercer Trimestre,Septiembre,P09-0917056,Largo Plazo,Mercado de Capitales,EVERCORE,BONO GCDMXCB 17X,2017-09-19,2028-03-07,3822,2715,2000000000,0,0,153688888.9,153688888.9,2000000000,0,7.6,NA,7.6
2020,Primer Trimestre,Marzo,145/2010,Largo Plazo,Mercado de Capitales,CI BANCO,BONO GDFCB 10-2,2010-06-25,2020-06-12,3640,73,2520951200,0,0,0,0,840317066.7,0,7.9,NA,7.9
2020,Primer Trimestre,Marzo,226/2007,Largo Plazo,Banca Comercial,BANCOMER,"BANCOMER 4,700",2007-08-31,1937-07-27,10923,6327,4700000000,0,6979399.981,101666788.6,108646188.6,4574829318,-6979399.981,8.8,NA,8.8
2020,Primer Trimestre,Marzo,233/2007,Largo Plazo,Banca Comercial,HSBC,"HSBC 7,000",2007-09-07,1947-09-25,14628,10039,7000000000,0,0,139924030.6,139924030.6,7000000000,0,TIIE,0.53,TIIE+0.53
2020,Primer Trimestre,Marzo,262/2007,Largo Plazo,Banca de Desarrollo,BANOBRAS,"BANOBRAS 4,000",2007-10-17,1947-10-25,14618,10069,4000000000,0,0,73244068.92,73244068.92,3663223552,0,TIIE,0.53,TIIE+0.53
2020,Primer Trimestre,Marzo,329/2007,Largo Plazo,Mercado de Capitales,CI BANCO,BONO GDFCB 07,2007-12-17,2027-11-22,7280,2792,575000000,0,0,0,0,575000000,0,8.65,NA,8.65
2020,Primer Trimestre,Marzo,562/2010,Largo Plazo,Banca de Desarrollo,BANOBRAS,"BANOBRAS  1,499",2010-12-28,1940-10-25,10894,7513,1499069398,0,9027777.81,26478126.06,35505903.87,1153930507,-9027777.81,9.13,NA,9.13
2020,Primer Trimestre,Marzo,P09-1012161,Largo Plazo,Bonos Cupón Cero,BANOBRAS,BANOBRAS 294,2012-11-30,1932-11-25,7300,4622,294874160,0,0,5823764.66,5823764.66,294874160,0,7.02,0.88,7.9
2020,Primer Trimestre,Marzo,P09-1014157,Largo Plazo,Mercado de Capitales,EVERCORE,BONO GDFECB 14,2014-11-03,2024-10-21,3640,1665,2500000000,0,0,0,0,2500000000,0,6.42,NA,6.42
2020,Primer Trimestre,Marzo,P09-1113146,Largo Plazo,Mercado de Capitales,EVERCORE,BONO GDFECB 13,2013-11-28,2023-11-16,3640,1325,2126874900,0,0,0,0,2126874900,0,7.05,NA,7.05
2020,Primer Trimestre,Marzo,P09-1214242,Largo Plazo,Banca Comercial,BANCOMER,BANCOMER 2500,2014-12-26,2024-12-26,3653,1731,2500000000,0,78125000.01,22099066.84,100224066.9,1484375000,-78125000.01,5.75,NA,5.75
2020,Primer Trimestre,Marzo,P09-1215162,Largo Plazo,Banca de Desarrollo,BANOBRAS,"BANOBRAS 1,000",2015-12-29,2025-12-26,3650,2096,1000000000,0,13888888.89,15580078.09,29468966.98,781624939.2,-13888888.89,TIIE,0.41,TIIE+0.41
2020,Primer Trimestre,Marzo,P09-1216082,Largo Plazo,Banca Comercial,BANCOMER,"BANCOMER 3,000-15",2016-12-30,1931-12-26,5474,4287,3000000000,0,53571428.58,52488125,106059553.6,2517857143,-53571428.58,8.22,NA,8.22
2020,Primer Trimestre,Marzo,P09-1217133,Largo Plazo,Banca Comercial,HSBC,"HSBC 2,500",2017-12-29,2024-12-26,2554,1731,2500000000,0,89285714.28,32767013.89,122052728.2,1696428571,-89285714.28,7.46,NA,7.46
2020,Primer Trimestre,Marzo,P09-1217134,Largo Plazo,Banca de Desarrollo,BANOBRAS,"BANOBRAS 1,378",2017-12-29,1932-12-27,5477,4654,1378859929,0,22980998.82,23183107.24,46164106.06,1172030940,-22980998.82,TIIE,0.34,TIIE+0.34
2020,Primer Trimestre,Marzo,P09-1218138,Largo Plazo,Banca Comercial,SANTANDER,"SANTANDER 2,400",2018-12-31,2028-12-26,3648,3192,2400000000,0,66666666.66,56787129.62,123453796.3,2333333333,-66666666.66,9.55,NA,9.55
2020,Primer Trimestre,Marzo,P09-1218139,Largo Plazo,Banca Comercial,HSBC,"HSBC 1,170",2018-12-31,2028-12-26,3648,3192,1170915400,0,32525427.78,28053515.75,60578943.53,1138389972,-32525427.78,9.67,NA,9.67
2020,Primer Trimestre,Marzo,P09-1218140,Largo Plazo,Banca Comercial,BANCOMER,"BANCOMER 3,000-18",2018-12-31,2028-12-26,3648,3192,3000000000,0,83333333.34,67787777.78,151121111.1,2916666667,-83333333.34,9.12,NA,9.12
2020,Segundo Trimestre,Junio,224/2007,Largo Plazo,Banca Comercial,BANCOMER,"BANCOMER 3,457",2007-08-30,1937-07-27,10924,6236,3457974221,0,10536399.47,122853294.5,133389694,3360479862,-10536399.47,TIIE,0.35,TIIE+0.35
2020,Segundo Trimestre,Junio,225/2007,Largo Plazo,Banca Comercial,BANCOMER,BANCOMER 7000,2007-08-31,1940-08-27,12050,7363,7000000000,0,62299798.1,280527156.6,342826954.7,6191276424,-62299798.1,8.91,NA,8.91
2020,Segundo Trimestre,Junio,233/2007,Largo Plazo,Banca Comercial,HSBC,"HSBC 7,000",2007-09-07,1947-09-25,14628,9948,7000000000,0,0,261782208.3,261782208.3,7000000000,0,TIIE,0.53,TIIE+0.53
2020,Segundo Trimestre,Junio,262/2007,Largo Plazo,Banca de Desarrollo,BANOBRAS,"BANOBRAS 4,000",2007-10-17,1947-10-25,14618,9978,4000000000,0,708726660.5,137127126.2,845853786.7,2954496892,-708726660.5,TIIE,0.53,TIIE+0.53
2020,Segundo Trimestre,Junio,329/2007,Largo Plazo,Mercado de Capitales,CI BANCO,BONO GDFCB 07,2007-12-17,2027-11-22,7280,2701,575000000,0,0,25145069.44,25145069.44,575000000,0,8.65,NA,8.65
2020,Segundo Trimestre,Junio,562/2010,Largo Plazo,Banca de Desarrollo,BANOBRAS,"BANOBRAS  1,499",2010-12-28,1940-10-25,10894,7422,1499069398,0,18055556.02,53333202.74,71388758.76,1144902729,-18055556.02,9.13,NA,9.13
2020,Segundo Trimestre,Junio,P09-0915121,Largo Plazo,Mercado de Capitales,EVERCORE,BONO GDFECB 15-2,2015-09-25,2025-09-12,3640,1900,2500000000,0,0,84680555.56,84680555.56,2500000000,0,6.7,NA,6.7
2020,Segundo Trimestre,Junio,P09-0917056,Largo Plazo,Mercado de Capitales,EVERCORE,BONO GCDMXCB 17X,2017-09-19,2028-03-07,3822,2807,2000000000,0,0,76844444.44,76844444.44,2000000000,0,7.6,NA,7.6
2020,Segundo Trimestre,Junio,P09-1012161,Largo Plazo,Bonos Cupón Cero,BANOBRAS,BANOBRAS 196,2013-11-07,1932-11-25,6958,4531,196783977,0,0,8535832.97,8535832.97,196783977,0,7.7,0.88,8.58
2020,Segundo Trimestre,Junio,P09-1012161,Largo Plazo,Bonos Cupón Cero,BANOBRAS,BANOBRAS 294,2012-11-30,1932-11-25,7300,4531,294874160,0,0,11776946.33,11776946.33,294874160,0,7.02,0.88,7.9
2020,Segundo Trimestre,Junio,P09-1112186,Largo Plazo,Mercado de Capitales,EVERCORE,BONO GDFECB 12,2012-11-30,2027-11-12,5460,2691,2500000000,0,0,86576388.89,86576388.89,2500000000,0,6.85,NA,6.85
2020,Segundo Trimestre,Junio,P09-1118104,Largo Plazo,Mercado de Capitales,EVERCORE,BONO GCDMXCB 18V,2018-11-21,2028-11-08,3640,3053,1100000000,0,0,55221833.33,55221833.33,1100000000,0,9.93,NA,9.93
2020,Segundo Trimestre,Junio,P09-1212219,Largo Plazo,Banca de Desarrollo,BANOBRAS,"BANOBRAS 1,954",2012-12-28,2027-11-25,5445,2704,1954226708,0,70211738.04,37653826.96,107865565,1041474114,-70211738.04,5.97,0.91,6.88
2020,Segundo Trimestre,Junio,P09-1212219,Largo Plazo,Banca de Desarrollo,BANOBRAS,BANOBRAS 145,2012-12-31,2027-11-25,5442,2704,145773291.7,0,5237363.76,2804661.4,8042025.16,77687562.86,-5237363.76,5.96,0.91,6.87
2020,Segundo Trimestre,Junio,P09-1213189,Largo Plazo,Banca de Desarrollo,BANOBRAS,"BANOBRAS 1,024",2013-12-31,2023-10-25,3585,1212,1024317877,0,32007885,21871307.62,53879192.62,581771581.6,-32007885,TIIE,0.32,TIIE+0.32
2020,Segundo Trimestre,Junio,P09-1213198,Largo Plazo,Banca Comercial,BANAMEX,"BANAMEX 3,500",2013-12-31,2023-12-26,3647,1274,3500000000,0,218750000,48149730.89,266899730.9,1531250000,-218750000,5.74,NA,5.74
2020,Segundo Trimestre,Junio,P09-1214244,Largo Plazo,Banca de Desarrollo,BANOBRAS,"BANOBRAS 1,949",2014-12-31,2029-11-26,5444,3436,1949386371,0,75460117.62,53663423.35,129123541,1421165548,-75460117.62,TIIE,0.36,TIIE+0.36
2020,Segundo Trimestre,Junio,P09-1215162,Largo Plazo,Banca de Desarrollo,BANOBRAS,"BANOBRAS 1,000",2015-12-29,2025-12-26,3650,2005,1000000000,0,27777777.78,28897888.95,56675666.73,767736050.3,-27777777.78,TIIE,0.41,TIIE+0.41
2020,Segundo Trimestre,Junio,P09-1216054,Largo Plazo,Mercado de Capitales,EVERCORE,BONO GCDMXCB 16V,2016-12-09,2021-12-03,1820,521,1000000000,0,0,40358888.88,40358888.88,1000000000,0,TIIE,0.42,TIIE+0.42
2020,Segundo Trimestre,Junio,P09-1218140,Largo Plazo,Banca Comercial,BANCOMER,"BANCOMER 3,000-18",2018-12-31,2028-12-26,3648,3101,3000000000,0,166666666.7,135132222.2,301798888.9,2833333333,-166666666.7,9.12,NA,9.12
2020,Segundo Trimestre,Junio,P09-1219070,Largo Plazo,Banca Comercial,BANCOMER,"BANCOMER 2,000",2019-12-30,2026-12-28,2555,2372,2000000000,0,0,69925027.78,69925027.78,2000000000,0,TIIE,0.22,TIIE+0.22
2020,Segundo Trimestre,Junio,P09-1219071,Largo Plazo,Banca Comercial,BANCOMER,"BANCOMER 3,421",2019-12-30,2029-12-26,3649,3466,3421287307,0,0,114016300.2,114016300.2,3421287307,0,6.74,NA,6.74
2020,Tercer Trimestre,Septiembre,224/2007,Largo Plazo,Banca Comercial,BANCOMER,"BANCOMER 3,457",2007-08-30,1937-07-27,10924,6144,3457974221,0,16217960.8,170614175.1,186832135.9,3354798301,-16217960.8,TIIE,0.35,TIIE+0.35
2020,Tercer Trimestre,Septiembre,233/2007,Largo Plazo,Banca Comercial,HSBC,"HSBC 7,000",2007-09-07,1947-09-25,14628,9856,7000000000,0,0,364541741.7,364541741.7,7000000000,0,TIIE,0.53,TIIE+0.53
2020,Tercer Trimestre,Septiembre,P09-1213198,Largo Plazo,Banca Comercial,BANAMEX,"BANAMEX 3,500",2013-12-31,2023-12-26,3647,1182,3500000000,0,328125000.1,70082476.84,398207476.9,1421875000,-328125000.1,5.74,NA,5.74
2020,Tercer Trimestre,Septiembre,P09-1214242,Largo Plazo,Banca Comercial,BANCOMER,BANCOMER 2500,2014-12-26,2024-12-26,3653,1548,2500000000,0,234375000,63822337.96,298197338,1328125000,-234375000,5.75,NA,5.75
2020,Tercer Trimestre,Septiembre,P09-1216082,Largo Plazo,Banca Comercial,BANCOMER,"BANCOMER 3,000-15",2016-12-30,1931-12-26,5474,4104,3000000000,0,160714285.7,156408333.3,317122619.1,2410714286,-160714285.7,8.22,NA,8.22
2020,Tercer Trimestre,Septiembre,P09-1219071,Largo Plazo,Banca Comercial,BANCOMER,"BANCOMER 3,421",2019-12-30,2029-12-26,3649,3374,3421287307,0,0,172946073.4,172946073.4,3421287307,0,6.74,NA,6.74
2020,Tercer Trimestre,Septiembre,262/2007,Largo Plazo,Banca de Desarrollo,BANOBRAS,"BANOBRAS 4,000",2007-10-17,1947-10-25,14618,9886,4000000000,0,708726660.5,180534676.6,889261337.1,2954496892,-708726660.5,TIIE,0.53,TIIE+0.53
2020,Tercer Trimestre,Septiembre,260/2007,Largo Plazo,Banca de Desarrollo,BANOBRAS,"BANOBRAS  4,806",2007-10-17,1937-10-26,10967,6235,4806995489,0,21377692.14,237150460.8,258528152.9,4659384596,-21377692.14,TIIE,0.35,TIIE+0.35
2020,Tercer Trimestre,Septiembre,261/2007,Largo Plazo,Banca de Desarrollo,BANOBRAS,"BANOBRAS  4,459",2007-10-17,1940-10-25,12062,7330,4459000000,0,29782948.42,213962510.7,243745459.1,4200660162,-29782948.42,TIIE,0.35,TIIE+0.35
2020,Tercer Trimestre,Septiembre,P09-1212219,Largo Plazo,Banca de Desarrollo,BANOBRAS,BANOBRAS 145,2012-12-31,2027-11-25,5442,2612,145773291.7,0,7856045.64,4153437.51,12009483.15,75068880.98,-7856045.64,5.96,0.91,6.87
2020,Tercer Trimestre,Septiembre,P09-1213189,Largo Plazo,Banca de Desarrollo,BANOBRAS,"BANOBRAS 1,024",2013-12-31,2023-10-25,3585,1120,1024317877,0,48011827.5,30035843.48,78047670.98,565767639.1,-48011827.5,TIIE,0.32,TIIE+0.32
2020,Tercer Trimestre,Septiembre,P09-1215162,Largo Plazo,Banca de Desarrollo,BANOBRAS,"BANOBRAS 1,000",2015-12-29,2025-12-26,3650,1913,1000000000,0,41666666.67,39879682.18,81546348.85,753847161.4,-41666666.67,TIIE,0.41,TIIE+0.41
2020,Tercer Trimestre,Septiembre,P09-1219069,Largo Plazo,Banca de Desarrollo,BANOBRAS,"BANOBRAS 2,000",2019-12-30,2026-12-28,2555,2280,2000000000,0,0,97266199.98,97266199.98,2000000000,0,TIIE,0.2,TIIE+0.20
2020,Tercer Trimestre,Septiembre,P09-1012161,Largo Plazo,Bonos Cupón Cero,BANOBRAS,"BANOBRAS 2,138",2012-11-12,1932-11-25,7318,4439,2138648319,0,0,129731595.2,129731595.2,2138648319,0,7.09,0.88,7.97
2020,Tercer Trimestre,Septiembre,P09-1012161,Largo Plazo,Bonos Cupón Cero,BANOBRAS,BANOBRAS 294,2012-11-30,1932-11-25,7300,4439,294874160,0,0,17730127.99,17730127.99,294874160,0,7.02,0.88,7.9
2020,Tercer Trimestre,Septiembre,P09-1118104,Largo Plazo,Mercado de Capitales,EVERCORE,BONO GCDMXCB 18V,2018-11-21,2028-11-08,3640,2961,1100000000,0,0,55221833.33,55221833.33,1100000000,0,9.93,NA,9.93
2020,Cuarto Trimestre,Diciembre,224/2007,Largo Plazo,Banca Comercial,BANCOMER,"BANCOMER 3,457",2007-08-30,1937-07-27,10924,6052,3457974221,0,22194235.58,213762014.5,235956250,3348822026,-22194235.58,TIIE,0.35,TIIE+0.35
2020,Cuarto Trimestre,Diciembre,225/2007,Largo Plazo,Banca Comercial,BANCOMER,BANCOMER 7000,2007-08-31,1940-08-27,12050,7179,7000000000,0,127043647.5,564283753.5,691327401,6126532575,-127043647.5,8.91,n/a,8.91
2020,Cuarto Trimestre,Diciembre,226/2007,Largo Plazo,Banca Comercial,BANCOMER,"BANCOMER 4,700",2007-08-31,1937-07-27,10923,6052,4700000000,0,30165900.77,414687935.8,444853836.6,4551642817,-30165900.77,8.8,n/a,8.8
2020,Cuarto Trimestre,Diciembre,233/2007,Largo Plazo,Banca Comercial,HSBC,"HSBC 7,000",2007-09-07,1947-09-25,14628,9764,7000000000,0,NA,457915616.7,457915616.7,7000000000,0,TIIE,0.53,TIIE+0.53
2020,Cuarto Trimestre,Diciembre,721/2011,Largo Plazo,Banca Comercial,BANAMEX,"BANAMEX 1,500",2011-12-29,2026-12-28,5478,2188,1500000000,0,80838324,48604257.46,129442581.5,853293408,-80838324,TIIE,TIIE-1.815,TIIE+TIIE-1.815
2020,Cuarto Trimestre,Diciembre,P09-1213198,Largo Plazo,Banca Comercial,BANAMEX,"BANAMEX 3,500",2013-12-31,2023-12-26,3647,1090,3500000000,0,437500000.1,90835167.81,528335167.9,1312500000,-437500000.1,5.74,n/a,5.74
2020,Cuarto Trimestre,Diciembre,P09-1214242,Largo Plazo,Banca Comercial,BANCOMER,BANCOMER 2500,2014-12-26,2024-12-26,3653,1456,2500000000,0,312500000,83363353.58,395863353.6,1250000000,-312500000,5.75,n/a,5.75
2020,Cuarto Trimestre,Diciembre,P09-1215163,Largo Plazo,Banca Comercial,SANTANDER,"SANTANDER 3,500",2015-12-30,2022-12-26,2553,725,3500000000,0,700000000,115822580.6,815822580.5,1400000000,-700000000,TIIE,0.38,TIIE+0.38
2020,Cuarto Trimestre,Diciembre,P09-1216082,Largo Plazo,Banca Comercial,BANCOMER,"BANCOMER 3,000-15",2016-12-30,1931-12-26,5474,4012,3000000000,0,214285714.3,207758869,422044583.4,2357142857,-214285714.3,8.22,n/a,8.22
2020,Cuarto Trimestre,Diciembre,P09-1216083,Largo Plazo,Banca Comercial,BANCOMER,"BANCOMER 3,000-7",2016-12-30,2023-12-26,2552,1090,3000000000,0,500000000,137993495.4,637993495.4,1500000000,-500000000,7.63,n/a,7.63
2020,Cuarto Trimestre,Diciembre,P09-1217133,Largo Plazo,Banca Comercial,HSBC,"HSBC 2,500",2017-12-29,2024-12-26,2554,1456,2500000000,0,357142857.1,123605588.6,480748445.7,1428571429,-357142857.1,7.46,n/a,7.46
2020,Cuarto Trimestre,Diciembre,P09-1218140,Largo Plazo,Banca Comercial,BANCOMER,"BANCOMER 3,000-18",2018-12-31,2028-12-26,3648,2917,3000000000,0,333333333.4,265338518.5,598671851.9,2666666667,-333333333.4,9.12,n/a,9.12
2020,Cuarto Trimestre,Diciembre,P09-1218139,Largo Plazo,Banca Comercial,HSBC,"HSBC 1,170",2018-12-31,2028-12-26,3648,2917,1170915400,0,130101711.1,109808560.7,239910271.8,1040813689,-130101711.1,9.67,n/a,9.67
2020,Cuarto Trimestre,Diciembre,P09-1218138,Largo Plazo,Banca Comercial,SANTANDER,"SANTANDER 2,400",2018-12-31,2028-12-26,3648,2917,2400000000,0,266666666.6,222279197.5,488945864.2,2133333333,-266666666.6,9.55,n/a,9.55
2020,Cuarto Trimestre,Diciembre,P09-1219070,Largo Plazo,Banca Comercial,BANCOMER,"BANCOMER 2,000",2019-12-30,2026-12-28,2555,2188,2000000000,0,NA,122759811,122759811.1,2000000000,0,TIIE,0.22,TIIE+0.22
2020,Cuarto Trimestre,Diciembre,P09-1219071,Largo Plazo,Banca Comercial,BANCOMER,"BANCOMER 3,421",2019-12-30,2029-12-26,3649,3282,3421287307,0,NA,233156928.6,233156928.6,3421287307,0,6.74,n/a,6.74
2020,Cuarto Trimestre,Diciembre,P09-1219072,Largo Plazo,Banca Comercial,BANCOMER,BANCOMER 500-19,2019-12-30,2029-12-26,3649,3282,500000000,0,NA,35843888.87,35843888.87,500000000,0,7.09,n/a,7.09
2020,Cuarto Trimestre,Diciembre,262/2007,Largo Plazo,Banca de Desarrollo,BANOBRAS,"BANOBRAS 4,000",2007-10-17,1947-10-25,14618,9794,4000000000,0,708726660.5,219951973.8,928678634.2,2954496892,-708726660.5,TIIE,0.53,TIIE+0.53
2020,Cuarto Trimestre,Diciembre,260/2007,Largo Plazo,Banca de Desarrollo,BANOBRAS,"BANOBRAS  4,806",2007-10-17,1937-10-26,10967,6143,4806995489,0,29255315.44,297089941.2,326345256.6,4651506972,-29255315.44,TIIE,0.35,TIIE+0.35
2020,Cuarto Trimestre,Diciembre,261/2007,Largo Plazo,Banca de Desarrollo,BANOBRAS,"BANOBRAS  4,459",2007-10-17,1940-10-25,12062,7238,4459000000,0,40378987.66,267941089.1,308320076.8,4190064123,-40378987.66,TIIE,0.35,TIIE+0.35
2020,Cuarto Trimestre,Diciembre,514/2008,Largo Plazo,Banca de Desarrollo,BANOBRAS,BANOBRAS  175,2009-12-24,2028-11-27,6913,2888,174978799.6,0,9687716.64,5243723.94,14931440.58,76694423.09,-9687716.64,TIIE,0.35,TIIE+0.35
2020,Cuarto Trimestre,Diciembre,562/2010,Largo Plazo,Banca de Desarrollo,BANOBRAS,"BANOBRAS  1,499",2010-12-28,1940-10-25,10894,7238,1499069398,0,36111110.96,106982240.5,143093351.5,1126847174,-36111110.96,9.13,n/a,9.13
2020,Cuarto Trimestre,Diciembre,P09-1212219,Largo Plazo,Banca de Desarrollo,BANOBRAS,"BANOBRAS 1,954",2012-12-28,2027-11-25,5445,2520,1954226708,0,140423476.1,73625900.78,214049376.9,971262375.7,-140423476.1,5.97,0.91,6.88
2020,Cuarto Trimestre,Diciembre,P09-1212219,Largo Plazo,Banca de Desarrollo,BANOBRAS,BANOBRAS 145,2012-12-31,2027-11-25,5442,2520,145773291.7,0,10474727.52,5484056.7,15958784.22,72450199.1,-10474727.52,5.96,0.91,6.87
2020,Cuarto Trimestre,Diciembre,P09-1213189,Largo Plazo,Banca de Desarrollo,BANOBRAS,"BANOBRAS 1,024",2013-12-31,2023-10-25,3585,1028,1024317877,0,86397115.62,37155825.76,123552941.4,527382350.9,-86397115.62,TIIE,0.32,TIIE+0.32
2020,Cuarto Trimestre,Diciembre,P09-1214244,Largo Plazo,Banca de Desarrollo,BANOBRAS,"BANOBRAS 1,949",2014-12-31,2029-11-26,5444,3252,1949386371,0,150920235.2,91437892.36,242358127.6,1345705430,-150920235.2,TIIE,0.36,TIIE+0.36
2020,Cuarto Trimestre,Diciembre,P09-1215162,Largo Plazo,Banca de Desarrollo,BANOBRAS,"BANOBRAS 1,000",2015-12-29,2025-12-26,3650,1821,1000000000,0,75200331.91,49640263.74,124840595.7,720313496.2,-75200331.91,TIIE,0.41,TIIE+0.41
2020,Cuarto Trimestre,Diciembre,P09-1217134,Largo Plazo,Banca de Desarrollo,BANOBRAS,"BANOBRAS 1,378",2017-12-29,1932-12-27,5477,4379,1378859929,0,91923995.28,73521164.48,165445159.8,1103087943,-91923995.28,TIIE,0.34,TIIE+0.34
2020,Cuarto Trimestre,Diciembre,P09-1219069,Largo Plazo,Banca de Desarrollo,BANOBRAS,"BANOBRAS 2,000",2019-12-30,2026-12-28,2555,2188,2000000000,0,NA,121928922.2,121928922.2,2000000000,0,TIIE,0.2,TIIE+0.20
2020,Cuarto Trimestre,Diciembre,P09-0720076,Largo Plazo,Banca de Desarrollo,BANOBRAS,"BANOBRAS 2,000-20",2020-07-31,1930-07-31,3652,3493,2000000000,2000000000,83333333.35,42165591.89,125498925.2,1916666667,1916666667,TIIE,0.46,TIIE+0.46
2020,Cuarto Trimestre,Diciembre,P09-0720077,Largo Plazo,Banca de Desarrollo,BANOBRAS,"BANOBRAS 2,300-20",2020-07-31,1930-07-31,3652,3493,2300000000,2300000000,95833333.35,49526149.42,145359482.8,2204166667,2204166667,TIIE,0.57,TIIE+0.57
2020,Cuarto Trimestre,Diciembre,P09-1220098,Largo Plazo,Banca de Desarrollo,BANOBRAS,"BANOBRAS 2,500",2020-12-11,1930-11-25,3636,3616,2500000000,2500000000,NA,0,0,2500000000,2500000000,TIIE,0.53,TIIE+0.53
2020,Cuarto Trimestre,Diciembre,P09-1220099,Largo Plazo,Banca de Desarrollo,BANOBRAS,"BANOBRAS 2,683",2020-12-11,1930-11-25,3636,3616,2683529136,2683529136,NA,0,0,2683529136,2683529136,TIIE,0.64,TIIE+0.64
2020,Cuarto Trimestre,Diciembre,P09-1012161,Largo Plazo,Bonos Cupón Cero,BANOBRAS,"BANOBRAS 2,138",2012-11-12,1932-11-25,7318,4347,2138648319,0,NA,174238054.9,174238054.9,2138648319,0,7.09,0.88,7.97
2020,Cuarto Trimestre,Diciembre,P09-1012161,Largo Plazo,Bonos Cupón Cero,BANOBRAS,BANOBRAS 294,2012-11-30,1932-11-25,7300,4347,294874160,0,NA,23812726.63,23812726.63,294874160,0,7.02,0.88,7.9
2020,Cuarto Trimestre,Diciembre,P09-1012161,Largo Plazo,Bonos Cupón Cero,BANOBRAS,BANOBRAS 196,2013-11-07,1932-11-25,6958,4347,196783977,0,NA,17259266.68,17259266.68,196783977,0,7.7,0.88,8.58
2020,Cuarto Trimestre,Diciembre,329/2007,Largo Plazo,Mercado de Capitales,CI BANCO,BONO GDFCB 07,2007-12-17,2027-11-22,7280,2517,575000000,0,NA,50290138.88,50290138.88,575000000,0,8.65,n/a,8.65
2020,Cuarto Trimestre,Diciembre,145/2010,Largo Plazo,Mercado de Capitales,CI BANCO,BONO GDFCB10-2,2010-06-25,2020-06-12,3640,0,2520951200,0,840317066.7,100683989.9,941001056.5,0,-840317066.7,7.09,n/a,7.09
2020,Cuarto Trimestre,Diciembre,P09-1112186,Largo Plazo,Mercado de Capitales,EVERCORE,BONO GDFECB 12,2012-11-30,2027-11-12,5460,2507,2500000000,0,NA,173152777.8,173152777.8,2500000000,0,6.85,n/a,6.85
2020,Cuarto Trimestre,Diciembre,P09-1113146,Largo Plazo,Mercado de Capitales,EVERCORE,BONO GDFECB 13,2013-11-28,2023-11-16,3640,1050,2126874900,0,NA,151610732.5,151610732.5,2126874900,0,7.05,n/a,7.05
2020,Cuarto Trimestre,Diciembre,P09-1014157,Largo Plazo,Mercado de Capitales,EVERCORE,BONO GDFECB 14,2014-11-03,2024-10-21,3640,1390,2500000000,0,NA,162283333.3,162283333.3,2500000000,0,6.42,n/a,6.42
2020,Cuarto Trimestre,Diciembre,P09-0915121,Largo Plazo,Mercado de Capitales,EVERCORE,BONO GDFECB 15-2,2015-09-25,2025-09-12,3640,1716,2500000000,0,NA,169361111.1,169361111.1,2500000000,0,6.7,n/a,6.7
2020,Cuarto Trimestre,Diciembre,P09-0915121,Largo Plazo,Mercado de Capitales,EVERCORE,BONO GDFECB 15,2015-09-25,2020-09-18,1820,0,1382000000,0,460666666.6,70512711.11,531179377.8,0,-460666666.6,TIIE,0.12,TIIE+0.12
2020,Cuarto Trimestre,Diciembre,P09-1216054,Largo Plazo,Mercado de Capitales,EVERCORE,BONO GCDMXCB 16V,2016-12-09,2021-12-03,1820,337,1000000000,0,NA,65527777.76,65527777.76,1000000000,0,TIIE,0.42,TIIE+0.42
2020,Cuarto Trimestre,Diciembre,P09-0917056,Largo Plazo,Mercado de Capitales,EVERCORE,BONO GCDMXCB 17X,2017-09-19,2028-03-07,3822,2623,2000000000,0,NA,153688888.9,153688888.9,2000000000,0,7.6,n/a,7.6
2020,Cuarto Trimestre,Diciembre,P09-1118104,Largo Plazo,Mercado de Capitales,EVERCORE,BONO GCDMXCB 18V,2018-11-21,2028-11-08,3640,2869,1100000000,0,NA,110443666.7,110443666.7,1100000000,0,9.93,n/a,9.93
2020,Cuarto Trimestre,Diciembre,P09-1219057,Largo Plazo,Mercado de Capitales,CI BANCO,BONO CDMXCB 19,2019-12-03,2029-11-20,3640,3246,1500000000,0,NA,118603333.3,177905000,1500000000,0,7.82,n/a,7.82
2021,Primer Trimestre,Marzo,224/2007,Largo Plazo,Banca Comercial,BANCOMER,"BANCOMER 3,457",2007-08-30,2037-07-27,10924,5962,3457974221,0,6286275.59,38519729.1,44806004.69,3342535750,-6286275.59,TIIE,0.35,TIIE+0.35
2021,Primer Trimestre,Marzo,225/2007,Largo Plazo,Banca Comercial,BANCOMER,BANCOMER 7000,2007-08-31,2040-08-27,12050,7089,7000000000,0,33318261.59,131688667.1,165006928.7,6093214313,-33318261.59,8.91,NA,8.91
2021,Primer Trimestre,Marzo,226/2007,Largo Plazo,Banca Comercial,BANCOMER,"BANCOMER 4,700",2007-08-31,2037-07-27,10923,5962,4700000000,0,8544162.96,97617834.17,106161997.1,4543098654,-8544162.96,8.8,NA,8.8
2021,Primer Trimestre,Marzo,233/2007,Largo Plazo,Banca Comercial,HSBC,"HSBC 7,000",2007-09-07,2047-09-25,14628,9674,7000000000,0,0,83611441.67,83611441.67,7000000000,0,TIIE,0.53,TIIE+0.53
2021,Primer Trimestre,Marzo,721/2011,Largo Plazo,Banca Comercial,BANAMEX,"BANAMEX 1,500",2011-12-29,2026-12-28,5478,2098,1500000000,0,20209581,10607710.45,30817291.45,833083827,-20209581,TIIE,TIIE-1.815,TIIE+TIIE-1.815
2021,Primer Trimestre,Marzo,P09-1213198,Largo Plazo,Banca Comercial,BANAMEX,"BANAMEX 3,500",2013-12-31,2023-12-26,3647,1000,3500000000,0,109375000,17700824.64,127075824.7,1203125000,-109375000,5.74,NA,5.74
2021,Primer Trimestre,Marzo,P09-1214242,Largo Plazo,Banca Comercial,BANCOMER,BANCOMER 2500,2014-12-26,2024-12-26,3653,1366,2500000000,0,78125000.01,17007921.01,95132921.02,1171875000,-78125000.01,5.75,NA,5.75
2021,Primer Trimestre,Marzo,P09-1215163,Largo Plazo,Banca Comercial,SANTANDER,"SANTANDER 3,500",2015-12-30,2022-12-26,2553,635,3500000000,0,175000000,15548459.47,190548459.5,1225000000,-175000000,TIIE,0.38,TIIE+0.38
2021,Primer Trimestre,Marzo,P09-1216082,Largo Plazo,Banca Comercial,BANCOMER,"BANCOMER 3,000-15",2016-12-30,2031-12-26,5474,3922,3000000000,0,53571428.58,46469910.72,100041339.3,2303571428,-53571428.58,8.22,NA,8.22
2021,Primer Trimestre,Marzo,P09-1216083,Largo Plazo,Banca Comercial,BANCOMER,"BANCOMER 3,000-7",2016-12-30,2023-12-26,2552,1000,3000000000,0,125000000,26890451.39,151890451.4,1375000000,-125000000,7.63,NA,7.63
2021,Primer Trimestre,Marzo,P09-1217133,Largo Plazo,Banca Comercial,HSBC,"HSBC 2,500",2017-12-29,2024-12-26,2554,1366,2500000000,0,89285714.28,25218204.37,114503918.7,1339285714,-89285714.28,7.46,NA,7.46
2021,Primer Trimestre,Marzo,P09-1218140,Largo Plazo,Banca Comercial,BANCOMER,"BANCOMER 3,000-18",2018-12-31,2028-12-26,3648,2827,3000000000,0,83333333.34,58161111.11,141494444.5,2583333333,-83333333.34,9.12,NA,9.12
2021,Primer Trimestre,Marzo,P09-1218139,Largo Plazo,Banca Comercial,HSBC,"HSBC 1,170",2018-12-31,2028-12-26,3648,2827,1170915400,0,32525427.78,24069584.51,56595012.29,1008288261,-32525427.78,9.67,NA,9.67
2021,Primer Trimestre,Marzo,P09-1218138,Largo Plazo,Banca Comercial,SANTANDER,"SANTANDER 2,400",2018-12-31,2028-12-26,3648,2827,2400000000,0,66666666.66,48722685.19,115389351.9,2066666667,-66666666.66,9.55,NA,9.55
2021,Primer Trimestre,Marzo,P09-1219070,Largo Plazo,Banca Comercial,BANCOMER,"BANCOMER 2,000",2019-12-30,2026-12-28,2555,2098,2000000000,0,57876076.62,22179187,80055263.62,1942123923,-57876076.62,TIIE,0.22,TIIE+0.22
2021,Primer Trimestre,Marzo,P09-1219071,Largo Plazo,Banca Comercial,BANCOMER,"BANCOMER 3,421",2019-12-30,2029-12-26,3649,3192,3421287307,0,53744123.84,55437236.21,109181360.1,3367543184,-53744123.84,6.74,NA,6.74
2021,Primer Trimestre,Marzo,P09-1219072,Largo Plazo,Banca Comercial,BANCOMER,BANCOMER 500-19,2019-12-30,2029-12-26,3649,3192,500000000,0,7854371.62,8522526.64,16376898.26,492145628.4,-7854371.62,7.09,NA,7.09
2021,Primer Trimestre,Marzo,262/2007,Largo Plazo,Banca de Desarrollo,BANOBRAS,"BANOBRAS 4,000",2007-10-17,2047-10-25,14618,9704,4000000000,0,0,35298006.3,35298006.3,2954496892,0,TIIE,0.53,TIIE+0.53
2021,Primer Trimestre,Marzo,260/2007,Largo Plazo,Banca de Desarrollo,BANOBRAS,"BANOBRAS  4,806",2007-10-17,2037-10-26,10967,6053,4806995489,0,10948884.77,48152069.63,59100954.4,4179115238,-10948884.77,TIIE,0.35,TIIE+0.35
2021,Primer Trimestre,Marzo,261/2007,Largo Plazo,Banca de Desarrollo,BANOBRAS,"BANOBRAS  4,459",2007-10-17,2040-10-25,12062,7148,4459000000,0,8286242.2,53518140.19,61804382.39,4643220730,-8286242.2,TIIE,0.35,TIIE+0.35
2021,Primer Trimestre,Marzo,514/2008,Largo Plazo,Banca de Desarrollo,BANOBRAS,BANOBRAS  175,2009-12-24,2028-11-27,6913,2798,174978799.6,0,2421929.16,873755.51,3295684.67,74272493.93,-2421929.16,TIIE,0.35,TIIE+0.35
2021,Primer Trimestre,Marzo,562/2010,Largo Plazo,Banca de Desarrollo,BANOBRAS,"BANOBRAS  1,499",2010-12-28,2040-10-25,10894,7148,1499069398,0,23958333.81,24686736.96,48645070.77,1102888840,-23958333.81,9.13,NA,9.13
2021,Primer Trimestre,Marzo,P09-1212219,Largo Plazo,Banca de Desarrollo,BANOBRAS,"BANOBRAS 1,954",2012-12-28,2027-11-25,5445,2430,1954226708,0,35105869.02,15954291.25,51060160.27,936156506.7,-35105869.02,5.97,0.91,6.88
2021,Primer Trimestre,Marzo,P09-1212219,Largo Plazo,Banca de Desarrollo,BANOBRAS,BANOBRAS 145,2012-12-31,2027-11-25,5442,2430,145773291.7,0,2618681.88,1188362.2,3807044.08,69831517.22,-2618681.88,5.96,0.91,6.87
2021,Primer Trimestre,Marzo,P09-1213189,Largo Plazo,Banca de Desarrollo,BANOBRAS,"BANOBRAS 1,024",2013-12-31,2023-10-25,3585,938,1024317877,0,49575960.93,5846654.58,55422615.51,477806390,-49575960.93,TIIE,0.32,TIIE+0.32
2021,Primer Trimestre,Marzo,P09-1214244,Largo Plazo,Banca de Desarrollo,BANOBRAS,"BANOBRAS 1,949",2014-12-31,2029-11-26,5444,3162,1949386371,0,37730058.81,15381456.46,53111515.27,1307975372,-37730058.81,TIIE,0.36,TIIE+0.36
2021,Primer Trimestre,Marzo,P09-1215162,Largo Plazo,Banca de Desarrollo,BANOBRAS,"BANOBRAS 1,000",2015-12-29,2025-12-26,3650,1731,1000000000,0,72823217.94,8117690.33,80940908.27,647490278.2,-72823217.94,TIIE,0.41,TIIE+0.41
2021,Primer Trimestre,Marzo,P09-1217134,Largo Plazo,Banca de Desarrollo,BANOBRAS,"BANOBRAS 1,378",2017-12-29,2032-12-27,5477,4289,1378859929,0,22980998.82,12585527.64,35566526.46,1080106944,-22980998.82,TIIE,0.34,TIIE+0.34
2021,Primer Trimestre,Marzo,P09-1219069,Largo Plazo,Banca de Desarrollo,BANOBRAS,"BANOBRAS 2,000",2019-12-30,2026-12-28,2555,2098,2000000000,0,57876076.61,22078141.13,79954217.74,1942123923,-57876076.61,TIIE,0.2,TIIE+0.20
2021,Primer Trimestre,Marzo,P09-0720076,Largo Plazo,Banca de Desarrollo,BANOBRAS,"BANOBRAS 2,000-20",2020-07-31,2030-07-31,3652,3403,2000000000,0,50000000.01,22370681.85,72370681.86,1866666667,-50000000.01,TIIE,0.46,TIIE+0.46
2021,Primer Trimestre,Marzo,P09-0720077,Largo Plazo,Banca de Desarrollo,BANOBRAS,"BANOBRAS 2,300-20",2020-07-31,2030-07-31,3652,3403,2300000000,0,57500000.01,26307129.96,83807129.97,2146666667,-57500000.01,TIIE,0.57,TIIE+0.57
2021,Primer Trimestre,Marzo,P09-1220098,Largo Plazo,Banca de Desarrollo,BANOBRAS,"BANOBRAS 2,500",2020-12-11,2030-11-25,3636,3526,2500000000,0,63025210.08,35501374.07,98526584.15,2436974790,-63025210.08,TIIE,0.53,TIIE+0.53
2021,Primer Trimestre,Marzo,P09-1220099,Largo Plazo,Banca de Desarrollo,BANOBRAS,"BANOBRAS 2,683",2020-12-11,2030-11-25,3636,3526,2683529136,0,67651995.03,38954359.87,106606354.9,2615877141,-67651995.03,TIIE,0.64,TIIE+0.64
2021,Primer Trimestre,Marzo,P09-1012161,Largo Plazo,Bonos Cupón Cero,BANOBRAS,"BANOBRAS 2,138",2012-11-12,2032-11-25,7318,4257,2138648319,0,0,41192148.85,41192148.85,2138648319,0,7.09,0.88,7.97
2021,Primer Trimestre,Marzo,P09-1012161,Largo Plazo,Bonos Cupón Cero,BANOBRAS,BANOBRAS 294,2012-11-30,2032-11-25,7300,4257,294874160,0,0,5629639.19,5629639.19,294874160,0,7.02,0.88,7.9
2021,Primer Trimestre,Marzo,P09-1012161,Largo Plazo,Bonos Cupón Cero,BANOBRAS,BANOBRAS 196,2013-11-07,2032-11-25,6958,4257,196783977,0,0,4080315.76,4080315.76,196783977,0,7.7,0.88,8.58
2021,Primer Trimestre,Marzo,329/2007,Largo Plazo,Mercado de Capitales,CI BANCO,BONO GDFCB 07,2007-12-17,2027-11-22,7280,2427,575000000,0,0,0,0,575000000,0,8.65,NA,8.65
2021,Primer Trimestre,Marzo,P09-1112186,Largo Plazo,Mercado de Capitales,EVERCORE,BONO GDFECB 12,2012-11-30,2027-11-12,5460,2417,2500000000,0,0,0,0,2500000000,0,6.85,NA,6.85
2021,Primer Trimestre,Marzo,P09-1113146,Largo Plazo,Mercado de Capitales,EVERCORE,BONO GDFECB 13,2013-11-28,2023-11-16,3640,960,2126874900,0,0,0,0,2126874900,0,7.05,NA,7.05
2021,Primer Trimestre,Marzo,P09-1014157,Largo Plazo,Mercado de Capitales,EVERCORE,BONO GDFECB 14,2014-11-03,2024-10-21,3640,1300,2500000000,0,0,0,0,2500000000,0,6.42,NA,6.42
2021,Primer Trimestre,Marzo,P09-0915121,Largo Plazo,Mercado de Capitales,EVERCORE,BONO GDFECB 15-2,2015-09-25,2025-09-12,3640,1626,2500000000,0,0,84680555.56,84680555.56,2500000000,0,6.7,NA,6.7
2021,Primer Trimestre,Marzo,P09-1216054,Largo Plazo,Mercado de Capitales,EVERCORE,BONO GCDMXCB 16V,2016-12-09,2021-12-03,1820,247,1000000000,0,0,15074166.68,15074166.68,1000000000,0,TIIE,0.42,TIIE+0.42
2021,Primer Trimestre,Marzo,P09-0917056,Largo Plazo,Mercado de Capitales,EVERCORE,BONO GCDMXCB 17X,2017-09-19,2028-03-07,3822,2533,2000000000,0,0,76844444.44,76844444.44,2000000000,0,7.6,NA,7.6
2021,Primer Trimestre,Marzo,P09-1118104,Largo Plazo,Mercado de Capitales,EVERCORE,BONO GCDMXCB 18V,2018-11-21,2028-11-08,3640,2779,1100000000,0,0,0,0,1100000000,0,9.93,NA,9.93
2021,Primer Trimestre,Marzo,P09-1219057,Largo Plazo,Mercado de Capitales,CI BANCO,BONO CDMXCB 19,2019-12-03,2029-11-20,3640,3156,1500000000,0,0,0,0,1500000000,0,7.82,NA,7.82
2021,Segundo Trimestre,Junio,224/2007,Largo Plazo,Banca Comercial,BANCOMER,"BANCOMER 3,457",2007-08-30,2037-07-27,10924,5871,3457974221,0,12898632.32,78064899.32,90963531.64,3335923394,-12898632.32,TIIE,0.35,TIIE+0.35
2021,Segundo Trimestre,Junio,225/2007,Largo Plazo,Banca Comercial,BANCOMER,BANCOMER 7000,2007-08-31,2040-08-27,12050,6998,7000000000,0,67283781.95,270170556.6,337454338.5,6059248793,-67283781.95,8.91,n/a,8.91
2021,Segundo Trimestre,Junio,226/2007,Largo Plazo,Banca Comercial,BANCOMER,"BANCOMER 4,700",2007-08-31,2037-07-27,10923,5871,4700000000,0,17531527.99,200649388.3,218180916.3,4534111289,-17531527.99,8.8,n/a,8.8
2021,Segundo Trimestre,Junio,233/2007,Largo Plazo,Banca Comercial,HSBC,"HSBC 7,000",2007-09-07,2047-09-25,14628,9583,7000000000,0,0,169701116.7,169701116.7,7000000000,0,TIIE,0.53,TIIE+0.53
2021,Segundo Trimestre,Junio,721/2011,Largo Plazo,Banca Comercial,BANAMEX,"BANAMEX 1,500",2011-12-29,2026-12-28,5478,2007,1500000000,0,40419162,21558241.5,61977403.5,812874246,-40419162,TIIE,TIIE-1.815,TIIE+TIIE-1.815
2021,Segundo Trimestre,Junio,P09-1213198,Largo Plazo,Banca Comercial,BANAMEX,"BANAMEX 3,500",2013-12-31,2023-12-26,3647,909,3500000000,0,218750000,34820341.42,253570341.5,1093750000,-218750000,5.74,n/a,5.74
2021,Segundo Trimestre,Junio,P09-1214242,Largo Plazo,Banca Comercial,BANCOMER,BANCOMER 2500,2014-12-26,2024-12-26,3653,1275,2500000000,0,156250000,33849464.7,190099464.7,1093750000,-156250000,5.75,n/a,5.75
2021,Segundo Trimestre,Junio,P09-1215163,Largo Plazo,Banca Comercial,SANTANDER,"SANTANDER 3,500",2015-12-30,2022-12-26,2553,544,3500000000,0,350000000,29457076.41,379457076.4,1050000000,-350000000,TIIE,0.38,TIIE+0.38
2021,Segundo Trimestre,Junio,P09-1216082,Largo Plazo,Banca Comercial,BANCOMER,"BANCOMER 3,000-15",2016-12-30,2031-12-26,5474,3831,3000000000,0,107142857.2,94489226.19,201632083.4,2250000000,-107142857.2,8.22,n/a,8.22
2021,Segundo Trimestre,Junio,P09-1216083,Largo Plazo,Banca Comercial,BANCOMER,"BANCOMER 3,000-7",2016-12-30,2023-12-26,2552,909,3000000000,0,250000000,52897800.92,302897800.9,1250000000,-250000000,7.63,n/a,7.63
2021,Segundo Trimestre,Junio,P09-1217133,Largo Plazo,Banca Comercial,HSBC,"HSBC 2,500",2017-12-29,2024-12-26,2554,1275,2500000000,0,178571428.6,50189715.62,228761144.2,1250000000,-178571428.6,7.46,n/a,7.46
2021,Segundo Trimestre,Junio,P09-1218140,Largo Plazo,Banca Comercial,BANCOMER,"BANCOMER 3,000-18",2018-12-31,2028-12-26,3648,2736,3000000000,0,166666666.7,117729629.6,284396296.3,2500000000,-166666666.7,9.12,n/a,9.12
2021,Segundo Trimestre,Junio,P09-1218139,Largo Plazo,Banca Comercial,HSBC,"HSBC 1,170",2018-12-31,2028-12-26,3648,2736,1170915400,0,65050855.56,48721615.11,113772470.7,975762833.2,-65050855.56,9.67,n/a,9.67
2021,Segundo Trimestre,Junio,P09-1218138,Largo Plazo,Banca Comercial,SANTANDER,"SANTANDER 2,400",2018-12-31,2028-12-26,3648,2736,2400000000,0,133333333.3,98624382.72,231957716,2000000000,-133333333.3,9.55,n/a,9.55
2021,Segundo Trimestre,Junio,P09-1219070,Largo Plazo,Banca Comercial,BANCOMER,"BANCOMER 2,000",2019-12-30,2026-12-28,2555,2007,2000000000,0,117505856.2,44301118.66,161806974.9,1882494144,-117505856.2,TIIE,0.22,TIIE+0.22
2021,Segundo Trimestre,Junio,P09-1219071,Largo Plazo,Banca Comercial,BANCOMER,"BANCOMER 3,421",2019-12-30,2029-12-26,3649,3101,3421287307,0,109116748.4,113128894.6,222245643,3312170559,-109116748.4,6.74,n/a,6.74
2021,Segundo Trimestre,Junio,P09-1219072,Largo Plazo,Banca Comercial,BANCOMER,BANCOMER 500-19,2019-12-30,2029-12-26,3649,3101,500000000,0,15946738.55,17391632.13,33338370.68,484053261.5,-15946738.55,7.09,n/a,7.09
2021,Segundo Trimestre,Junio,262/2007,Largo Plazo,Banca de Desarrollo,BANOBRAS,"BANOBRAS 4,000",2007-10-17,2047-10-25,14618,9613,4000000000,0,0,71628100.44,71628100.44,2954496892,0,TIIE,0.53,TIIE+0.53
2021,Segundo Trimestre,Junio,260/2007,Largo Plazo,Banca de Desarrollo,BANOBRAS,"BANOBRAS  4,806",2007-10-17,2037-10-26,10967,5962,4806995489,0,17002311.89,108444180.9,125446492.8,4634504661,-17002311.89,TIIE,0.35,TIIE+0.35
2021,Segundo Trimestre,Junio,261/2007,Largo Plazo,Banca de Desarrollo,BANOBRAS,"BANOBRAS  4,459",2007-10-17,2040-10-25,12062,7057,4459000000,0,22262359.87,97531015.23,119793375.1,4167801763,-22262359.87,TIIE,0.35,TIIE+0.35
2021,Segundo Trimestre,Junio,514/2008,Largo Plazo,Banca de Desarrollo,BANOBRAS,BANOBRAS  175,2009-12-24,2028-11-27,6913,2707,174978799.6,0,4843858.32,1743433.79,6587292.11,71850564.77,-4843858.32,TIIE,0.35,TIIE+0.35
2021,Segundo Trimestre,Junio,562/2010,Largo Plazo,Banca de Desarrollo,BANOBRAS,"BANOBRAS  1,499",2010-12-28,2040-10-25,10894,7057,1499069398,0,47916666.72,50235276.12,98151942.84,1078930507,-47916666.72,9.13,n/a,9.13
2021,Segundo Trimestre,Junio,P09-1212219,Largo Plazo,Banca de Desarrollo,BANOBRAS,"BANOBRAS 1,954",2012-12-28,2027-11-25,5445,2339,1954226708,0,70211738.04,32210492.96,102422231,901050637.7,-70211738.04,5.97,0.91,6.88
2021,Segundo Trimestre,Junio,P09-1212219,Largo Plazo,Banca de Desarrollo,BANOBRAS,BANOBRAS 145,2012-12-31,2027-11-25,5442,2339,145773291.7,0,5237363.76,2399212.35,7636576.11,67212835.34,-5237363.76,5.96,0.91,6.87
2021,Segundo Trimestre,Junio,P09-1213189,Largo Plazo,Banca de Desarrollo,BANOBRAS,"BANOBRAS 1,024",2013-12-31,2023-10-25,3585,847,1024317877,0,99151921.86,11273389.24,110425311.1,428230429.1,-99151921.86,TIIE,0.32,TIIE+0.32
2021,Segundo Trimestre,Junio,P09-1214244,Largo Plazo,Banca de Desarrollo,BANOBRAS,"BANOBRAS 1,949",2014-12-31,2029-11-26,5444,3071,1949386371,0,75460117.62,30749234.3,106209351.9,1270245313,-75460117.62,TIIE,0.36,TIIE+0.36
2021,Segundo Trimestre,Junio,P09-1215162,Largo Plazo,Banca de Desarrollo,BANOBRAS,"BANOBRAS 1,000",2015-12-29,2025-12-26,3650,1640,1000000000,0,145646435.9,15593155.74,161239591.6,574667060.3,-145646435.9,TIIE,0.41,TIIE+0.41
2021,Segundo Trimestre,Junio,P09-1217134,Largo Plazo,Banca de Desarrollo,BANOBRAS,"BANOBRAS 1,378",2017-12-29,2032-12-27,5477,4198,1378859929,0,45961997.64,25253169.87,71215167.51,1057125946,-45961997.64,TIIE,0.34,TIIE+0.34
2021,Segundo Trimestre,Junio,P09-1219069,Largo Plazo,Banca de Desarrollo,BANOBRAS,"BANOBRAS 2,000",2019-12-30,2026-12-28,2555,2007,2000000000,0,117505856.2,44098872.69,161604728.9,1882494144,-117505856.2,TIIE,0.2,TIIE+0.20
2021,Segundo Trimestre,Junio,P09-0720076,Largo Plazo,Banca de Desarrollo,BANOBRAS,"BANOBRAS 2,000",2020-07-31,2030-07-31,3652,3318,2000000000,0,100000000,44791379.08,144791379.1,1816666667,-100000000,TIIE,0.46,TIIE+0.46
2021,Segundo Trimestre,Junio,P09-0720077,Largo Plazo,Banca de Desarrollo,BANOBRAS,"BANOBRAS 2,300-20",2020-07-31,2030-07-31,3652,3318,2300000000,0,115000000,52689054.22,167689054.2,2089166667,-115000000,TIIE,0.57,TIIE+0.57
2021,Segundo Trimestre,Junio,P09-1220098,Largo Plazo,Banca de Desarrollo,BANOBRAS,"BANOBRAS 2,500",2020-12-11,2030-11-25,3636,3435,2500000000,0,126050420.2,65213315.01,191263735.2,2373949580,-126050420.2,TIIE,0.53,TIIE+0.53
2021,Segundo Trimestre,Junio,P09-1220099,Largo Plazo,Banca de Desarrollo,BANOBRAS,"BANOBRAS 2,683",2020-12-11,2030-11-25,3636,3435,2683529136,0,135303990.1,71576585.35,206880575.4,2548225146,-135303990.1,TIIE,0.64,TIIE+0.64
2021,Segundo Trimestre,Junio,P09-1012161,Largo Plazo,Bonos Cupón Cero,BANOBRAS,"BANOBRAS 2,138",2012-11-12,2032-11-25,7318,4166,2138648319,0,0,84751662.56,84751662.56,2138648319,0,7.09,0.88,7.97
2021,Segundo Trimestre,Junio,P09-1012161,Largo Plazo,Bonos Cupón Cero,BANOBRAS,BANOBRAS 294,2012-11-30,2032-11-25,7300,4166,294874160,0,0,11582820.85,11582820.85,294874160,0,7.02,0.88,7.9
2021,Segundo Trimestre,Junio,P09-1012161,Largo Plazo,Bonos Cupón Cero,BANOBRAS,BANOBRAS 196,2013-11-07,2032-11-25,6958,4166,196783977,0,0,8395132.43,8395132.43,196783977,0,7.7,0.88,8.58
2021,Segundo Trimestre,Junio,329/2007,Largo Plazo,Mercado de Capitales,CI BANCO,BONO GDFCB 07,2007-12-17,2027-11-22,7280,2336,575000000,0,0,25145069.44,25145069.44,575000000,0,8.65,n/a,8.65
2021,Segundo Trimestre,Junio,145/2010,Largo Plazo,Mercado de Capitales,CI BANCO,BONO GDFCB10-2,2010-06-25,2020-06-12,3640,0,2520951200,0,0,0,0,0,0,7.09,n/a,7.09
2021,Segundo Trimestre,Junio,P09-1112186,Largo Plazo,Mercado de Capitales,EVERCORE,BONO GDFECB 12,2012-11-30,2027-11-12,5460,2326,2500000000,0,0,86576388.89,86576388.89,2500000000,0,6.85,n/a,6.85
2021,Segundo Trimestre,Junio,P09-1113146,Largo Plazo,Mercado de Capitales,EVERCORE,BONO GDFECB 13,2013-11-28,2023-11-16,3640,869,2126874900,0,0,75805366.23,75805366.23,2126874900,0,7.05,n/a,7.05
2021,Segundo Trimestre,Junio,P09-1014157,Largo Plazo,Mercado de Capitales,EVERCORE,BONO GDFECB 14,2014-11-03,2024-10-21,3640,1209,2500000000,0,0,81141666.67,81141666.67,2500000000,0,6.42,n/a,6.42
2021,Segundo Trimestre,Junio,P09-0915121,Largo Plazo,Mercado de Capitales,EVERCORE,BONO GDFECB 15-2,2015-09-25,2025-09-12,3640,1535,2500000000,0,0,84680555.56,84680555.56,2500000000,0,6.7,n/a,6.7
2021,Segundo Trimestre,Junio,P09-0915121,Largo Plazo,Mercado de Capitales,EVERCORE,BONO GDFECB 15,2015-09-25,2020-09-18,1820,0,1382000000,0,0,0,0,0,0,TIIE,0.12,TIIE+0.12
2021,Segundo Trimestre,Junio,P09-1216054,Largo Plazo,Mercado de Capitales,EVERCORE,BONO GCDMXCB 16V,2016-12-09,2021-12-03,1820,156,1000000000,0,0,26048611.13,26048611.13,1000000000,0,TIIE,0.42,TIIE+0.42
2021,Segundo Trimestre,Junio,P09-0917056,Largo Plazo,Mercado de Capitales,EVERCORE,BONO GCDMXCB 17X,2017-09-19,2028-03-07,3822,2442,2000000000,0,0,76844444.44,76844444.44,2000000000,0,7.6,n/a,7.6
2021,Segundo Trimestre,Junio,P09-1118104,Largo Plazo,Mercado de Capitales,EVERCORE,BONO GCDMXCB 18V,2018-11-21,2028-11-08,3640,2688,1100000000,0,0,55221833.33,55221833.33,1100000000,0,9.93,n/a,9.93
2021,Segundo Trimestre,Junio,P09-1219057,Largo Plazo,Mercado de Capitales,CI BANCO,BONO CDMXCB 19,2019-12-03,2029-11-20,3640,3065,1500000000,0,0,59301666.67,59301666.67,1500000000,0,7.82,n/a,7.82
2021,Tercer Trimestre,Septiembre,224/2007,Largo Plazo,Banca Comercial,BANCOMER,"BANCOMER 3,457",2007-08-30,2037-07-27,10924,5779,3457974221,0,19853984.64,120482891.9,140336876.5,3328968041,-19853984.64,TIIE,0.35,TIIE+0.35
2021,Tercer Trimestre,Septiembre,225/2007,Largo Plazo,Banca Comercial,BANCOMER,BANCOMER 7000,2007-08-31,2040-08-27,12050,6906,7000000000,0,101909135.1,410856177.2,512765312.2,6024623440,-101909135.1,8.91,n/a,8.91
2021,Tercer Trimestre,Septiembre,226/2007,Largo Plazo,Banca Comercial,BANCOMER,"BANCOMER 4,700",2007-08-31,2037-07-27,10923,5779,4700000000,0,26985084.85,305706520.8,332691605.7,4524657732,-26985084.85,8.8,n/a,8.8
2021,Tercer Trimestre,Septiembre,233/2007,Largo Plazo,Banca Comercial,HSBC,"HSBC 7,000",2007-09-07,2047-09-25,14628,9491,7000000000,0,0,262064269.4,262064269.4,7000000000,0,TIIE,0.53,TIIE+0.53
2021,Tercer Trimestre,Septiembre,721/2011,Largo Plazo,Banca Comercial,BANAMEX,"BANAMEX 1,500",2011-12-29,2026-12-28,5478,1915,1500000000,0,60628743,32470286.09,93099029.09,792664665,-60628743,TIIE,TIIE-1.815,TIIE+TIIE-1.815
2021,Tercer Trimestre,Septiembre,P09-1213198,Largo Plazo,Banca Comercial,BANAMEX,"BANAMEX 3,500",2013-12-31,2023-12-26,3647,817,3500000000,0,328125000.1,50655167.8,378780167.9,984374999.5,-328125000.1,5.74,n/a,5.74
2021,Tercer Trimestre,Septiembre,P09-1214242,Largo Plazo,Banca Comercial,BANCOMER,BANCOMER 2500,2014-12-26,2024-12-26,3653,1183,2500000000,0,234375000,49871600.12,284246600.2,1015625000,-234375000,5.75,n/a,5.75
2021,Tercer Trimestre,Septiembre,P09-1215163,Largo Plazo,Banca Comercial,SANTANDER,"SANTANDER 3,500",2015-12-30,2022-12-26,2553,452,3500000000,0,525000000,42113301,567113301,875000000.2,-525000000,TIIE,0.38,TIIE+0.38
2021,Tercer Trimestre,Septiembre,P09-1216082,Largo Plazo,Banca Comercial,BANCOMER,"BANCOMER 3,000-15",2016-12-30,2031-12-26,5474,3739,3000000000,0,160714285.7,142390297.6,303104583.4,2196428571,-160714285.7,8.22,n/a,8.22
2021,Tercer Trimestre,Septiembre,P09-1216083,Largo Plazo,Banca Comercial,BANCOMER,"BANCOMER 3,000-7",2016-12-30,2023-12-26,2552,817,3000000000,0,375000000,76953495.36,451953495.4,1125000000,-375000000,7.63,n/a,7.63
2021,Tercer Trimestre,Septiembre,P09-1217133,Largo Plazo,Banca Comercial,HSBC,"HSBC 2,500",2017-12-29,2024-12-26,2554,1183,2500000000,0,267857142.8,73946263.24,341803406.1,1160714286,-267857142.8,7.46,n/a,7.46
2021,Tercer Trimestre,Septiembre,P09-1218140,Largo Plazo,Banca Comercial,BANCOMER,"BANCOMER 3,000-18",2018-12-31,2028-12-26,3648,2644,3000000000,0,250000000,176587407.4,426587407.4,2416666667,-250000000,9.12,n/a,9.12
2021,Tercer Trimestre,Septiembre,P09-1218139,Largo Plazo,Banca Comercial,HSBC,"HSBC 1,170",2018-12-31,2028-12-26,3648,2644,1170915400,0,97576283.34,73079510.43,170655793.8,943237405.5,-97576283.34,9.67,n/a,9.67
2021,Tercer Trimestre,Septiembre,P09-1218138,Largo Plazo,Banca Comercial,SANTANDER,"SANTANDER 2,400",2018-12-31,2028-12-26,3648,2644,2400000000,0,200000000,147930679,347930679,1933333333,-200000000,9.55,n/a,9.55
2021,Tercer Trimestre,Septiembre,P09-1219070,Largo Plazo,Banca Comercial,BANCOMER,"BANCOMER 2,000",2019-12-30,2026-12-28,2555,1915,2000000000,0,178942477.8,67350539.89,246293017.7,1821057522,-178942477.8,TIIE,0.22,TIIE+0.22
2021,Tercer Trimestre,Septiembre,P09-1219071,Largo Plazo,Banca Comercial,BANCOMER,"BANCOMER 3,421",2019-12-30,2029-12-26,3649,3009,3421287307,0,166167218.8,171079852.6,337247071.4,3255120089,-166167218.8,6.74,n/a,6.74
2021,Tercer Trimestre,Septiembre,P09-1219072,Largo Plazo,Banca Comercial,BANCOMER,BANCOMER 500-19,2019-12-30,2029-12-26,3649,3009,500000000,0,24284312.29,26300600.49,50584912.78,475715687.7,-24284312.29,7.09,n/a,7.09
2021,Tercer Trimestre,Septiembre,P09-0721037,Largo Plazo,Banca Comercial,BANCOMER,"BANCOMER 2,296",2021-07-13,2031-07-11,3650,3571,2296288493,2296288493,0,25083201.18,25083201.18,2296288493,2296288493,TIIE,0.49,TIIE+0.49
2021,Tercer Trimestre,Septiembre,262/2007,Largo Plazo,Banca de Desarrollo,BANOBRAS,"BANOBRAS 4,000",2007-10-17,2047-10-25,14618,9521,4000000000,0,0,110604373.3,110604373.3,2954496892,0,TIIE,0.53,TIIE+0.53
2021,Tercer Trimestre,Septiembre,260/2007,Largo Plazo,Banca de Desarrollo,BANOBRAS,"BANOBRAS  4,806",2007-10-17,2037-10-26,10967,5870,4806995489,0,26170503.18,167364672.2,193535175.4,4625336469,-26170503.18,TIIE,0.35,TIIE+0.35
2021,Tercer Trimestre,Septiembre,261/2007,Largo Plazo,Banca de Desarrollo,BANOBRAS,"BANOBRAS  4,459",2007-10-17,2040-10-25,12062,6965,4459000000,0,33952568.69,150452475.3,184405044,4156111555,-33952568.69,TIIE,0.35,TIIE+0.35
2021,Tercer Trimestre,Septiembre,514/2008,Largo Plazo,Banca de Desarrollo,BANOBRAS,BANOBRAS  175,2009-12-24,2028-11-27,6913,2615,174978799.6,0,7265787.48,2646702.01,9912489.49,69428635.61,-7265787.48,TIIE,0.35,TIIE+0.35
2021,Tercer Trimestre,Septiembre,562/2010,Largo Plazo,Banca de Desarrollo,BANOBRAS,"BANOBRAS  1,499",2010-12-28,2040-10-25,10894,6965,1499069398,0,71875000.07,75761944.82,147636944.9,1054972174,-71875000.07,9.13,n/a,9.13
2021,Tercer Trimestre,Septiembre,P09-1212219,Largo Plazo,Banca de Desarrollo,BANOBRAS,"BANOBRAS 1,954",2012-12-28,2027-11-25,5445,2247,1954226708,0,105317607.1,48182675.18,153500282.2,865944768.6,-105317607.1,5.97,0.91,6.88
2021,Tercer Trimestre,Septiembre,P09-1212219,Largo Plazo,Banca de Desarrollo,BANOBRAS,BANOBRAS 145,2012-12-31,2027-11-25,5442,2247,145773291.7,0,7856045.64,3588907.17,11444952.81,64594153.46,-7856045.64,5.96,0.91,6.87
2021,Tercer Trimestre,Septiembre,P09-1213189,Largo Plazo,Banca de Desarrollo,BANOBRAS,"BANOBRAS 1,024",2013-12-31,2023-10-25,3585,755,1024317877,0,148727882.8,16467547.92,165195430.7,378654468.2,-148727882.8,TIIE,0.32,TIIE+0.32
2021,Tercer Trimestre,Septiembre,P09-1214244,Largo Plazo,Banca de Desarrollo,BANOBRAS,"BANOBRAS 1,949",2014-12-31,2029-11-26,5444,2979,1949386371,0,113190176.4,46773678.92,159963855.4,1232515254,-113190176.4,TIIE,0.36,TIIE+0.36
2021,Tercer Trimestre,Septiembre,P09-1215162,Largo Plazo,Banca de Desarrollo,BANOBRAS,"BANOBRAS 1,000",2015-12-29,2025-12-26,3650,1548,1000000000,0,218469653.8,22664743.83,241134397.7,501843842.4,-218469653.8,TIIE,0.41,TIIE+0.41
2021,Tercer Trimestre,Septiembre,P09-1217134,Largo Plazo,Banca de Desarrollo,BANOBRAS,"BANOBRAS 1,378",2017-12-29,2032-12-27,5477,4106,1378859929,0,68942996.46,38571980.21,107514976.7,1034144947,-68942996.46,TIIE,0.34,TIIE+0.34
2021,Tercer Trimestre,Septiembre,P09-1219069,Largo Plazo,Banca de Desarrollo,BANOBRAS,"BANOBRAS 2,000",2019-12-30,2026-12-28,2555,1915,2000000000,0,178942477.8,67428524.2,246371002,1821057522,-178942477.8,TIIE,0.2,TIIE+0.20
2021,Tercer Trimestre,Septiembre,P09-0720076,Largo Plazo,Banca de Desarrollo,BANOBRAS,"BANOBRAS 2,000",2020-07-31,2030-07-31,3652,3226,2000000000,0,150000000,68565610.33,218565610.4,1766666667,-150000000,TIIE,0.46,TIIE+0.46
2021,Tercer Trimestre,Septiembre,P09-0720077,Largo Plazo,Banca de Desarrollo,BANOBRAS,"BANOBRAS 2,300-20",2020-07-31,2030-07-31,3652,3226,2300000000,0,172500000,80623853.03,253123853.1,2031666667,-172500000,TIIE,0.57,TIIE+0.57
2021,Tercer Trimestre,Septiembre,P09-1220098,Largo Plazo,Banca de Desarrollo,BANOBRAS,"BANOBRAS 2,500",2020-12-11,2030-11-25,3636,3343,2500000000,0,189075630.2,96721107.67,285796737.9,2310924370,-189075630.2,TIIE,0.53,TIIE+0.53
2021,Tercer Trimestre,Septiembre,P09-1220099,Largo Plazo,Banca de Desarrollo,BANOBRAS,"BANOBRAS 2,683",2020-12-11,2030-11-25,3636,3343,2683529136,0,202955985.1,106122709.2,309078694.3,2480573151,-202955985.1,TIIE,0.64,TIIE+0.64
2021,Tercer Trimestre,Septiembre,P09-0721036,Largo Plazo,Banca de Desarrollo,BANOBRAS,"BANOBRAS 2,200",2021-07-13,2031-07-11,3650,3571,2200000000,2200000000,0,23705641.67,23705641.67,2200000000,2200000000,TIIE,0.48,TIIE+0.48
2021,Tercer Trimestre,Septiembre,P09-1012161,Largo Plazo,Bonos CupÃ³n Cero,BANOBRAS,"BANOBRAS 2,138",2012-11-12,2032-11-25,7318,4074,2138648319,0,0,129258122.2,129258122.2,2138648319,0,7.09,0.88,7.97
2021,Tercer Trimestre,Septiembre,P09-1012161,Largo Plazo,Bonos CupÃ³n Cero,BANOBRAS,BANOBRAS 294,2012-11-30,2032-11-25,7300,4074,294874160,0,0,17665419.5,17665419.5,294874160,0,7.02,0.88,7.9
2021,Tercer Trimestre,Septiembre,P09-1012161,Largo Plazo,Bonos CupÃ³n Cero,BANOBRAS,BANOBRAS 196,2013-11-07,2032-11-25,6958,4074,196783977,0,0,12803749.47,12803749.47,196783977,0,7.7,0.88,8.58
2021,Tercer Trimestre,Septiembre,329/2007,Largo Plazo,Mercado de Capitales,CI BANCO,BONO GDFCB 07,2007-12-17,2027-11-22,7280,2244,575000000,0,0,25145069.44,25145069.44,575000000,0,8.65,n/a,8.65
2021,Tercer Trimestre,Septiembre,145/2010,Largo Plazo,Mercado de Capitales,CI BANCO,BONO GDFCB10-2,2010-06-25,2020-06-12,3640,0,2520951200,0,0,0,0,0,0,7.09,n/a,7.09
2021,Tercer Trimestre,Septiembre,P09-1112186,Largo Plazo,Mercado de Capitales,EVERCORE,BONO GDFECB 12,2012-11-30,2027-11-12,5460,2234,2500000000,0,0,86576388.89,86576388.89,2500000000,0,6.85,n/a,6.85
2021,Tercer Trimestre,Septiembre,P09-1113146,Largo Plazo,Mercado de Capitales,EVERCORE,BONO GDFECB 13,2013-11-28,2023-11-16,3640,777,2126874900,0,0,75805366.23,75805366.23,2126874900,0,7.05,n/a,7.05
2021,Tercer Trimestre,Septiembre,P09-1014157,Largo Plazo,Mercado de Capitales,EVERCORE,BONO GDFECB 14,2014-11-03,2024-10-21,3640,1117,2500000000,0,0,81141666.67,81141666.67,2500000000,0,6.42,n/a,6.42
2021,Tercer Trimestre,Septiembre,P09-0915121,Largo Plazo,Mercado de Capitales,EVERCORE,BONO GDFECB 15-2,2015-09-25,2025-09-12,3640,1443,2500000000,0,0,169361111.1,169361111.1,2500000000,0,6.7,n/a,6.7
2021,Tercer Trimestre,Septiembre,P09-0915121,Largo Plazo,Mercado de Capitales,EVERCORE,BONO GDFECB 15,2015-09-25,2020-09-18,1820,0,1382000000,0,0,0,0,0,0,TIIE,0.12,TIIE+0.12
2021,Tercer Trimestre,Septiembre,P09-1216054,Largo Plazo,Mercado de Capitales,EVERCORE,BONO GCDMXCB 16V,2016-12-09,2021-12-03,1820,64,1000000000,0,0,37396388.9,37956388.88,1000000000,0,TIIE,0.42,TIIE+0.42
2021,Tercer Trimestre,Septiembre,P09-0917056,Largo Plazo,Mercado de Capitales,EVERCORE,BONO GCDMXCB 17X,2017-09-19,2028-03-07,3822,2350,2000000000,0,0,153688888.9,153688888.9,2000000000,0,7.6,n/a,7.6
2021,Tercer Trimestre,Septiembre,P09-1118104,Largo Plazo,Mercado de Capitales,EVERCORE,BONO GCDMXCB 18V,2018-11-21,2028-11-08,3640,2596,1100000000,0,0,55221833.33,55221833.33,1100000000,0,9.93,n/a,9.93
2021,Tercer Trimestre,Septiembre,P09-1219057,Largo Plazo,Mercado de Capitales,CI BANCO,BONO CDMXCB 19,2019-12-03,2029-11-20,3640,2973,1500000000,0,0,59301666.67,59301666.67,1500000000,0,7.82,n/a,7.82
2021,Cuarto Trimestre,Diciembre,224/2007,Largo Plazo,Banca Comercial,BANCOMER,"BANCOMER 3,457",2007-08-30,2037-07-27,10924,5687,3457974221,0,27170124.37,165485044.6,192655169,3321651902,-27170124.37,TIIE,0.35,TIIE+0.35
2021,Cuarto Trimestre,Diciembre,225/2007,Largo Plazo,Banca Comercial,BANCOMER,"BANCOMER 7,000",2007-08-31,2040-08-27,12050,6814,7000000000,0,137207139.3,546266198.4,683473337.7,5989325435,-137207139.3,8.91,n/a,8.91
2021,Cuarto Trimestre,Diciembre,226/2007,Largo Plazo,Banca Comercial,BANCOMER,"BANCOMER 4,700",2007-08-31,2037-07-27,10923,5687,4700000000,0,36929015.79,407193199.9,444122215.7,4514713801,-36929015.79,8.8,n/a,8.8
2021,Cuarto Trimestre,Diciembre,233/2007,Largo Plazo,Banca Comercial,HSBC,"HSBC 7,000",2007-09-07,2047-09-25,14628,9399,7000000000,0,0,359951394.4,359951394.4,7000000000,0,TIIE,0.53,TIIE+0.53
2021,Cuarto Trimestre,Diciembre,721/2011,Largo Plazo,Banca Comercial,BANAMEX,"BANAMEX 1,500",2011-12-29,2026-12-28,5478,1823,1500000000,0,80838324,42767194.08,123605518.1,772455084,-80838324,TIIE,TIIE-1.815,TIIE+TIIE-1.815
2021,Cuarto Trimestre,Diciembre,P09-1213198,Largo Plazo,Banca Comercial,BANAMEX,"BANAMEX 3,500",2013-12-31,2023-12-26,3647,725,3500000000,0,437500000.1,64385659.69,501885659.8,874999999.5,-437500000.1,5.74,n/a,5.74
2021,Cuarto Trimestre,Diciembre,P09-1214242,Largo Plazo,Banca Comercial,BANCOMER,"BANCOMER 2,500",2014-12-26,2024-12-26,3653,1091,2500000000,0,312500000,64238281.25,376738281.3,937499999.8,-312500000,5.75,n/a,5.75
2021,Cuarto Trimestre,Diciembre,P09-1215163,Largo Plazo,Banca Comercial,SANTANDER,"SANTANDER 3,500",2015-12-30,2022-12-26,2553,360,3500000000,0,700000000,53165255.87,753165255.8,700000000.2,-700000000,TIIE,0.38,TIIE+0.38
2021,Cuarto Trimestre,Diciembre,P09-1221044,Largo Plazo,Banca Comercial,SANTANDER,"SANTANDER 2,000",2021-12-13,2036-12-13,5479,5461,2000000000,2000000000,0,0,0,2000000000,2000000000,TIIE,0.38,TIIE+0.38
2021,Cuarto Trimestre,Diciembre,P09-1216082,Largo Plazo,Banca Comercial,BANCOMER,"BANCOMER 3,000-15",2016-12-30,2031-12-26,5474,3647,3000000000,0,214285714.3,187641071.4,401926785.8,2142857143,-214285714.3,8.22,n/a,8.22
2021,Cuarto Trimestre,Diciembre,P09-1216083,Largo Plazo,Banca Comercial,BANCOMER,"BANCOMER 3,000-7",2016-12-30,2023-12-26,2552,725,3000000000,0,500000000,97812361.09,597812361.1,999999999.8,-500000000,7.63,n/a,7.63
2021,Cuarto Trimestre,Diciembre,P09-1217133,Largo Plazo,Banca Comercial,HSBC,"HSBC 2,500",2017-12-29,2024-12-26,2554,1091,2500000000,0,357142857.1,95248214.29,452391071.4,1071428572,-357142857.1,7.46,n/a,7.46
2021,Cuarto Trimestre,Diciembre,P09-1218140,Largo Plazo,Banca Comercial,BANCOMER,"BANCOMER 3,000-18",2018-12-31,2028-12-26,3648,2552,3000000000,0,333333333.4,231631111.1,564964444.5,2333333333,-333333333.4,9.12,n/a,9.12
2021,Cuarto Trimestre,Diciembre,P09-1218139,Largo Plazo,Banca Comercial,HSBC,"HSBC 1,170",2018-12-31,2028-12-26,3648,2552,1170915400,0,130101711.1,95858976.86,225960688,910711977.7,-130101711.1,9.67,n/a,9.67
2021,Cuarto Trimestre,Diciembre,P09-1218138,Largo Plazo,Banca Comercial,SANTANDER,"SANTANDER 2,400",2018-12-31,2028-12-26,3648,2552,2400000000,0,266666666.6,194041851.9,460708518.5,1866666667,-266666666.6,9.55,n/a,9.55
2021,Cuarto Trimestre,Diciembre,P09-1219070,Largo Plazo,Banca Comercial,BANCOMER,"BANCOMER 2,000",2019-12-30,2026-12-28,2555,1823,2000000000,0,242240690.4,91091617.3,333332307.7,1757759310,-242240690.4,TIIE,0.22,TIIE+0.22
2021,Cuarto Trimestre,Diciembre,P09-1219071,Largo Plazo,Banca Comercial,BANCOMER,"BANCOMER 3,421",2019-12-30,2029-12-26,3649,2917,3421287307,0,224946375.6,226191872.3,451138247.8,3196340932,-224946375.6,6.74,n/a,6.74
2021,Cuarto Trimestre,Diciembre,P09-1219072,Largo Plazo,Banca Comercial,BANCOMER,BANCOMER 500-19,2019-12-30,2029-12-26,3649,2917,500000000,0,32874522.85,34773130.64,67647653.49,467125477.2,-32874522.85,7.09,n/a,7.09
2021,Cuarto Trimestre,Diciembre,P09-0721037,Largo Plazo,Banca Comercial,BANCOMER,"BANCOMER 2,296",2021-07-13,2031-07-11,3650,3479,2296288493,2296288493,0,56962032.16,56962032.16,2296288493,2296288493,TIIE,0.49,TIIE+0.49
2021,Cuarto Trimestre,Diciembre,262/2007,Largo Plazo,Banca de Desarrollo,BANOBRAS,"BANOBRAS 4,000",2007-10-17,2047-10-25,14618,9429,4000000000,0,0,151925244.6,151925244.6,2954496892,0,TIIE,0.53,TIIE+0.53
2021,Cuarto Trimestre,Diciembre,260/2007,Largo Plazo,Banca de Desarrollo,BANOBRAS,"BANOBRAS 4,806",2007-10-17,2037-10-26,10967,5778,4806995489,0,35814266.87,229902771.1,265717038,4615692706,-35814266.87,TIIE,0.35,TIIE+0.35
2021,Cuarto Trimestre,Diciembre,261/2007,Largo Plazo,Banca de Desarrollo,BANOBRAS,"BANOBRAS 4,459",2007-10-17,2040-10-25,12062,6873,4459000000,0,46032053.4,206572252.1,252604305.5,4144032070,-46032053.4,TIIE,0.35,TIIE+0.35
2021,Cuarto Trimestre,Diciembre,514/2008,Largo Plazo,Banca de Desarrollo,BANOBRAS,BANOBRAS 175,2009-12-24,2028-11-27,6913,2523,174978799.6,0,9687716.64,3574391.51,13262108.15,67006706.45,-9687716.64,TIIE,0.35,TIIE+0.35
2021,Cuarto Trimestre,Diciembre,562/2010,Largo Plazo,Banca de Desarrollo,BANOBRAS,"BANOBRAS 1,499",2010-12-28,2040-10-25,10894,6873,1499069398,0,95833333.29,99916827.54,195750160.8,1031013841,-95833333.29,9.13,n/a,9.13
2021,Cuarto Trimestre,Diciembre,P09-1212219,Largo Plazo,Banca de Desarrollo,BANOBRAS,"BANOBRAS 1,954",2012-12-28,2027-11-25,5445,2155,1954226708,0,140423476.1,63029961.36,203453437.4,830838899.6,-140423476.1,5.97,0.91,6.88
2021,Cuarto Trimestre,Diciembre,P09-1212219,Largo Plazo,Banca de Desarrollo,BANOBRAS,BANOBRAS 145,2012-12-31,2027-11-25,5442,2155,145773291.7,0,10474727.52,4694813.63,15169541.15,61975471.58,-10474727.52,5.96,0.91,6.87
2021,Cuarto Trimestre,Diciembre,P09-1213189,Largo Plazo,Banca de Desarrollo,BANOBRAS,"BANOBRAS 1,024",2013-12-31,2023-10-25,3585,663,1024317877,0,196546114.2,21327806.67,217873920.9,330836236.7,-196546114.2,TIIE,0.32,TIIE+0.32
2021,Cuarto Trimestre,Diciembre,P09-1214244,Largo Plazo,Banca de Desarrollo,BANOBRAS,"BANOBRAS 1,949",2014-12-31,2029-11-26,5444,2887,1949386371,0,150920235.2,63298591.69,214218826.9,1194785195,-150920235.2,TIIE,0.36,TIIE+0.36
2021,Cuarto Trimestre,Diciembre,P09-1215162,Largo Plazo,Banca de Desarrollo,BANOBRAS,"BANOBRAS 1,000",2015-12-29,2025-12-26,3650,1456,1000000000,0,290904162.8,29174567.06,320078729.8,429409333.4,-290904162.8,TIIE,0.41,TIIE+0.41
2021,Cuarto Trimestre,Diciembre,P09-1217134,Largo Plazo,Banca de Desarrollo,BANOBRAS,"BANOBRAS 1,378",2017-12-29,2032-12-27,5477,4014,1378859929,0,91923995.28,52427478.64,144351473.9,1011163948,-91923995.28,TIIE,0.34,TIIE+0.34
2021,Cuarto Trimestre,Diciembre,P09-1219069,Largo Plazo,Banca de Desarrollo,BANOBRAS,"BANOBRAS 2,000",2019-12-30,2026-12-28,2555,1823,2000000000,0,242240690.4,91083935.01,333324625.4,1757759310,-242240690.4,TIIE,0.2,TIIE+0.20
2021,Cuarto Trimestre,Diciembre,P09-0720076,Largo Plazo,Banca de Desarrollo,BANOBRAS,"BANOBRAS 2,000-20",2020-07-31,2030-07-31,3652,3134,2000000000,0,200000000,92716001.54,292716001.6,1716666667,-200000000,TIIE,0.46,TIIE+0.46
2021,Cuarto Trimestre,Diciembre,P09-0720077,Largo Plazo,Banca de Desarrollo,BANOBRAS,"BANOBRAS 2,300",2020-07-31,2030-07-31,3652,3134,2300000000,0,230000000,108956155.5,338956155.5,1974166667,-230000000,TIIE,0.57,TIIE+0.57
2021,Cuarto Trimestre,Diciembre,P09-1220098,Largo Plazo,Banca de Desarrollo,BANOBRAS,"BANOBRAS 2,500",2020-12-11,2030-11-25,3636,3251,2500000000,0,252100840.3,128728294.3,380829134.6,2247899160,-252100840.3,TIIE,0.53,TIIE+0.53
2021,Cuarto Trimestre,Diciembre,P09-1220099,Largo Plazo,Banca de Desarrollo,BANOBRAS,"BANOBRAS 2,683",2020-12-11,2030-11-25,3636,3251,2683529136,0,270607980.1,141162787.5,411770767.7,2412921156,-270607980.1,TIIE,0.64,TIIE+0.64
2021,Cuarto Trimestre,Diciembre,P09-0721036,Largo Plazo,Banca de Desarrollo,BANOBRAS,"BANOBRAS 2,200",2021-07-13,2031-07-11,3650,3479,2200000000,2200000000,0,54198558.33,54198558.33,2200000000,2200000000,TIIE,0.48,TIIE+0.48
2021,Cuarto Trimestre,Diciembre,P09-1221045,Largo Plazo,Banca de Desarrollo,BANOBRAS,"BANOBRAS 3,000",2021-12-13,2036-12-13,5479,5461,3000000000,3000000000,0,0,0,3000000000,3000000000,TIIE,0.34,TIIE+0.34
2021,Cuarto Trimestre,Diciembre,P09-1221046,Largo Plazo,Banca de Desarrollo,BANOBRAS,"BANOBRAS 1,908",2021-12-13,2036-12-13,5479,5461,1908190692,1908190692,0,0,0,1908190692,1908190692,TIIE,0.39,TIIE+0.39
2021,Cuarto Trimestre,Diciembre,P09-1012161,Largo Plazo,Bonos CupÃ³n Cero,BANOBRAS,"BANOBRAS 2,138",2012-11-12,2032-11-25,7318,3982,2138648319,0,0,172344163,172344163,2138648319,0,7.09,0.88,7.97
2021,Cuarto Trimestre,Diciembre,P09-1012161,Largo Plazo,Bonos CupÃ³n Cero,BANOBRAS,BANOBRAS 294,2012-11-30,2032-11-25,7300,3982,294874160,0,0,23553892.67,23553892.67,294874160,0,7.02,0.88,7.9
2021,Cuarto Trimestre,Diciembre,P09-1012161,Largo Plazo,Bonos CupÃ³n Cero,BANOBRAS,BANOBRAS 196,2013-11-07,2032-11-25,6958,3982,196783977,0,0,17071665.96,17071665.96,196783977,0,7.7,0.88,8.58
2021,Cuarto Trimestre,Diciembre,329/2007,Largo Plazo,Mercado de Capitales,CI BANCO,BONO GDFCB 07,2007-12-17,2027-11-22,7280,2152,575000000,0,0,50290138.88,50290138.88,575000000,0,8.65,n/a,8.65
2021,Cuarto Trimestre,Diciembre,145/2010,Largo Plazo,Mercado de Capitales,CI BANCO,BONO GDFCB10-2,2010-06-25,2020-06-12,3640,0,2520951200,0,0,0,0,0,0,7.09,n/a,7.09
2021,Cuarto Trimestre,Diciembre,P09-1112186,Largo Plazo,Mercado de Capitales,EVERCORE,BONO GDFECB 12,2012-11-30,2027-11-12,5460,2142,2500000000,0,0,173152777.8,173152777.8,2500000000,0,6.85,n/a,6.85
2021,Cuarto Trimestre,Diciembre,P09-1113146,Largo Plazo,Mercado de Capitales,EVERCORE,BONO GDFECB 13,2013-11-28,2023-11-16,3640,685,2126874900,0,0,151610732.5,151610732.5,2126874900,0,7.05,n/a,7.05
2021,Cuarto Trimestre,Diciembre,P09-1014157,Largo Plazo,Mercado de Capitales,EVERCORE,BONO GDFECB 14,2014-11-03,2024-10-21,3640,1025,2500000000,0,0,162283333.3,162283333.3,2500000000,0,6.42,n/a,6.42
2021,Cuarto Trimestre,Diciembre,P09-0915121,Largo Plazo,Mercado de Capitales,EVERCORE,BONO GDFECB 15-2,2015-09-25,2025-09-12,3640,1351,2500000000,0,0,169361111.1,169361111.1,2500000000,0,6.7,n/a,6.7
2021,Cuarto Trimestre,Diciembre,P09-0915121,Largo Plazo,Mercado de Capitales,EVERCORE,BONO GDFECB 15,2015-09-25,2020-09-18,1820,0,1382000000,0,0,0,0,0,0,TIIE,0.12,TIIE+0.12
2021,Cuarto Trimestre,Diciembre,P09-1216054,Largo Plazo,Mercado de Capitales,EVERCORE,BONO GCDMXCB 16V,2016-12-09,2021-12-03,1820,0,1000000000,0,1000000000,49840833.35,1053833333,0,-1000000000,TIIE,0.42,TIIE+0.42
2021,Cuarto Trimestre,Diciembre,P09-0917056,Largo Plazo,Mercado de Capitales,EVERCORE,BONO GCDMXCB 17X,2017-09-19,2028-03-07,3822,2258,2000000000,0,0,153688888.9,153688888.9,2000000000,0,7.6,n/a,7.6
2021,Cuarto Trimestre,Diciembre,P09-1118104,Largo Plazo,Mercado de Capitales,EVERCORE,BONO GCDMXCB 18V,2018-11-21,2028-11-08,3640,2504,1100000000,0,0,110443666.7,110443666.7,1100000000,0,9.93,n/a,9.93
2021,Cuarto Trimestre,Diciembre,P09-1219057,Largo Plazo,Mercado de Capitales,CI BANCO,BONO CDMXCB 19,2019-12-03,2029-11-20,3640,2881,1500000000,0,0,118603333.3,118603333.3,1500000000,0,7.82,n/a,7.82
2022,Primer Trimestre,Marzo,224/2007,Largo Plazo,Banca Comercial,BANCOMER,"BANCOMER 3,457",2007-08-30,2037-07-27,10924,5597,3457974221,0,7695641.89,50569762.16,58265404.05,3313956260,-7695641.89,TIIE,0.35,TIIE+0.35
2022,Primer Trimestre,Marzo,225/2007,Largo Plazo,Banca Comercial,BANCOMER,"BANCOMER 7,000",2007-08-31,2040-08-27,12050,6724,7000000000,0,35983722.52,130198140.8,166181863.3,5953341713,-35983722.52,8.91,n/a,8.91
2022,Primer Trimestre,Marzo,226/2007,Largo Plazo,Banca Comercial,BANCOMER,"BANCOMER 4,700",2007-08-31,2037-07-27,10923,5597,4700000000,0,10459741.65,97925420.75,108385162.4,4504254060,-10459741.65,8.8,n/a,8.8
2022,Primer Trimestre,Marzo,233/2007,Largo Plazo,Banca Comercial,HSBC,"HSBC 7,000",2007-09-07,2047-09-25,14628,9309,7000000000,0,0,109732641.7,109732641.7,7000000000,0,TIIE,0.53,TIIE+0.53
2022,Primer Trimestre,Marzo,721/2011,Largo Plazo,Banca Comercial,BANAMEX,"BANAMEX 1,500",2011-12-29,2026-12-28,5478,1733,1500000000,0,20209581,9706027.56,29915608.56,752245503,-20209581,TIIE,TIIE-1.815,TIIE+TIIE-1.815
2022,Primer Trimestre,Marzo,P09-1213198,Largo Plazo,Banca Comercial,BANAMEX,"BANAMEX 3,500",2013-12-31,2023-12-26,3647,635,3500000000,0,109375000,11771484.37,121146484.4,765624999.5,-109375000,5.74,n/a,5.74
2022,Primer Trimestre,Marzo,P09-1214242,Largo Plazo,Banca Comercial,BANCOMER,"BANCOMER 2,500",2014-12-26,2024-12-26,3653,1001,2500000000,0,78125000.01,12815212.67,90940212.68,859374999.8,-78125000.01,5.75,n/a,5.75
2022,Primer Trimestre,Marzo,P09-1215163,Largo Plazo,Banca Comercial,SANTANDER,"SANTANDER 3,500",2015-12-30,2022-12-26,2553,270,3500000000,0,175000000,9810078.38,184810078.4,525000000.2,-175000000,TIIE,0.38,TIIE+0.38
2022,Primer Trimestre,Marzo,P09-1216082,Largo Plazo,Banca Comercial,BANCOMER,"BANCOMER 3,000-15",2016-12-30,2031-12-26,5474,3557,3000000000,0,53571428.58,42702410.71,96273839.29,2089285714,-53571428.58,8.22,n/a,8.22
2022,Primer Trimestre,Marzo,P09-1216083,Largo Plazo,Banca Comercial,BANCOMER,"BANCOMER 3,000-7",2016-12-30,2023-12-26,2552,635,3000000000,0,125000000,17882812.5,142882812.5,874999999.8,-125000000,7.63,n/a,7.63
2022,Primer Trimestre,Marzo,P09-1217133,Largo Plazo,Banca Comercial,HSBC,"HSBC 2,500",2017-12-29,2024-12-26,2554,1001,2500000000,0,89285714.28,19001537.71,108287252,982142857.2,-89285714.28,7.46,n/a,7.46
2022,Primer Trimestre,Marzo,P09-1218140,Largo Plazo,Banca Comercial,BANCOMER,"BANCOMER 3,000-18",2018-12-31,2028-12-26,3648,2462,3000000000,0,83333333.34,51405555.56,134738888.9,2250000000,-83333333.34,9.12,n/a,9.12
2022,Primer Trimestre,Marzo,P09-1218139,Largo Plazo,Banca Comercial,HSBC,"HSBC 1,170",2018-12-31,2028-12-26,3648,2462,1170915400,0,32525427.78,21273843.29,53799271.07,878186549.9,-32525427.78,9.67,n/a,9.67
2022,Primer Trimestre,Marzo,P09-1218138,Largo Plazo,Banca Comercial,SANTANDER,"SANTANDER 2,400",2018-12-31,2028-12-26,3648,2462,2400000000,0,66666666.66,43063425.93,109730092.6,1800000000,-66666666.66,9.55,n/a,9.55
2022,Primer Trimestre,Marzo,P09-1219070,Largo Plazo,Banca Comercial,BANCOMER,"BANCOMER 2,000",2019-12-30,2026-12-28,2555,1733,2000000000,0,65216211.77,25895576.64,91111788.41,1692543098,-65216211.77,TIIE,0.22,TIIE+0.22
2022,Primer Trimestre,Marzo,P09-1219071,Largo Plazo,Banca Comercial,BANCOMER,"BANCOMER 3,421",2019-12-30,2029-12-26,3649,2827,3421287307,0,60560223.98,52334902.78,112895126.8,3135780708,-60560223.98,6.74,n/a,6.74
2022,Primer Trimestre,Marzo,P09-1219072,Largo Plazo,Banca Comercial,BANCOMER,BANCOMER 500-19,2019-12-30,2029-12-26,3649,2827,500000000,0,8850502.53,8045595.95,16896098.48,458274974.6,-8850502.53,7.09,n/a,7.09
2022,Primer Trimestre,Marzo,P09-0721037,Largo Plazo,Banca Comercial,BANCOMER,"BANCOMER 2,296",2021-07-13,2031-07-11,3650,3389,2296288493,0,0,35772302.92,35772302.92,2296288493,0,TIIE,0.49,TIIE+0.49
2022,Primer Trimestre,Marzo,P09-1221044,Largo Plazo,Banca Comercial,SANTANDER,"SANTANDER 2,000",2021-12-13,2036-12-13,5479,5371,2000000000,0,33333333.33,34045351.92,67378685.25,1966666667,-33333333.33,TIIE,0.38,TIIE+0.38
2022,Primer Trimestre,Marzo,262/2007,Largo Plazo,Banca de Desarrollo,BANOBRAS,"BANOBRAS 4,000",2007-10-17,2047-10-25,14618,9339,4000000000,0,0,46290441.77,46290441.77,2954496892,0,TIIE,0.53,TIIE+0.53
2022,Primer Trimestre,Marzo,260/2007,Largo Plazo,Banca de Desarrollo,BANOBRAS,"BANOBRAS 4,806",2007-10-17,2037-10-26,10967,5688,4806995489,0,10144001.13,70235137.51,80379138.64,4605548704,-10144001.13,TIIE,0.35,TIIE+0.35
2022,Primer Trimestre,Marzo,261/2007,Largo Plazo,Banca de Desarrollo,BANOBRAS,"BANOBRAS 4,459",2007-10-17,2040-10-25,12062,6783,4459000000,0,12481725.14,62975341.64,75457066.78,4131550345,-12481725.14,TIIE,0.35,TIIE+0.35
2022,Primer Trimestre,Marzo,514/2008,Largo Plazo,Banca de Desarrollo,BANOBRAS,BANOBRAS 175,2009-12-24,2028-11-27,6913,2433,174978799.6,0,2421929.16,1007887.1,3429816.26,64584777.29,-2421929.16,TIIE,0.35,TIIE+0.35
2022,Primer Trimestre,Marzo,562/2010,Largo Plazo,Banca de Desarrollo,BANOBRAS,"BANOBRAS 1,499",2010-12-28,2040-10-25,10894,6783,1499069398,0,23958333.98,22833730.88,46792064.86,1007055507,-23958333.98,9.13,n/a,9.13
2022,Primer Trimestre,Marzo,P09-1212219,Largo Plazo,Banca de Desarrollo,BANOBRAS,"BANOBRAS 1,954",2012-12-28,2027-11-25,5445,2065,1954226708,0,35105869.02,13778299.45,48884168.47,795733030.6,-35105869.02,5.97,0.91,6.88
2022,Primer Trimestre,Marzo,P09-1212219,Largo Plazo,Banca de Desarrollo,BANOBRAS,BANOBRAS 145,2012-12-31,2027-11-25,5442,2065,145773291.7,0,2618681.88,1026282.52,3644964.4,59356789.7,-2618681.88,5.96,0.91,6.87
2022,Primer Trimestre,Marzo,P09-1213189,Largo Plazo,Banca de Desarrollo,BANOBRAS,"BANOBRAS 1,024",2013-12-31,2023-10-25,3585,573,1024317877,0,46939366.71,4772960.32,51712327.03,283896870,-46939366.71,TIIE,0.32,TIIE+0.32
2022,Primer Trimestre,Marzo,P09-1214244,Largo Plazo,Banca de Desarrollo,BANOBRAS,"BANOBRAS 1,949",2014-12-31,2029-11-26,5444,2797,1949386371,0,37730058.81,18028467.65,55758526.46,1157055136,-37730058.81,TIIE,0.36,TIIE+0.36
2022,Primer Trimestre,Marzo,P09-1215162,Largo Plazo,Banca de Desarrollo,BANOBRAS,"BANOBRAS 1,000",2015-12-29,2025-12-26,3650,1366,1000000000,0,71657090.94,6229315.91,77886406.85,357752242.5,-71657090.94,TIIE,0.41,TIIE+0.41
2022,Primer Trimestre,Marzo,P09-1217134,Largo Plazo,Banca de Desarrollo,BANOBRAS,"BANOBRAS 1,378",2017-12-29,2032-12-27,5477,3924,1378859929,0,22980998.82,15254870.27,38235869.09,988182949.1,-22980998.82,TIIE,0.34,TIIE+0.34
2022,Primer Trimestre,Marzo,P09-1219069,Largo Plazo,Banca de Desarrollo,BANOBRAS,"BANOBRAS 2,000",2019-12-30,2026-12-28,2555,1733,2000000000,0,65216211.77,25822534.02,91038745.79,1692543098,-65216211.77,TIIE,0.2,TIIE+0.20
2022,Primer Trimestre,Marzo,P09-0720076,Largo Plazo,Banca de Desarrollo,BANOBRAS,"BANOBRAS 2,000-20",2020-07-31,2030-07-31,3652,3038,2000000000,0,50000000.01,26366276.75,76366276.76,1666666667,-50000000.01,TIIE,0.46,TIIE+0.46
2022,Primer Trimestre,Marzo,P09-0720077,Largo Plazo,Banca de Desarrollo,BANOBRAS,"BANOBRAS 2,300",2020-07-31,2030-07-31,3652,3038,2300000000,0,57500000.01,30846954.61,88346954.62,1916666667,-57500000.01,TIIE,0.57,TIIE+0.57
2022,Primer Trimestre,Marzo,P09-1220098,Largo Plazo,Banca de Desarrollo,BANOBRAS,"BANOBRAS 2,500",2020-12-11,2030-11-25,3636,3161,2500000000,0,63025210.08,34919406.74,97944616.82,2184873950,-63025210.08,TIIE,0.53,TIIE+0.53
2022,Primer Trimestre,Marzo,P09-1220099,Largo Plazo,Banca de Desarrollo,BANOBRAS,"BANOBRAS 2,683",2020-12-11,2030-11-25,3636,3161,2683529136,0,67651995.03,38125711.13,105777706.2,2345269161,-67651995.03,TIIE,0.64,TIIE+0.64
2022,Primer Trimestre,Marzo,P09-0721036,Largo Plazo,Banca de Desarrollo,BANOBRAS,"BANOBRAS 2,200",2021-07-13,2031-07-11,3650,3389,2200000000,0,0,34233643.9,34233643.9,2200000000,0,TIIE,0.48,TIIE+0.48
2022,Primer Trimestre,Marzo,P09-1221045,Largo Plazo,Banca de Desarrollo,BANOBRAS,"BANOBRAS 3,000",2021-12-13,2036-12-13,5479,5371,3000000000,0,50000000.01,50748878.29,100748878.3,2950000000,-50000000.01,TIIE,0.34,TIIE+0.34
2022,Primer Trimestre,Marzo,P09-1221046,Largo Plazo,Banca de Desarrollo,BANOBRAS,"BANOBRAS 1,908",2021-12-13,2036-12-13,5479,5371,1908190692,0,31803178.2,32548558.45,64351736.65,1876387514,-31803178.2,TIIE,0.39,TIIE+0.39
2022,Primer Trimestre,Marzo,P09-1012161,Largo Plazo,Banca de Desarrollo,BANOBRAS,"BANOBRAS 2,138",2012-11-12,2032-11-25,7318,3892,2138648319,0,0,41665621.82,41665621.82,2138648319,0,7.09,0.88,7.97
2022,Primer Trimestre,Marzo,P09-1012161,Largo Plazo,Banca de Desarrollo,BANOBRAS,BANOBRAS 294,2012-11-30,2032-11-25,7300,3892,294874160,0,0,5694347.68,5694347.68,294874160,0,7.02,0.88,7.9
2022,Primer Trimestre,Marzo,P09-1012161,Largo Plazo,Banca de Desarrollo,BANOBRAS,BANOBRAS 196,2013-11-07,2032-11-25,6958,3892,196783977,0,0,4127215.94,4127215.94,196783977,0,7.7,0.88,8.58
2022,Primer Trimestre,Marzo,329/2007,Largo Plazo,Mercado de Capitales,CI BANCO,BONO GDFCB 07,2007-12-17,2027-11-22,7280,2062,575000000,0,0,0,0,575000000,0,8.65,n/a,8.65
2022,Primer Trimestre,Marzo,P09-1112186,Largo Plazo,Mercado de Capitales,EVERCORE,BONO GDFECB 12,2012-11-30,2027-11-12,5460,2052,2500000000,0,0,0,0,2500000000,0,6.85,n/a,6.85
2022,Primer Trimestre,Marzo,P09-1113146,Largo Plazo,Mercado de Capitales,EVERCORE,BONO GDFECB 13,2013-11-28,2023-11-16,3640,595,2126874900,0,0,0,0,2126874900,0,7.05,n/a,7.05
2022,Primer Trimestre,Marzo,P09-1014157,Largo Plazo,Mercado de Capitales,EVERCORE,BONO GDFECB 14,2014-11-03,2024-10-21,3640,935,2500000000,0,0,0,0,2500000000,0,6.42,n/a,6.42
2022,Primer Trimestre,Marzo,P09-0915121,Largo Plazo,Mercado de Capitales,EVERCORE,BONO GDFECB 15-2,2015-09-25,2025-09-12,3640,1261,2500000000,0,0,84680555.56,84680555.56,2500000000,0,6.7,n/a,6.7
2022,Primer Trimestre,Marzo,P09-0917056,Largo Plazo,Mercado de Capitales,EVERCORE,BONO GCDMXCB 17X,2017-09-19,2028-03-07,3822,2168,2000000000,0,0,76844444.44,76844444.44,2000000000,0,7.6,n/a,7.6
2022,Primer Trimestre,Marzo,P09-1118104,Largo Plazo,Mercado de Capitales,EVERCORE,BONO GCDMXCB 18V,2018-11-21,2028-11-08,3640,2414,1100000000,0,0,0,0,1100000000,0,9.93,n/a,9.93
2022,Primer Trimestre,Marzo,P09-1219057,Largo Plazo,Mercado de Capitales,CI BANCO,BONO CDMXCB 19,2019-12-03,2029-11-20,3640,2791,1500000000,0,0,0,0,1500000000,0,7.82,n/a,7.82
2022,Segundo Trimestre,Junio,721/2011,Largo Plazo,Banca Comercial,BANAMEX,"BANAMEX 1,500",NA,NA,5478,1642,1500000000,0,20209581,10233903.35,30443484.35,732035922,-20209581,TIIE,TIIE-1.815,TIIE+TIIE-1.815
2022,Segundo Trimestre,Junio,P09-1213198,Largo Plazo,Banca Comercial,BANAMEX,"BANAMEX 3,500",NA,NA,3647,544,3500000000,0,109375000.02,10916961.8,120291961.82,656249999.4799998,-109375000.02,5.74,n/a,5.74
2022,Segundo Trimestre,Junio,224/2007,Largo Plazo,Banca Comercial,BANCOMER,"BANCOMER 3,457",NA,NA,10924,5506,3457974220.57,0,8094829.57,61450499.11,69545328.68,3305861430.2199993,-8094829.57,TIIE,0.35,TIIE+0.35
2022,Segundo Trimestre,Junio,226/2007,Largo Plazo,Banca Comercial,BANCOMER,"BANCOMER 4,700",NA,NA,10923,5506,4700000000,0,11002308.47,104352753.38,115355061.85,4493251751.21,-11002308.47,8.8000000000000007,n/a,8.8000000000000007
2022,Segundo Trimestre,Junio,225/2007,Largo Plazo,Banca Comercial,BANCOMER,"BANCOMER 7,000",NA,NA,12050,6633,7000000000,0,36682761.99,138204888.48999998,174887650.48,5916658950.94,-36682761.99,8.91,n/a,8.91
2022,Segundo Trimestre,Junio,P09-1214242,Largo Plazo,Banca Comercial,BANCOMER,"BANCOMER 2,500",NA,NA,3653,910,2500000000,0,78125000.01,12503255.21,90628255.22,781249999.7800002,-78125000.01,5.75,n/a,5.75
2022,Segundo Trimestre,Junio,P09-1216082,Largo Plazo,Banca Comercial,BANCOMER,"BANCOMER 3,000-15",NA,NA,5474,3466,3000000000,0,53571428.58,44451607.13,98023035.71,2035714285.560001,-53571428.58,8.2200000000000006,n/a,8.2200000000000006
2022,Segundo Trimestre,Junio,P09-1216083,Largo Plazo,Banca Comercial,BANCOMER,"BANCOMER 3,000-7",NA,NA,2552,544,3000000000,0,125000000.01,16584652.77,141584652.78,749999999.8200003,-125000000.01,7.63,n/a,7.63
2022,Segundo Trimestre,Junio,P09-1218140,Largo Plazo,Banca Comercial,BANCOMER,"BANCOMER 3,000-18",NA,NA,3648,2371,3000000000,0,83333333.34,52904444.45,136237777.79,2166666666.599999,-83333333.34,9.1199999999999992,n/a,9.1199999999999992
2022,Segundo Trimestre,Junio,P09-1219070,Largo Plazo,Banca Comercial,BANCOMER,"BANCOMER 2,000",NA,NA,2555,1642,2000000000,0,67192328.2,30404760.3,97597088.5,1625350769.63,-67192328.2,TIIE,0.22,TIIE+0.22
2022,Segundo Trimestre,Junio,P09-1219071,Largo Plazo,Banca Comercial,BANCOMER,"BANCOMER 3,421",NA,NA,3649,2736,3421287307.47,0,62395259.33,54814880.47,117210139.8,3073385448.5800004,-62395259.33,6.74,n/a,6.74
2022,Segundo Trimestre,Junio,P09-1219072,Largo Plazo,Banca Comercial,BANCOMER,BANCOMER 500-19,NA,NA,3649,2736,500000000,0,9118681.62,8426850.1,17545531.72,449156293,-9118681.62,7.09,n/a,7.09
2022,Segundo Trimestre,Junio,P09-0721037,Largo Plazo,Banca Comercial,BANCOMER,"BANCOMER 2,296",NA,NA,3650,3298,2296288492.98,0,0,43455939.39,43455939.39,2296288492.98,0,TIIE,0.49,TIIE+0.49
2022,Segundo Trimestre,Junio,233/2007,Largo Plazo,Banca Comercial,HSBC,"HSBC 7,000",NA,NA,14628,9218,7000000000,0,0,133202086.11,133202086.11,7000000000,0,TIIE,0.53,TIIE+0.53
2022,Segundo Trimestre,Junio,P09-1217133,Largo Plazo,Banca Comercial,HSBC,"HSBC 2,500",NA,NA,2554,910,2500000000,0,89285714.28,18538988.1,107824702.38,892857142.96,-89285714.28,7.46,n/a,7.46
2022,Segundo Trimestre,Junio,P09-1218139,Largo Plazo,Banca Comercial,HSBC,"HSBC 1,170",NA,NA,3648,2371,1170915399.91,0,32525427.78,21894148.37,54419576.15,845661122.11,-32525427.78,9.67,n/a,9.67
2022,Segundo Trimestre,Junio,P09-1215163,Largo Plazo,Banca Comercial,SANTANDER,"SANTANDER 3,500",NA,NA,2553,179,3500000000,0,174999999.99,8626146.18,183626146.17,350000000.17999995,-174999999.99,TIIE,0.38,TIIE+0.38
2022,Segundo Trimestre,Junio,P09-1218138,Largo Plazo,Banca Comercial,SANTANDER,"SANTANDER 2,400",NA,NA,3648,2371,2400000000,0,66666666.66,44319074.08,110985740.74,1733333333.4,-66666666.66,9.5500000000000007,n/a,9.5500000000000007
2022,Segundo Trimestre,Junio,P09-1221044,Largo Plazo,Banca Comercial,SANTANDER,"SANTANDER 2,000",NA,NA,5479,5280,2000000000,0,33333333.33,36432520.65,69765853.98,1933333333.3400009,-33333333.33,TIIE,0.38,TIIE+0.38
2022,Segundo Trimestre,Junio,262/2007,Largo Plazo,Banca de Desarrollo,BANOBRAS,"BANOBRAS 4,000",NA,NA,14618,9248,4000000000,0,36497039.21,55915561.03,92412600.24,2917999852.46,-36497039.21000004,TIIE,0.53,TIIE+0.53
2022,Segundo Trimestre,Junio,261/2007,Largo Plazo,Banca de Desarrollo,BANOBRAS,"BANOBRAS 4,459",NA,NA,12062,6692,4459000000,0,12897361.55,76446644.06,89344005.61,4118652983.12,-12897361.55,TIIE,0.35,TIIE+0.35
2022,Segundo Trimestre,Junio,260/2007,Largo Plazo,Banca de Desarrollo,BANOBRAS,"BANOBRAS 4,806",NA,NA,10967,5597,4806995488.54,0,10670184.4,85332075.18,96002259.58,4594878519.99,-10670184.4,TIIE,0.35,TIIE+0.35
2022,Segundo Trimestre,Junio,514/2008,Largo Plazo,Banca de Desarrollo,BANOBRAS,BANOBRAS 175,NA,NA,6913,2342,174978799.57,0,2421929.16,1181655.99,3603585.15,62162848.13000001,-2421929.16,TIIE,0.35,TIIE+0.35
2022,Segundo Trimestre,Junio,562/2010,Largo Plazo,Banca de Desarrollo,BANOBRAS,"BANOBRAS 1,499",NA,NA,10894,6692,1499069397.53,0,23958333.91,23813208.630000003,47771542.54,983097172.88,-23958333.91,9.1300000000000008,n/a,9.1300000000000008
2022,Segundo Trimestre,Junio,P09-1012161,Largo Plazo,Banca de Desarrollo,BANOBRAS,"BANOBRAS 2,138",NA,NA,7318,3801,2138648319,0,0,44506459.67,44506459.67,2138648319,0,7.09,0.88,7.97
2022,Segundo Trimestre,Junio,P09-1012161,Largo Plazo,Banca de Desarrollo,BANOBRAS,BANOBRAS 294,NA,NA,7300,3801,294874160,0,0,6082598.66,6082598.66,294874160,0,7.02,0.88,7.9
2022,Segundo Trimestre,Junio,P09-1212219,Largo Plazo,Banca de Desarrollo,BANOBRAS,"BANOBRAS 1,954",NA,NA,5445,1974,1954226708.26,0,35105869.02,14080209.93,49186078.95,760627161.5799998,-35105869.019999996,5.97,0.91,6.88
2022,Segundo Trimestre,Junio,P09-1212219,Largo Plazo,Banca de Desarrollo,BANOBRAS,BANOBRAS 145,NA,NA,5442,1974,145773291.74,0,2618681.88,1048770.46,3667452.34,56738107.81999999,-2618681.88,5.96,0.91,6.87
2022,Segundo Trimestre,Junio,P09-1012161,Largo Plazo,Banca de Desarrollo,BANOBRAS,BANOBRAS 196,NA,NA,6958,3801,196783977,0,0,4408617.04,4408617.04,196783977,0,7.7,0.88,8.58
2022,Segundo Trimestre,Junio,P09-1213189,Largo Plazo,Banca de Desarrollo,BANOBRAS,"BANOBRAS 1,024",NA,NA,3585,482,1024317877.06,0,46939366.71,4934200.56,51873567.27,236957503.28000003,-46939366.71,TIIE,0.32,TIIE+0.32
2022,Segundo Trimestre,Junio,P09-1214244,Largo Plazo,Banca de Desarrollo,BANOBRAS,"BANOBRAS 1,949",NA,NA,5444,2706,1949386371.4,0,37730058.81,21236864.92,58966923.73,1119325077.5800002,-37730058.81,TIIE,0.36,TIIE+0.36
2022,Segundo Trimestre,Junio,P09-1215162,Largo Plazo,Banca de Desarrollo,BANOBRAS,"BANOBRAS 1,000",NA,NA,3650,1275,1000000000,0,71657090.94,6214124.119999999,77871215.06,286095151.5299999,-71657090.94,TIIE,0.41,TIIE+0.41
2022,Segundo Trimestre,Junio,P09-1217134,Largo Plazo,Banca de Desarrollo,BANOBRAS,"BANOBRAS 1,378",NA,NA,5477,3833,1378859929,0,22980998.82,18147105.299999997,41128104.12,965201950.2399997,-22980998.82,TIIE,0.34,TIIE+0.34
2022,Segundo Trimestre,Junio,P09-1219069,Largo Plazo,Banca de Desarrollo,BANOBRAS,"BANOBRAS 2,000",NA,NA,2555,1642,2000000000,0,67192328.2,30937231.800000004,98129560,1625350769.65,-67192328.2,TIIE,0.2,TIIE+0.20
2022,Segundo Trimestre,Junio,P09-0720076,Largo Plazo,Banca de Desarrollo,BANOBRAS,"BANOBRAS 2,000-20",NA,NA,3652,2947,2000000000,0,50000000.01,31685784.17,81685784.18,1616666666.5899994,-50000000.01,TIIE,0.46,TIIE+0.46
2022,Segundo Trimestre,Junio,P09-0720077,Largo Plazo,Banca de Desarrollo,BANOBRAS,"BANOBRAS 2,300",NA,NA,3652,2947,2300000000,0,57500000.01,36983538.82,94483538.83,1859166666.5899992,-57500000.010000005,TIIE,0.56999999999999995,TIIE+0.57
2022,Segundo Trimestre,Junio,P09-1220098,Largo Plazo,Banca de Desarrollo,BANOBRAS,"BANOBRAS 2,500",NA,NA,3636,3070,2500000000,0,63025210.08,41949951.09,104975161.17,2121848739.5199995,-63025210.08,TIIE,0.53,TIIE+0.53
2022,Segundo Trimestre,Junio,P09-1220099,Largo Plazo,Banca de Desarrollo,BANOBRAS,"BANOBRAS 2,683",NA,NA,3636,3070,2683529136.16,0,67651995.03,45696564.97,113348560,2277617165.9799986,-67651995.03,TIIE,0.64,TIIE+0.64
2022,Segundo Trimestre,Junio,P09-0721036,Largo Plazo,Banca de Desarrollo,BANOBRAS,"BANOBRAS 2,200",NA,NA,3650,3298,2200000000,0,0,42381508.89,42381508.89,2200000000,0,TIIE,0.48,TIIE+0.48
2022,Segundo Trimestre,Junio,P09-1221046,Largo Plazo,Banca de Desarrollo,BANOBRAS,"BANOBRAS 1,908",NA,NA,5479,5280,1908190692.18,0,31803178.2,35495672.95,67298851.15,1844584335.7799995,-31803178.200000003,TIIE,0.39,TIIE+0.39
2022,Segundo Trimestre,Junio,P09-1221045,Largo Plazo,Banca de Desarrollo,BANOBRAS,"BANOBRAS 3,000",NA,NA,5479,5280,3000000000,0,50000000.01,55422312.5,105422312.51,2899999999.9799995,-50000000.01,TIIE,0.34,TIIE+0.34
2022,Segundo Trimestre,Junio,329/2007,Largo Plazo,Mercado de Capitales,CI BANCO,BONO GDFCB 07,NA,NA,7280,1971,575000000,0,0,25145069.44,25145069.44,575000000,0,8.65,n/a,8.65
2022,Segundo Trimestre,Junio,P09-1219057,Largo Plazo,Mercado de Capitales,CI BANCO,BONO CDMXCB 19,NA,NA,3640,2700,1500000000,0,0,59301666.67,59301666.67,1500000000,0,7.82,n/a,7.82
2022,Segundo Trimestre,Junio,P09-1112186,Largo Plazo,Mercado de Capitales,EVERCORE,BONO GDFECB 12,NA,NA,5460,1961,2500000000,0,0,86576388.89,86576388.89,2500000000,0,6.85,n/a,6.85
2022,Segundo Trimestre,Junio,P09-1113146,Largo Plazo,Mercado de Capitales,EVERCORE,BONO GDFECB 13,NA,NA,3640,504,2126874900,0,0,75805366.23,75805366.23,2126874900,0,7.05,n/a,7.05
2022,Segundo Trimestre,Junio,P09-1014157,Largo Plazo,Mercado de Capitales,EVERCORE,BONO GDFECB 14,NA,NA,3640,844,2500000000,0,0,81141666.67,81141666.67,2500000000,0,6.42,n/a,6.42
2022,Segundo Trimestre,Junio,P09-0915121,Largo Plazo,Mercado de Capitales,EVERCORE,BONO GDFECB 15-2,NA,NA,3640,1170,2500000000,0,0,0,0,2500000000,0,6.7,n/a,6.7
2022,Segundo Trimestre,Junio,P09-0917056,Largo Plazo,Mercado de Capitales,EVERCORE,BONO GCDMXCB 17X,NA,NA,3822,2077,2000000000,0,0,0,0,2000000000,0,7.6,n/a,7.6
2022,Segundo Trimestre,Junio,P09-1118104,Largo Plazo,Mercado de Capitales,EVERCORE,BONO GCDMXCB 18V,NA,NA,3640,2323,1100000000,0,0,55221833.33,55221833.33,1100000000,0,9.93,n/a,9.93
2022,Tercer Trimestre,Septiembre,224/2007,Largo Plazo,Banca Comercial,BANCOMER,"BANCOMER 3,457",2007-08-30,2037-07-27,10924,5414,3457974220.57,0,8514723.870000001,72220337.28,80735061.15,3297346706.3499994,-8514723.870000001,TIIE,0.35,TIIE+0.35
2022,Tercer Trimestre,Septiembre,226/2007,Largo Plazo,Banca Comercial,BANCOMER,"BANCOMER 4,700",2007-08-31,2037-07-27,10923,5414,4700000000,0,11573019.26,100769136.73,112342155.99,4481678731.950001,-11573019.26,8.8000000000000007,NA,8.8000000000000007
2022,Tercer Trimestre,Septiembre,225/2007,Largo Plazo,Banca Comercial,BANCOMER,"BANCOMER 7,000",2007-08-31,2040-08-27,12050,6541,7000000000,0,37395381.39,132961779.8,170357161.19,5879263569.55,-37395381.39,8.91,NA,8.91
2022,Tercer Trimestre,Septiembre,233/2007,Largo Plazo,Banca Comercial,HSBC,"HSBC 7,000",2007-09-07,2047-09-25,14628,9126,7000000000,0,0,156247680.56,156247680.56,7000000000,0,TIIE,0.53,TIIE+0.53
2022,Tercer Trimestre,Septiembre,721/2011,Largo Plazo,Banca Comercial,BANAMEX,"BANAMEX 1,500",2011-12-29,2026-12-28,5478,1550,1500000000,0,20209581,11888739.98,32098320.98,711826341,-20209581,TIIE,TIIE-1.815,TIIE+TIIE-1.815
2022,Tercer Trimestre,Septiembre,P09-1213198,Largo Plazo,Banca Comercial,BANAMEX,"BANAMEX 3,500",2013-12-31,2023-12-26,3647,452,3500000000,0,109375000.02,9421214.11,118796214.13,546874999.4599999,-109375000.02,5.74,NA,5.74
2022,Tercer Trimestre,Septiembre,P09-1214242,Largo Plazo,Banca Comercial,BANCOMER,"BANCOMER 2,500",2014-12-26,2024-12-26,3653,818,2500000000,0,78125000.01,10960105.61,89085105.62,703124999.77,-78125000.01,5.75,NA,5.75
2022,Tercer Trimestre,Septiembre,P09-1215163,Largo Plazo,Banca Comercial,SANTANDER,"SANTANDER 3,500",2015-12-30,2022-12-26,2553,87,3500000000,0,174999999.99,6304500.58,181304500.57,175000000.19000006,-174999999.99,TIIE,0.38,TIIE+0.38
2022,Tercer Trimestre,Septiembre,P09-1216082,Largo Plazo,Banca Comercial,BANCOMER,"BANCOMER 3,000-15",2016-12-30,2031-12-26,5474,3374,3000000000,0,53571428.58,41911398.81,95482827.39,1982142856.98,-53571428.58,8.2200000000000006,NA,8.2200000000000006
2022,Tercer Trimestre,Septiembre,P09-1216083,Largo Plazo,Banca Comercial,BANCOMER,"BANCOMER 3,000-7",2016-12-30,2023-12-26,2552,452,3000000000,0,125000000.01,13626261.57,138626261.58,624999999.81,-125000000.01,7.63,NA,7.63
2022,Tercer Trimestre,Septiembre,P09-1217133,Largo Plazo,Banca Comercial,HSBC,"HSBC 2,500",2017-12-29,2024-12-26,2554,818,2500000000,0,89285714.28,16250909.39,105536623.67,803571428.6800001,-89285714.28,7.46,NA,7.46
2022,Tercer Trimestre,Septiembre,P09-1218140,Largo Plazo,Banca Comercial,BANCOMER,"BANCOMER 3,000-18",2018-12-31,2028-12-26,3648,2279,3000000000,0,83333333.34,49280370.370000005,132613703.71,2083333333.259999,-83333333.34,9.1199999999999992,NA,9.1199999999999992
2022,Tercer Trimestre,Septiembre,P09-1218139,Largo Plazo,Banca Comercial,HSBC,"HSBC 1,170",2018-12-31,2028-12-26,3648,2279,1170915399.91,0,32525427.78,20394349.71,52919777.49,813135694.33,-32525427.78,9.67,NA,9.67
2022,Tercer Trimestre,Septiembre,P09-1218138,Largo Plazo,Banca Comercial,SANTANDER,"SANTANDER 2,400",2018-12-31,2028-12-26,3648,2279,2400000000,0,66666666.66,41283117.29,107949783.95,1666666666.7399998,-66666666.66,9.5500000000000007,NA,9.5500000000000007
2022,Tercer Trimestre,Septiembre,P09-1219070,Largo Plazo,Banca Comercial,BANCOMER,"BANCOMER 2,000",2019-12-30,2026-12-28,2555,1550,2000000000,0,69228322.93,34475182.16,103703505.09,1556122446.7000003,-69228322.93,TIIE,0.22,TIIE+0.22
2022,Tercer Trimestre,Septiembre,P09-1219071,Largo Plazo,Banca Comercial,BANCOMER,"BANCOMER 3,421",2019-12-30,2029-12-26,3649,2644,3421287307.47,0,64285898.08,51983333.8,116269231.88,3009099550.5,-64285898.08,6.74,NA,6.74
2022,Tercer Trimestre,Septiembre,P09-1219072,Largo Plazo,Banca Comercial,BANCOMER,BANCOMER 500-19,2019-12-30,2029-12-26,3649,2644,500000000,0,9394986.79,7991548.219999999,17386535.01,439761306.21,-9394986.79,7.09,NA,7.09
2022,Tercer Trimestre,Septiembre,P09-0721037,Largo Plazo,Banca Comercial,BANCOMER,"BANCOMER 2,296",2021-07-13,2031-07-11,3650,3206,2296288492.98,0,42523860.98,50847922.14,93371783.12,2253764632.0000005,-42523860.98,TIIE,0.49,TIIE+0.49
2022,Tercer Trimestre,Septiembre,P09-1221044,Largo Plazo,Banca Comercial,SANTANDER,"SANTANDER 2,000",2021-12-13,2036-12-15,5479,5190,2000000000,0,33333333.33,42159127.62,75492460.95,1900000000.010001,-33333333.33,TIIE,0.38,TIIE+0.38
2022,Tercer Trimestre,Septiembre,262/2007,Largo Plazo,Banca de Desarrollo,BANOBRAS,"BANOBRAS 4,000",2007-10-17,2047-10-25,14618,9156,4000000000,0,0,63680272.69,63680272.69,2917999852.46,0,TIIE,0.53,TIIE+0.53
2022,Tercer Trimestre,Septiembre,261/2007,Largo Plazo,Banca de Desarrollo,BANOBRAS,"BANOBRAS 4,459",2007-10-17,2040-10-25,12062,6600,4459000000,0,13326836.66,87803922.08000001,101130758.74,4105326146.46,-13326836.66,TIIE,0.35,TIIE+0.35
2022,Tercer Trimestre,Septiembre,260/2007,Largo Plazo,Banca de Desarrollo,BANOBRAS,"BANOBRAS 4,806",2007-10-17,2037-10-26,10967,5505,4806995488.54,0,11223669.27,98097742.4,109321411.67,4583654850.719999,-11223669.27,TIIE,0.35,TIIE+0.35
2022,Tercer Trimestre,Septiembre,514/2008,Largo Plazo,Banca de Desarrollo,BANOBRAS,BANOBRAS 175,2009-12-24,2028-11-27,6913,2250,174978799.57,0,2421929.16,1309368.07,3731297.23,59740918.97000001,-2421929.16,TIIE,0.35,TIIE+0.35
2022,Tercer Trimestre,Septiembre,562/2010,Largo Plazo,Banca de Desarrollo,BANOBRAS,"BANOBRAS 1,499",2010-12-28,2040-10-25,10894,6600,1499069397.53,0,23958332.76,22496107.52,46454440.28,959138840.12,-23958332.76,9.1300000000000008,NA,9.1300000000000008
2022,Tercer Trimestre,Septiembre,P09-1012161,Largo Plazo,Banca de Desarrollo,BANOBRAS,"BANOBRAS 2,138",2012-11-12,2032-11-25,7318,3709,2138648319,0,0,43086040.739999995,43086040.74,2138648319,0,7.09,0.88,7.97
2022,Tercer Trimestre,Septiembre,P09-1012161,Largo Plazo,Banca de Desarrollo,BANOBRAS,BANOBRAS 294,2012-11-30,2032-11-25,7300,3709,294874160,0,0,5888473.17,5888473.17,294874160,0,7.02,0.88,7.9
2022,Tercer Trimestre,Septiembre,P09-1212219,Largo Plazo,Banca de Desarrollo,BANOBRAS,"BANOBRAS 1,954",2012-12-28,2027-11-25,5445,1882,1954226708.26,0,35105869.019999996,13015695.97,48121564.99,725521292.5599997,-35105869.019999996,5.97,0.91,6.88
2022,Tercer Trimestre,Septiembre,P09-1212219,Largo Plazo,Banca de Desarrollo,BANOBRAS,BANOBRAS 145,2012-12-31,2027-11-25,5442,1882,145773291.74,0,2618681.88,969479.69,3588161.57,54119425.93999999,-2618681.88,5.96,0.91,6.87
2022,Tercer Trimestre,Septiembre,P09-1012161,Largo Plazo,Banca de Desarrollo,BANOBRAS,BANOBRAS 196,2013-11-07,2032-11-25,6958,3709,196783977,0,0,4267916.49,4267916.49,196783977,0,7.7,0.88,8.58
2022,Tercer Trimestre,Septiembre,P09-1213189,Largo Plazo,Banca de Desarrollo,BANOBRAS,"BANOBRAS 1,024",2013-12-31,2023-10-25,3585,390,1024317877.06,0,46939366.71,4679487.74,51618854.45,190018136.57000005,-46939366.71,TIIE,0.32,TIIE+0.32
2022,Tercer Trimestre,Septiembre,P09-1214244,Largo Plazo,Banca de Desarrollo,BANOBRAS,"BANOBRAS 1,949",2014-12-31,2029-11-26,5444,2614,1949386371.4,0,37730058.81,23650874.81,61380933.62,1081595018.7700002,-37730058.81,TIIE,0.36,TIIE+0.36
2022,Tercer Trimestre,Septiembre,P09-1215162,Largo Plazo,Banca de Desarrollo,BANOBRAS,"BANOBRAS 1,000",2015-12-29,2025-12-26,3650,1183,1000000000,0,71657090.94,5592475.9399999995,77249566.88,214438060.5899999,-71657090.94,TIIE,0.41,TIIE+0.41
2022,Tercer Trimestre,Septiembre,P09-1217134,Largo Plazo,Banca de Desarrollo,BANOBRAS,"BANOBRAS 1,378",2017-12-29,2032-12-27,5477,3741,1378859929,0,22980998.82,20420737.95,43401736.77,942220951.4199996,-22980998.82,TIIE,0.34,TIIE+0.34
2022,Tercer Trimestre,Septiembre,P09-1219069,Largo Plazo,Banca de Desarrollo,BANOBRAS,"BANOBRAS 2,000",2019-12-30,2026-12-28,2555,1550,2000000000,0,69228322.93,34411715.93,103640038.86,1556122446.7200005,-69228322.93,TIIE,0.2,TIIE+0.20
2022,Tercer Trimestre,Septiembre,P09-0720076,Largo Plazo,Banca de Desarrollo,BANOBRAS,"BANOBRAS 2,000-20",2020-07-31,2030-07-25,3646,2855,2000000000,0,50000000.01,35420774.07,85420774.08,1566666666.5799992,-50000000.01,TIIE,0.46,TIIE+0.46
2022,Tercer Trimestre,Septiembre,P09-0720077,Largo Plazo,Banca de Desarrollo,BANOBRAS,"BANOBRAS 2,300",2020-07-31,2030-07-25,3646,2855,2300000000,0,57500000.010000005,41245278.16,98745278.17,1801666666.5799992,-57500000.010000005,TIIE,0.56999999999999995,TIIE+0.57
2022,Tercer Trimestre,Septiembre,P09-1220098,Largo Plazo,Banca de Desarrollo,BANOBRAS,"BANOBRAS 2,500",2020-12-11,2030-11-25,3636,2978,2500000000,0,63025210.08,46881377.22,109906587.3,2058823529.44,-63025210.08,TIIE,0.53,TIIE+0.53
2022,Tercer Trimestre,Septiembre,P09-1220099,Largo Plazo,Banca de Desarrollo,BANOBRAS,"BANOBRAS 2,683",2020-12-11,2030-11-25,3636,2978,2683529136.16,0,67651995.03,50949774.85,118601769.88,2209965170.949998,-67651995.03,TIIE,0.64,TIIE+0.64
2022,Tercer Trimestre,Septiembre,P09-0721036,Largo Plazo,Banca de Desarrollo,BANOBRAS,"BANOBRAS 2,200",2021-07-13,2031-07-11,3650,3206,2200000000,0,40740740.74,48684288.91,89425029.65,2159259259.26,-40740740.74,TIIE,0.48,TIIE+0.48
2022,Tercer Trimestre,Septiembre,P09-1221046,Largo Plazo,Banca de Desarrollo,BANOBRAS,"BANOBRAS 1,908",2021-12-13,2036-12-15,5481,5190,1908190692.18,0,31803178.200000003,40290242.07,72093420.27,1812781157.5799992,-31803178.200000003,TIIE,0.39,TIIE+0.39
2022,Tercer Trimestre,Septiembre,P09-1221045,Largo Plazo,Banca de Desarrollo,BANOBRAS,"BANOBRAS 3,000",2021-12-13,2036-12-15,5481,5190,3000000000,0,50000000.01,62978777.78,112978777.79,2849999999.9699993,-50000000.01,TIIE,0.34,TIIE+0.34
2022,Tercer Trimestre,Septiembre,329/2007,Largo Plazo,Mercado de Capitales,CI BANCO,BONO GDFCB 07,2007-12-17,2027-11-22,7280,1879,575000000,0,0,0,0,575000000,0,8.65,NA,8.65
2022,Tercer Trimestre,Septiembre,P09-1112186,Largo Plazo,Mercado de Capitales,EVERCORE,BONO GDFECB 12,2012-11-30,2027-11-12,5460,1869,2500000000,0,0,0,0,2500000000,0,6.85,NA,6.85
2022,Tercer Trimestre,Septiembre,P09-1113146,Largo Plazo,Mercado de Capitales,EVERCORE,BONO GDFECB 13,2013-11-29,2023-11-17,3640,413,2126874900,0,0,0,0,2126874900,0,7.05,NA,7.05
2022,Tercer Trimestre,Septiembre,P09-1014157,Largo Plazo,Mercado de Capitales,EVERCORE,BONO GDFECB 14,2014-11-03,2024-10-21,3640,752,2500000000,0,0,0,0,2500000000,0,6.42,NA,6.42
2022,Tercer Trimestre,Septiembre,P09-0915121,Largo Plazo,Mercado de Capitales,EVERCORE,BONO GDFECB 15-2,2015-09-25,2025-09-12,3640,1078,2500000000,0,0,84680555.56,84680555.56,2500000000,0,6.7,NA,6.7
2022,Tercer Trimestre,Septiembre,P09-0917056,Largo Plazo,Mercado de Capitales,EVERCORE,BONO GCDMXCB 17X,2017-09-19,2028-03-07,3822,1985,2000000000,0,0,76844444.44,76844444.44,2000000000,0,7.6,NA,7.6
2022,Tercer Trimestre,Septiembre,P09-1118104,Largo Plazo,Mercado de Capitales,EVERCORE,BONO GCDMXCB 18V,2018-11-21,2028-11-08,3640,2231,1100000000,0,0,0,0,1100000000,0,9.93,NA,9.93
2022,Tercer Trimestre,Septiembre,P09-1219057,Largo Plazo,Mercado de Capitales,CI BANCO,BONO CDMXCB 19,2019-12-03,2029-11-20,3640,2608,1500000000,0,0,0,0,1500000000,0,7.82,NA,7.82
2022,Cuarto Trimestre,Diciembre,721/2011,Largo Plazo,Banca Comercial,BANAMEX,"BANAMEX 1,500",2011-12-29,2026-12-28,5478,1459,1500000000,0,20209581,13897362.14,34106943.14,691616760,-20209581,TIIE,TIIE-1.815,TIIE+TIIE-1.815
2022,Cuarto Trimestre,Diciembre,P09-1213198,Largo Plazo,Banca Comercial,BANAMEX,"BANAMEX 3,500",2013-12-31,2023-12-26,3647,361,3500000000,0,109375000.02,9438912.3,118813912.32,437499999.4399996,-109375000.02,5.74,NA,5.74
2022,Cuarto Trimestre,Diciembre,224/2007,Largo Plazo,Banca Comercial,BANCOMER,"BANCOMER 3,457",2007-08-30,2037-07-27,10924,5323,3457974220.57,0,8956398.88,82959184.11,91915582.99,3288390307.4699993,-8956398.88,TIIE,0.35,TIIE+0.35
2022,Cuarto Trimestre,Diciembre,226/2007,Largo Plazo,Banca Comercial,BANCOMER,"BANCOMER 4,700",2007-08-31,2037-07-27,10923,5323,4700000000,0,12173333.9,100506709.22,112680043.12,4469505398.05,-12173333.9,8.8000000000000007,NA,8.8000000000000007
2022,Cuarto Trimestre,Diciembre,225/2007,Largo Plazo,Banca Comercial,BANCOMER,"BANCOMER 7,000",2007-08-31,2040-08-27,12050,6450,7000000000,0,38121844.52,132123223.9,170245068.42,5841141725.029999,-38121844.52,8.91,NA,8.91
2022,Cuarto Trimestre,Diciembre,P09-1214242,Largo Plazo,Banca Comercial,BANCOMER,"BANCOMER 2,500",2014-12-26,2024-12-26,3653,727,2500000000,0,78125000.01,9832899.3,87957899.31,624999999.7600005,-78125000.01,5.75,NA,5.75
2022,Cuarto Trimestre,Diciembre,P09-1216082,Largo Plazo,Banca Comercial,BANCOMER,"BANCOMER 3,000-15",2016-12-30,2031-12-26,5474,3283,3000000000,0,53571428.58,40806428.57,94377857.15,1928571428.4000013,-53571428.58,8.2200000000000006,NA,8.2200000000000006
2022,Cuarto Trimestre,Diciembre,P09-1216083,Largo Plazo,Banca Comercial,BANCOMER,"BANCOMER 3,000-7",2016-12-30,2023-12-26,2552,361,3000000000,0,125000000.01,11233055.55,136233055.56,499999999.8000005,-125000000.01,7.63,NA,7.63
2022,Cuarto Trimestre,Diciembre,P09-1218140,Largo Plazo,Banca Comercial,BANCOMER,"BANCOMER 3,000-18",2018-12-31,2028-12-26,3648,2188,3000000000,0,83333333.34,47373333.330000006,130706666.67,1999999999.9199991,-83333333.34,9.1199999999999992,NA,9.1199999999999992
2022,Cuarto Trimestre,Diciembre,P09-1219070,Largo Plazo,Banca Comercial,BANCOMER,"BANCOMER 2,000",2019-12-30,2026-12-28,2555,1459,2000000000,0,71326010.35,38051193.26,109377203.61,1484796436.35,-71326010.35,TIIE,0.22,TIIE+0.22
2022,Cuarto Trimestre,Diciembre,P09-1219071,Largo Plazo,Banca Comercial,BANCOMER,"BANCOMER 3,421",2019-12-30,2029-12-26,3649,2553,3421287307.47,0,66233825.06999999,50884833.96,117118659.03,2942865725.43,-66233825.06999999,6.74,NA,6.74
2022,Cuarto Trimestre,Diciembre,P09-1219072,Largo Plazo,Banca Comercial,BANCOMER,BANCOMER 500-19,2019-12-30,2029-12-26,3649,2553,500000000,0,9679664.28,7822672.68,17502336.96,430081641.93,-9679664.28,7.09,NA,7.09
2022,Cuarto Trimestre,Diciembre,P09-0721037,Largo Plazo,Banca Comercial,BANCOMER,"BANCOMER 2,296",2021-07-13,2031-07-11,3650,3115,2296288492.98,0,63785791.47,56976780.61,120762572.08,2189978840.530001,-63785791.47,TIIE,0.49,TIIE+0.49
2022,Cuarto Trimestre,Diciembre,P09-1222047,Largo Plazo,Banca Comercial,BANCOMER,"BANCOMER 2,500-2",2022-12-16,2032-12-15,3652,3637,2500000000,2500000000,0,0,NA,2500000000,2500000000,9.18,NA,NA
2022,Cuarto Trimestre,Diciembre,P09-1222048,Largo Plazo,Banca Comercial,BANCOMER,"BANCOMER 1,763",2022-12-16,2032-12-15,3652,3637,1763754383.38,1763754383.38,0,0,NA,1763754383.38,1763754383.38,9.26,NA,NA
2022,Cuarto Trimestre,Diciembre,P09-1222050,Largo Plazo,Banca Comercial,BANCOMER,"BANCOMER 3,037",2022-12-16,2042-12-15,7304,7289,3037855202.23,3037855202.23,0,0,NA,3037855202.23,3037855202.23,TIIE,0.24,TIIE+0.24
2022,Cuarto Trimestre,Diciembre,233/2007,Largo Plazo,Banca Comercial,HSBC,"HSBC 7,000",2007-09-07,2047-09-25,14628,9035,7000000000,0,0,179468819.44,179468819.44,7000000000,0,TIIE,0.53,TIIE+0.53
2022,Cuarto Trimestre,Diciembre,P09-1217133,Largo Plazo,Banca Comercial,HSBC,"HSBC 2,500",2017-12-29,2024-12-26,2554,727,2500000000,0,89285714.28,14579563.490000002,103865277.77,714285714.4000001,-89285714.28,7.46,NA,7.46
2022,Cuarto Trimestre,Diciembre,P09-1218139,Largo Plazo,Banca Comercial,HSBC,"HSBC 1,170",2018-12-31,2028-12-26,3648,2188,1170915399.91,0,32525427.78,19605135.27,52130563.05,780610266.5500001,-32525427.78,9.67,NA,9.67
2022,Cuarto Trimestre,Diciembre,P09-1215163,Largo Plazo,Banca Comercial,SANTANDER,"SANTANDER 3,500",2015-12-30,2022-12-26,2553,0,3500000000,0,175000000.19,2850441.65,177850441.84,0,-175000000.19,TIIE,0.38,TIIE+0.38
2022,Cuarto Trimestre,Diciembre,P09-1218138,Largo Plazo,Banca Comercial,SANTANDER,"SANTANDER 2,400",2018-12-31,2028-12-26,3648,2188,2400000000,0,66666666.66,39685555.559999995,106352222.22,1600000000.0799997,-66666666.66,9.5500000000000007,NA,9.5500000000000007
2022,Cuarto Trimestre,Diciembre,P09-1221044,Largo Plazo,Banca Comercial,SANTANDER,"SANTANDER 2,000",2021-12-13,2036-12-15,5479,5099,2000000000,0,33333333.33,47693515.33,81026848.66,1866666666.6800013,-33333333.33,TIIE,0.38,TIIE+0.38
2022,Cuarto Trimestre,Diciembre,262/2007,Largo Plazo,Banca de Desarrollo,BANOBRAS,"BANOBRAS 4,000",2007-10-17,2047-10-25,14618,9065,4000000000,0,0,74743342.28,74743342.28,2917999852.46,0,TIIE,0.53,TIIE+0.53
2022,Cuarto Trimestre,Diciembre,261/2007,Largo Plazo,Banca de Desarrollo,BANOBRAS,"BANOBRAS 4,459",2007-10-17,2040-10-25,12062,6509,4459000000,0,13770614.55,103044869.39,116815483.94,4091555531.91,-13770614.55,TIIE,0.35,TIIE+0.35
2022,Cuarto Trimestre,Diciembre,260/2007,Largo Plazo,Banca de Desarrollo,BANOBRAS,"BANOBRAS 4,806",2007-10-17,2037-10-26,10967,5414,4806995488.54,0,11805866.53,115218490.5,127024357.03,4571848984.19,-11805866.53,TIIE,0.35,TIIE+0.35
2022,Cuarto Trimestre,Diciembre,514/2008,Largo Plazo,Banca de Desarrollo,BANOBRAS,BANOBRAS 175,2009-12-24,2028-11-27,6913,2159,174978799.57,0,2421929.16,1481410.33,3903339.49,57318989.81000002,-2421929.16,TIIE,0.35,TIIE+0.35
2022,Cuarto Trimestre,Diciembre,562/2010,Largo Plazo,Banca de Desarrollo,BANOBRAS,"BANOBRAS 1,499",2010-12-28,2040-10-25,10894,6509,1499069397.53,0,23958334.11,21947233.2,45905567.31,935180506.01,-23958334.11,9.1300000000000008,NA,9.1300000000000008
2022,Cuarto Trimestre,Diciembre,P09-1012161,Largo Plazo,Banca de Desarrollo,BANOBRAS,"BANOBRAS 2,138",2012-11-12,2032-11-25,7318,3618,2138648319,0,0,43086040.739999995,43086040.74,2138648319,0,7.09,0.88,7.97
2022,Cuarto Trimestre,Diciembre,P09-1012161,Largo Plazo,Banca de Desarrollo,BANOBRAS,BANOBRAS 294,2012-11-30,2032-11-25,7300,3618,294874160,0,0,5888473.16,5888473.16,294874160,0,7.02,0.88,7.9
2022,Cuarto Trimestre,Diciembre,P09-1212219,Largo Plazo,Banca de Desarrollo,BANOBRAS,"BANOBRAS 1,954",2012-12-28,2027-11-25,5445,1791,1954226708.26,0,35105869.019999996,12409638.64,47515507.66,690415423.5399996,-35105869.019999996,5.97,0.91,6.88
2022,Cuarto Trimestre,Diciembre,P09-1212219,Largo Plazo,Banca de Desarrollo,BANOBRAS,BANOBRAS 145,2012-12-31,2027-11-25,5442,1791,145773291.74,0,2618681.88,924337.24,3543019.12,51500744.05999999,-2618681.88,5.96,0.91,6.87
2022,Cuarto Trimestre,Diciembre,P09-1012161,Largo Plazo,Banca de Desarrollo,BANOBRAS,BANOBRAS 196,2013-11-07,2032-11-25,6958,3618,196783977,0,0,4267916.49,4267916.49,196783977,0,7.7,0.88,8.58
2022,Cuarto Trimestre,Diciembre,P09-1213189,Largo Plazo,Banca de Desarrollo,BANOBRAS,"BANOBRAS 1,024",2013-12-31,2023-10-25,3585,299,1024317877.06,0,44706353.75,4358228.07,49064581.82,145311782.82000005,-44706353.75,TIIE,0.32,TIIE+0.32
2022,Cuarto Trimestre,Diciembre,P09-1214244,Largo Plazo,Banca de Desarrollo,BANOBRAS,"BANOBRAS 1,949",2014-12-31,2029-11-26,5444,2523,1949386371.4,0,37730058.81,26902277.84,64632336.65,1043864959.9600004,-37730058.81,TIIE,0.36,TIIE+0.36
2022,Cuarto Trimestre,Diciembre,P09-1215162,Largo Plazo,Banca de Desarrollo,BANOBRAS,"BANOBRAS 1,000",2015-12-29,2025-12-26,3650,1092,1000000000,0,52401023.59,4783553.05,57184576.64,162037036.99999997,-52401023.59,TIIE,0.41,TIIE+0.41
2022,Cuarto Trimestre,Diciembre,P09-1217134,Largo Plazo,Banca de Desarrollo,BANOBRAS,"BANOBRAS 1,378",2017-12-29,2032-12-27,5477,3650,1378859929,0,22980998.82,23476870.56,46457869.38,919239952.5999992,-22980998.82,TIIE,0.34,TIIE+0.34
2022,Cuarto Trimestre,Diciembre,P09-1219069,Largo Plazo,Banca de Desarrollo,BANOBRAS,"BANOBRAS 2,000",2019-12-30,2026-12-28,2555,1459,2000000000,0,71326010.35,38002293.21,109328303.56,1484796436.37,-71326010.35,TIIE,0.2,TIIE+0.20
2022,Cuarto Trimestre,Diciembre,P09-0720076,Largo Plazo,Banca de Desarrollo,BANOBRAS,"BANOBRAS 2,000-20",2020-07-31,2030-07-25,3646,2764,2000000000,0,50000000.01,39466489.73,89466489.74,1516666666.569999,-50000000.01,TIIE,0.46,TIIE+0.46
2022,Cuarto Trimestre,Diciembre,P09-0720077,Largo Plazo,Banca de Desarrollo,BANOBRAS,"BANOBRAS 2,300",2020-07-31,2030-07-25,3646,2764,2300000000,0,57500000.010000005,45881980.08,103381980.09,1744166666.569999,-57500000.010000005,TIIE,0.56999999999999995,TIIE+0.57
2022,Cuarto Trimestre,Diciembre,P09-1220098,Largo Plazo,Banca de Desarrollo,BANOBRAS,"BANOBRAS 2,500",2020-12-11,2030-11-25,3636,2887,2500000000,0,63025210.08,52249356.559999995,115274566.64,1995798319.36,-63025210.08,TIIE,0.53,TIIE+0.53
2022,Cuarto Trimestre,Diciembre,P09-1220099,Largo Plazo,Banca de Desarrollo,BANOBRAS,"BANOBRAS 2,683",2020-12-11,2030-11-25,3636,2887,2683529136.16,0,67651995.03,56693153.21,124345148.24,2142313175.9199977,-67651995.03,TIIE,0.64,TIIE+0.64
2022,Cuarto Trimestre,Diciembre,P09-0721036,Largo Plazo,Banca de Desarrollo,BANOBRAS,"BANOBRAS 2,200",2021-07-13,2031-07-11,3650,3115,2200000000,0,61111111.11,54573391.59,115684502.7,2098148148.1500008,-61111111.11,TIIE,0.48,TIIE+0.48
2022,Cuarto Trimestre,Diciembre,P09-1221046,Largo Plazo,Banca de Desarrollo,BANOBRAS,"BANOBRAS 1,908",2021-12-13,2036-12-15,5481,5099,1908190692.18,0,31803178.200000003,45583260.5,77386438.7,1780977979.379999,-31803178.200000003,TIIE,0.39,TIIE+0.39
2022,Cuarto Trimestre,Diciembre,P09-1221045,Largo Plazo,Banca de Desarrollo,BANOBRAS,"BANOBRAS 3,000",2021-12-13,2036-12-15,5481,5099,3000000000,0,50000000.01,71306575.27,121306575.28,2799999999.959999,-50000000.01,TIIE,0.34,TIIE+0.34
2022,Cuarto Trimestre,Diciembre,P09-1222049,Largo Plazo,Banca de Desarrollo,BANOBRAS,"BANOBRAS 4,263",2022-12-16,2042-12-15,7304,7289,4263754383.38,4263754383.38,0,0,0,4263754383.38,4263754383.38,9.44,NA,NA
2022,Cuarto Trimestre,Diciembre,329/2007,Largo Plazo,Mercado de Capitales,CI BANCO,BONO GDFCB 07,2007-12-17,2027-11-22,7280,1788,575000000,0,0,25145069.44,25145069.44,575000000,0,8.65,NA,8.65
2022,Cuarto Trimestre,Diciembre,P09-1219057,Largo Plazo,Mercado de Capitales,CI BANCO,BONO CDMXCB 19,2019-12-03,2029-11-20,3640,2517,1500000000,0,0,86576388.89,86576388.89,2500000000,0,7.82,NA,7.82
2022,Cuarto Trimestre,Diciembre,P09-1112186,Largo Plazo,Mercado de Capitales,EVERCORE,BONO GDFECB 12,2012-11-30,2027-11-12,5460,1778,2500000000,0,0,75805366.23,75805366.23,2126874900,0,6.85,NA,6.85
2022,Cuarto Trimestre,Diciembre,P09-1113146,Largo Plazo,Mercado de Capitales,EVERCORE,BONO GDFECB 13,2013-11-29,2023-11-17,3640,322,2126874900,0,0,81141666.67,81141666.67,2500000000,0,7.05,NA,7.05
2022,Cuarto Trimestre,Diciembre,P09-1014157,Largo Plazo,Mercado de Capitales,EVERCORE,BONO GDFECB 14,2014-11-03,2024-10-21,3640,661,2500000000,0,0,0,0,2500000000,0,6.42,NA,6.42
2022,Cuarto Trimestre,Diciembre,P09-0915121,Largo Plazo,Mercado de Capitales,EVERCORE,BONO GDFECB 15-2,2015-09-25,2025-09-12,3640,987,2500000000,0,0,0,0,2000000000,0,6.7,NA,6.7
2022,Cuarto Trimestre,Diciembre,P09-0917056,Largo Plazo,Mercado de Capitales,EVERCORE,BONO GCDMXCB 17X,2017-09-19,2028-03-07,3822,1894,2000000000,0,0,55221833.33,55221833.33,1100000000,0,7.6,NA,7.6
2022,Cuarto Trimestre,Diciembre,P09-1118104,Largo Plazo,Mercado de Capitales,EVERCORE,BONO GCDMXCB 18V,2018-11-21,2028-11-08,3640,2140,1100000000,0,0,59301666.67,59301666.67,1500000000,0,9.93,NA,9.93
2023,Primer Trimestre,Marzo,721/2011,Largo Plazo,Banca Comercial,BANAMEX,"BANAMEX 1,500",2011-12-29,2026-12-28,5478,1369,1500000000,0,20209581,15770048.84,35979629.84,671407179,-20209581,TIIE,TIIE-1.815,TIIE+TIIE-1.815
2023,Primer Trimestre,Marzo,P09-1213198,Largo Plazo,Banca Comercial,BANAMEX,"BANAMEX 3,500",2013-12-31,2023-12-26,3647,271,3500000000,0,109375000.02,8785333.68,118160333.70000002,328124999.41999996,-109375000.02,5.74,NA,5.74
2023,Primer Trimestre,Marzo,224/2007,Largo Plazo,Banca Comercial,BANCOMER,"BANCOMER 3,457",2007-08-30,2037-07-27,10924,5233,3457974220.57,0,9420984.43,93637587.08,103058571.51,3278969323.04,-9420984.43,TIIE,0.35,TIIE+0.35
2023,Primer Trimestre,Marzo,226/2007,Largo Plazo,Banca Comercial,BANCOMER,"BANCOMER 4,700",2007-08-31,2037-07-27,10923,5233,4700000000,0,12804788.02,100232877.57,113037665.59,4456700610.030001,-12804788.02,8.8000000000000007,NA,8.8000000000000007
2023,Primer Trimestre,Marzo,225/2007,Largo Plazo,Banca Comercial,BANCOMER,"BANCOMER 7,000",2007-08-31,2040-08-27,12050,6360,7000000000,0,38862420.32,131287797.93,170150218.25,5802279304.71,-38862420.32,8.91,NA,8.91
2023,Primer Trimestre,Marzo,P09-1214242,Largo Plazo,Banca Comercial,BANCOMER,"BANCOMER 2,500",2014-12-26,2024-12-26,3653,637,2500000000,0,78125000.01,8714011.87,86839011.88000001,546874999.7500001,-78125000.01,5.75,NA,5.75
2023,Primer Trimestre,Marzo,P09-1216082,Largo Plazo,Banca Comercial,BANCOMER,"BANCOMER 3,000-15",2016-12-30,2031-12-26,5474,3193,3000000000,0,53571428.58,39709613.09,93281041.67,1874999999.8200004,-53571428.58,8.2200000000000006,NA,8.2200000000000006
2023,Primer Trimestre,Marzo,P09-1216083,Largo Plazo,Banca Comercial,BANCOMER,"BANCOMER 3,000-7",2016-12-30,2023-12-26,2552,271,3000000000,0,125000000.01,8857511.57,133857511.58,374999999.79,-125000000.01,7.63,NA,7.63
2023,Primer Trimestre,Marzo,P09-1218140,Largo Plazo,Banca Comercial,BANCOMER,"BANCOMER 3,000-18",2018-12-31,2028-12-26,3648,2098,3000000000,0,83333333.34,45480370.370000005,128813703.71,1916666666.58,-83333333.34,9.1199999999999992,NA,9.1199999999999992
2023,Primer Trimestre,Marzo,P09-1219070,Largo Plazo,Banca Comercial,BANCOMER,"BANCOMER 2,000",2019-12-30,2026-12-28,2555,1369,2000000000,0,73487259.78999999,41151005.370000005,114638265.16,1411309176.56,-73487259.78999999,TIIE,0.22,TIIE+0.22
2023,Primer Trimestre,Marzo,P09-1219071,Largo Plazo,Banca Comercial,BANCOMER,"BANCOMER 3,421",2019-12-30,2029-12-26,3649,2463,3421287307.47,0,68240776.2,49761814.900000006,118002591.1,2874624949.23,-68240776.2,6.74,NA,6.74
2023,Primer Trimestre,Marzo,P09-1219072,Largo Plazo,Banca Comercial,BANCOMER,BANCOMER 500-19,2019-12-30,2029-12-26,3649,2463,500000000,0,9972967.79,7650027.699999999,17622995.49,420108674.1400001,-9972967.79,7.09,NA,7.09
2023,Primer Trimestre,Marzo,P09-0721037,Largo Plazo,Banca Comercial,BANCOMER,"BANCOMER 2,296",2021-07-13,2031-07-11,3650,3025,2296288492.98,0,63785791.47,62584618.79000001,126370410.26,2126193049.0600004,-63785791.47,TIIE,0.49,TIIE+0.49
2023,Primer Trimestre,Marzo,P09-1222047,Largo Plazo,Banca Comercial,BANCOMER,"BANCOMER 2,500-2",2022-12-16,2032-12-15,3652,3547,2500000000,0,62499999.989999995,63914687.5,126414687.49,2437500000.01,-62499999.989999995,9.18,NA,NA
2023,Primer Trimestre,Marzo,P09-1222048,Largo Plazo,Banca Comercial,BANCOMER,"BANCOMER 1,763",2022-12-16,2032-12-15,3652,3547,1763754383.38,0,44093859.57,45484882.04,89578741.61,1719660523.81,-44093859.57,9.26,NA,NA
2023,Primer Trimestre,Marzo,P09-1222050,Largo Plazo,Banca Comercial,BANCOMER,"BANCOMER 3,037",2022-12-16,2042-12-15,7304,7199,3037855202.23,0,37973190.03,93396107.6,131369297.63,2999882012.1999993,-37973190.03,TIIE,0.24,TIIE+0.24
2023,Primer Trimestre,Marzo,233/2007,Largo Plazo,Banca Comercial,HSBC,"HSBC 7,000",2007-09-07,2047-09-25,14628,8945,7000000000,0,0,202698416.67,202698416.67,7000000000,0,TIIE,0.53,TIIE+0.53
2023,Primer Trimestre,Marzo,P09-1217133,Largo Plazo,Banca Comercial,HSBC,"HSBC 2,500",2017-12-29,2024-12-26,2554,637,2500000000,0,89285714.28,12920552.240000002,102206266.52,625000000.12,-89285714.28,7.46,NA,7.46
2023,Primer Trimestre,Marzo,P09-1218139,Largo Plazo,Banca Comercial,HSBC,"HSBC 1,170",2018-12-31,2028-12-26,3648,2098,1170915399.91,0,32525427.78,18821745.28,51347173.06,748084838.7700005,-32525427.78,9.67,NA,9.67
2023,Primer Trimestre,Marzo,P09-1218138,Largo Plazo,Banca Comercial,SANTANDER,"SANTANDER 2,400",2018-12-31,2028-12-26,3648,2098,2400000000,0,66666666.66,38099783.95,104766450.61,1533333333.4199998,-66666666.66,9.5500000000000007,NA,9.5500000000000007
2023,Primer Trimestre,Marzo,P09-1221044,Largo Plazo,Banca Comercial,SANTANDER,"SANTANDER 2,000",2021-12-13,2036-12-15,5479,5009,2000000000,0,33333333.33,53029910.19,86363243.52,1833333333.3500004,-33333333.33,TIIE,0.38,TIIE+0.38
2023,Primer Trimestre,Marzo,262/2007,Largo Plazo,Banca de Desarrollo,BANOBRAS,"BANOBRAS 4,000",2007-10-17,2047-10-25,14618,8975,4000000000,0,0,84465088.38,84465088.38,2917999852.46,0,TIIE,0.53,TIIE+0.53
2023,Primer Trimestre,Marzo,261/2007,Largo Plazo,Banca de Desarrollo,BANOBRAS,"BANOBRAS 4,459",2007-10-17,2040-10-25,12062,6419,4459000000,0,14229169.94,116299505.70000002,130528675.64000002,4077326361.97,-14229169.94,TIIE,0.35,TIIE+0.35
2023,Primer Trimestre,Marzo,260/2007,Largo Plazo,Banca de Desarrollo,BANOBRAS,"BANOBRAS 4,806",2007-10-17,2037-10-26,10967,5324,4806995488.54,0,12418262.91,130141832.01,142560094.92000002,4559430721.28,-12418262.91,TIIE,0.35,TIIE+0.35
2023,Primer Trimestre,Marzo,514/2008,Largo Plazo,Banca de Desarrollo,BANOBRAS,BANOBRAS 175,2009-12-24,2028-11-27,6913,2069,174978799.57,0,2421929.16,1610250.07,4032179.23,54897060.650000006,-2421929.16,TIIE,0.35,TIIE+0.35
2023,Primer Trimestre,Marzo,562/2010,Largo Plazo,Banca de Desarrollo,BANOBRAS,"BANOBRAS 1,499",2010-12-28,2040-10-25,10894,6419,1499069397.53,0,23958333.14,21402409.59,45360742.73,911222172.87,-23958333.14,9.1300000000000008,NA,9.1300000000000008
2023,Primer Trimestre,Marzo,P09-1012161,Largo Plazo,Banca de Desarrollo,BANOBRAS,"BANOBRAS 2,138",2012-11-12,2032-11-25,7318,3528,2138648319,0,0,43086040.75,43086040.75,2138648319,0,7.09,0.88,7.97
2023,Primer Trimestre,Marzo,P09-1012161,Largo Plazo,Banca de Desarrollo,BANOBRAS,BANOBRAS 294,2012-11-30,2032-11-25,7300,3528,294874160,0,0,5888473.17,5888473.17,294874160,0,7.02,0.88,7.9
2023,Primer Trimestre,Marzo,P09-1212219,Largo Plazo,Banca de Desarrollo,BANOBRAS,"BANOBRAS 1,954",2012-12-28,2027-11-25,5445,1701,1954226708.26,0,35105869.019999996,11808054.07,46913923.09,655309554.5199999,-35105869.019999996,5.97,0.91,6.88
2023,Primer Trimestre,Marzo,P09-1212219,Largo Plazo,Banca de Desarrollo,BANOBRAS,BANOBRAS 145,2012-12-31,2027-11-25,5442,1701,145773291.74,0,2618681.88,879527.96,3498209.84,48882062.18,-2618681.88,5.96,0.91,6.87
2023,Primer Trimestre,Marzo,P09-1012161,Largo Plazo,Banca de Desarrollo,BANOBRAS,BANOBRAS 196,2013-11-07,2032-11-25,6958,3528,196783977,0,0,4267916.49,4267916.49,196783977,0,7.7,0.88,8.58
2023,Primer Trimestre,Marzo,P09-1213189,Largo Plazo,Banca de Desarrollo,BANOBRAS,"BANOBRAS 1,024",2013-12-31,2023-10-25,3585,209,1024317877.06,0,43589847.27,3719125.4,47308972.669999994,101721935.54999998,-43589847.27,TIIE,0.32,TIIE+0.32
2023,Primer Trimestre,Marzo,P09-1214244,Largo Plazo,Banca de Desarrollo,BANOBRAS,"BANOBRAS 1,949",2014-12-31,2029-11-26,5444,2433,1949386371.4,0,37730058.81,29411282.82,67141341.63,1006134901.15,-37730058.81,TIIE,0.36,TIIE+0.36
2023,Primer Trimestre,Marzo,P09-1215162,Largo Plazo,Banca de Desarrollo,BANOBRAS,"BANOBRAS 1,000",2015-12-29,2025-12-26,3650,1002,1000000000,0,13888888.89,4509553.470000001,18398442.36,148148148.11,-13888888.89,TIIE,0.41,TIIE+0.41
2023,Primer Trimestre,Marzo,P09-1217134,Largo Plazo,Banca de Desarrollo,BANOBRAS,"BANOBRAS 1,378",2017-12-29,2032-12-27,5477,3560,1378859929,0,22980998.82,25950521.52,48931520.34,896258953.7799999,-22980998.82,TIIE,0.34,TIIE+0.34
2023,Primer Trimestre,Marzo,P09-1219069,Largo Plazo,Banca de Desarrollo,BANOBRAS,"BANOBRAS 2,000",2019-12-30,2026-12-28,2555,1369,2000000000,0,73487259.78999999,41071174.23,114558434.01999998,1411309176.58,-73487259.78999999,TIIE,0.2,TIIE+0.20
2023,Primer Trimestre,Marzo,P09-0720076,Largo Plazo,Banca de Desarrollo,BANOBRAS,"BANOBRAS 2,000-20",2020-07-31,2030-07-25,3646,2674,2000000000,0,50000000.01,43167315.28,93167315.29,1466666666.5599997,-50000000.01,TIIE,0.46,TIIE+0.46
2023,Primer Trimestre,Marzo,P09-0720077,Largo Plazo,Banca de Desarrollo,BANOBRAS,"BANOBRAS 2,300",2020-07-31,2030-07-25,3646,2674,2300000000,0,57500000.010000005,50122175.53,107622175.54,1686666666.5599997,-57500000.010000005,TIIE,0.56999999999999995,TIIE+0.57
2023,Primer Trimestre,Marzo,P09-1220098,Largo Plazo,Banca de Desarrollo,BANOBRAS,"BANOBRAS 2,500",2020-12-11,2030-11-25,3636,2797,2500000000,0,63025210.08,57180225.84,120205435.92,1932773109.28,-63025210.08,TIIE,0.53,TIIE+0.53
2023,Primer Trimestre,Marzo,P09-1220099,Largo Plazo,Banca de Desarrollo,BANOBRAS,"BANOBRAS 2,683",2020-12-11,2030-11-25,3636,2797,2683529136.16,0,67651995.03,61967470.37,129619465.4,2074661180.89,-67651995.03,TIIE,0.64,TIIE+0.64
2023,Primer Trimestre,Marzo,P09-0721036,Largo Plazo,Banca de Desarrollo,BANOBRAS,"BANOBRAS 2,200",2021-07-13,2031-07-11,3650,3025,2200000000,0,61111111.11,59899200.24999999,121010311.35999998,2037037037.0400004,-61111111.11,TIIE,0.48,TIIE+0.48
2023,Primer Trimestre,Marzo,P09-1221046,Largo Plazo,Banca de Desarrollo,BANOBRAS,"BANOBRAS 1,908",2021-12-13,2036-12-15,5481,5009,1908190692.18,0,31803178.200000003,50633005.34,82436183.53999999,1749174801.1799998,-31803178.200000003,TIIE,0.39,TIIE+0.39
2023,Primer Trimestre,Marzo,P09-1221045,Largo Plazo,Banca de Desarrollo,BANOBRAS,"BANOBRAS 3,000",2021-12-13,2036-12-15,5481,5009,3000000000,0,50000000.01,79251859.03,129251859.04,2749999999.95,-50000000.01,TIIE,0.34,TIIE+0.34
2023,Primer Trimestre,Marzo,P09-1222049,Largo Plazo,Banca de Desarrollo,BANOBRAS,"BANOBRAS 4,263",2022-12-16,2042-12-15,7304,7199,4263754383.38,0,53296929.78,112508555.47,165805485.25,4210457453.5999994,-53296929.78,9.44,NA,NA
2023,Primer Trimestre,Marzo,329/2007,Largo Plazo,Mercado de Capitales,CI BANCO,BONO GDFCB 07,2007-12-17,2027-11-22,7280,1698,575000000,0,0,0,0,575000000,0,8.65,NA,8.65
2023,Primer Trimestre,Marzo,P09-1219057,Largo Plazo,Mercado de Capitales,CI BANCO,BONO CDMXCB 19,2019-12-03,2029-11-20,3640,2427,1500000000,0,0,0,0,1500000000,0,7.82,NA,7.82
2023,Primer Trimestre,Marzo,P09-1112186,Largo Plazo,Mercado de Capitales,CI BANCO,BONO GDFECB 12,2012-11-30,2027-11-12,5460,1688,2500000000,0,0,0,0,2500000000,0,6.85,NA,6.85
2023,Primer Trimestre,Marzo,P09-1113146,Largo Plazo,Mercado de Capitales,CI BANCO,BONO GDFECB 13,2013-11-29,2023-11-17,3640,232,2126874900,0,0,0,0,2126874900,0,7.05,NA,7.05
2023,Primer Trimestre,Marzo,P09-1014157,Largo Plazo,Mercado de Capitales,CI BANCO,BONO GDFECB 14,2014-11-03,2024-10-21,3640,571,2500000000,0,0,0,0,2500000000,0,6.42,NA,6.42
2023,Primer Trimestre,Marzo,P09-0915121,Largo Plazo,Mercado de Capitales,CI BANCO,BONO GDFECB 15-2,2015-09-25,2025-09-12,3640,897,2500000000,0,0,84680555.56,84680555.56,2500000000,0,6.7,NA,6.7
2023,Primer Trimestre,Marzo,P09-0917056,Largo Plazo,Mercado de Capitales,CI BANCO,BONO GCDMXCB 17X,2017-09-19,2028-03-07,3822,1804,2000000000,0,0,76844444.44,76844444.44,2000000000,0,7.6,NA,7.6
2023,Primer Trimestre,Marzo,P09-1118104,Largo Plazo,Mercado de Capitales,CI BANCO,BONO GCDMXCB 18V,2018-11-21,2028-11-08,3640,2050,1100000000,0,0,0,0,1100000000,0,9.93,NA,9.93
2023,Segundo Trimestre,Junio,721/2011,Largo Plazo,Banca Comercial,BANAMEX,"BANAMEX 1,500",2011-12-29,2026-12-28,5478,1278,1500000000,0,20209581,16234446.67,36444027.67,651197598,-20209581,TIIE,TIIE-1.815,TIIE+TIIE-1.815
2023,Segundo Trimestre,Junio,P09-1213198,Largo Plazo,Banca Comercial,BANAMEX,"BANAMEX 3,500",2013-12-31,2023-12-26,3647,180,3500000000,0,109375000.02,6766989.309999999,116141989.33,218749999.39999992,-109375000.02,5.74,NA,5.74
2023,Segundo Trimestre,Junio,224/2007,Largo Plazo,Banca Comercial,BANCOMER,"BANCOMER 3,457",2007-08-30,2037-07-27,10924,5142,3457974220.57,0,9909668.91,97917634.45,107827303.36,3269059654.13,-9909668.91,TIIE,0.35,TIIE+0.35
2023,Segundo Trimestre,Junio,226/2007,Largo Plazo,Banca Comercial,BANCOMER,"BANCOMER 4,700",2007-08-31,2037-07-27,10923,5142,4700000000,0,13468996.86,99935130.14,113404127,4443231613.17,-13468996.86,8.8000000000000007,NA,8.8000000000000007
2023,Segundo Trimestre,Junio,225/2007,Largo Plazo,Banca Comercial,BANCOMER,"BANCOMER 7,000",2007-08-31,2040-08-27,12050,6269,7000000000,0,39617382.95,130368065.97,169985448.92000002,5762661921.76,-39617382.95,8.91,NA,8.91
2023,Segundo Trimestre,Junio,P09-1214242,Largo Plazo,Banca Comercial,BANCOMER,"BANCOMER 2,500",2014-12-26,2024-12-26,3653,546,2500000000,0,78125000.01,7557689.52,85682689.53,468749999.74000007,-78125000.01,5.75,NA,5.75
2023,Segundo Trimestre,Junio,P09-1216082,Largo Plazo,Banca Comercial,BANCOMER,"BANCOMER 3,000-15",2016-12-30,2031-12-26,5474,3102,3000000000,0,53571428.58,38576101.19,92147529.77,1821428571.2400007,-53571428.58,8.2200000000000006,NA,8.2200000000000006
2023,Segundo Trimestre,Junio,P09-1216083,Largo Plazo,Banca Comercial,BANCOMER,"BANCOMER 3,000-7",2016-12-30,2023-12-26,2552,180,3000000000,0,125000000.01,6402488.42,131402488.43,249999999.7799999,-125000000.01,7.63,NA,7.63
2023,Segundo Trimestre,Junio,P09-1218140,Largo Plazo,Banca Comercial,BANCOMER,"BANCOMER 3,000-18",2018-12-31,2028-12-26,3648,2007,3000000000,0,83333333.34,43524074.07,126857407.41,1833333333.24,-83333333.34,9.1199999999999992,NA,9.1199999999999992
2023,Segundo Trimestre,Junio,P09-1219070,Largo Plazo,Banca Comercial,BANCOMER,"BANCOMER 2,000",2019-12-30,2026-12-28,2555,1278,2000000000,0,75713997.24,40956515.25,116670512.49,1335595179.32,-75713997.24,TIIE,0.22,TIIE+0.22
2023,Segundo Trimestre,Junio,P09-1219071,Largo Plazo,Banca Comercial,BANCOMER,"BANCOMER 3,421",2019-12-30,2029-12-26,3649,2372,3421287307.47,0,70308539.97,48565880.34,118874420.31,2804316409.26,-70308539.97,6.74,NA,6.74
2023,Segundo Trimestre,Junio,P09-1219072,Largo Plazo,Banca Comercial,BANCOMER,BANCOMER 500-19,2019-12-30,2029-12-26,3649,2372,500000000,0,10275158.68,7466173.23,17741331.91,409833515.46,-10275158.68,7.09,NA,7.09
2023,Segundo Trimestre,Junio,P09-0721037,Largo Plazo,Banca Comercial,BANCOMER,"BANCOMER 2,296",2021-07-13,2031-07-11,3650,2934,2296288492.98,0,63785791.47,63644641.78,127430433.25,2062407257.5900004,-63785791.47,TIIE,0.49,TIIE+0.49
2023,Segundo Trimestre,Junio,P09-1222047,Largo Plazo,Banca Comercial,BANCOMER,"BANCOMER 2,500-2",2022-12-16,2032-12-15,3652,3456,2500000000,0,62499999.989999995,56062812.5,118562812.49,2375000000.0200005,-62499999.989999995,9.18,NA,NA
2023,Segundo Trimestre,Junio,P09-1222048,Largo Plazo,Banca Comercial,BANCOMER,"BANCOMER 1,763",2022-12-16,2032-12-15,3652,3456,1763754383.38,0,44093859.57,39897095.85,83990955.42,1675566664.2399998,-44093859.57,9.26,NA,NA
2023,Segundo Trimestre,Junio,P09-1222050,Largo Plazo,Banca Comercial,BANCOMER,"BANCOMER 3,037",2022-12-16,2042-12-15,7304,7108,3037855202.23,0,37973190.03,88453384.7,126426574.73,2961908822.169998,-37973190.03,TIIE,0.24,TIIE+0.24
2023,Segundo Trimestre,Junio,233/2007,Largo Plazo,Banca Comercial,HSBC,"HSBC 7,000",2007-09-07,2047-09-25,14628,8854,7000000000,0,0,212437283.33,212437283.33,7000000000,0,TIIE,0.53,TIIE+0.53
2023,Segundo Trimestre,Junio,P09-1217133,Largo Plazo,Banca Comercial,HSBC,"HSBC 2,500",2017-12-29,2024-12-26,2554,546,2500000000,0,89285714.28,11206035.05,100491749.33,535714285.84,-89285714.28,7.46,NA,7.46
2023,Segundo Trimestre,Junio,P09-1218139,Largo Plazo,Banca Comercial,HSBC,"HSBC 1,170",2018-12-31,2028-12-26,3648,2007,1170915399.91,0,32525427.78,18012145.21,50537572.99,715559410.9900005,-32525427.78,9.67,NA,9.67
2023,Segundo Trimestre,Junio,P09-1218138,Largo Plazo,Banca Comercial,SANTANDER,"SANTANDER 2,400",2018-12-31,2028-12-26,3648,2007,2400000000,0,66666666.66,36460956.8,103127623.46,1466666666.7599998,-66666666.66,9.5500000000000007,NA,9.5500000000000007
2023,Segundo Trimestre,Junio,P09-1221044,Largo Plazo,Banca Comercial,SANTANDER,"SANTANDER 2,000",2021-12-13,2036-12-15,5479,4918,2000000000,0,33333333.33,54598101.54,87931434.87,1800000000.0200007,-33333333.33,TIIE,0.38,TIIE+0.38
2023,Segundo Trimestre,Junio,262/2007,Largo Plazo,Banca de Desarrollo,BANOBRAS,"BANOBRAS 4,000",2007-10-17,2047-10-25,14618,8884,4000000000,0,0,88536419.57,88536419.57,2917999852.46,0,TIIE,0.53,TIIE+0.53
2023,Segundo Trimestre,Junio,261/2007,Largo Plazo,Banca de Desarrollo,BANOBRAS,"BANOBRAS 4,459",2007-10-17,2040-10-25,12062,6328,4459000000,0,14702993.8,121556362.36,136259356.16,4062623368.17,-14702993.8,TIIE,0.35,TIIE+0.35
2023,Segundo Trimestre,Junio,260/2007,Largo Plazo,Banca de Desarrollo,BANOBRAS,"BANOBRAS 4,806",2007-10-17,2037-10-26,10967,5233,4806995488.54,0,13062413.38,136131892.09,149194305.47,4546368307.899999,-13062413.38,TIIE,0.35,TIIE+0.35
2023,Segundo Trimestre,Junio,514/2008,Largo Plazo,Banca de Desarrollo,BANOBRAS,BANOBRAS 175,2009-12-24,2028-11-27,6913,1978,174978799.57,0,2421929.16,1615663.73,4037592.89,52475131.49000001,-2421929.16,TIIE,0.35,TIIE+0.35
2023,Segundo Trimestre,Junio,562/2010,Largo Plazo,Banca de Desarrollo,BANOBRAS,"BANOBRAS 1,499",2010-12-28,2040-10-25,10894,6328,1499069397.53,0,23958333.37,20839357.71,44797691.08,887263839.5,-23958333.37,9.1300000000000008,NA,9.1300000000000008
2023,Segundo Trimestre,Junio,P09-1012161,Largo Plazo,Banca de Desarrollo,BANOBRAS,"BANOBRAS 2,138",2012-11-12,2032-11-25,7318,3437,2138648319,0,0,43086040.739999995,43086040.739999995,2138648319,0,7.09,0.88,7.97
2023,Segundo Trimestre,Junio,P09-1012161,Largo Plazo,Banca de Desarrollo,BANOBRAS,BANOBRAS 294,2012-11-30,2032-11-25,7300,3437,294874160,0,0,5888473.16,5888473.16,294874160,0,7.02,0.88,7.9
2023,Segundo Trimestre,Junio,P09-1212219,Largo Plazo,Banca de Desarrollo,BANOBRAS,"BANOBRAS 1,954",2012-12-28,2027-11-25,5445,1610,1954226708.26,0,35105869.019999996,11186342.14,46292211.16,620203685.4999998,-35105869.019999996,5.97,0.91,6.88
2023,Segundo Trimestre,Junio,P09-1212219,Largo Plazo,Banca de Desarrollo,BANOBRAS,BANOBRAS 145,2012-12-31,2027-11-25,5442,1610,145773291.74,0,2618681.88,833219.48,3451901.36,46263380.3,-2618681.88,5.96,0.91,6.87
2023,Segundo Trimestre,Junio,P09-1012161,Largo Plazo,Banca de Desarrollo,BANOBRAS,BANOBRAS 196,2013-11-07,2032-11-25,6958,3437,196783977,0,0,4267916.49,4267916.49,196783977,0,7.7,0.88,8.58
2023,Segundo Trimestre,Junio,P09-1213189,Largo Plazo,Banca de Desarrollo,BANOBRAS,"BANOBRAS 1,024",2013-12-31,2023-10-25,3585,118,1024317877.06,0,43589847.27,2583298.44,46173145.70999999,58132088.27999997,-43589847.27,TIIE,0.32,TIIE+0.32
2023,Segundo Trimestre,Junio,P09-1214244,Largo Plazo,Banca de Desarrollo,BANOBRAS,"BANOBRAS 1,949",2014-12-31,2029-11-26,5444,2342,1949386371.4,0,37730058.81,29705219.4,67435278.21000001,968404842.3400002,-37730058.81,TIIE,0.36,TIIE+0.36
2023,Segundo Trimestre,Junio,P09-1215162,Largo Plazo,Banca de Desarrollo,BANOBRAS,"BANOBRAS 1,000",2015-12-29,2025-12-26,3650,911,1000000000,0,13888888.89,4305912.57,18194801.46,134259259.22000003,-13888888.89,TIIE,0.41,TIIE+0.41
2023,Segundo Trimestre,Junio,P09-1217134,Largo Plazo,Banca de Desarrollo,BANOBRAS,"BANOBRAS 1,378",2017-12-29,2032-12-27,5477,3469,1378859929,0,22980998.82,26526196.58,49507195.4,873277954.9599997,-22980998.82,TIIE,0.34,TIIE+0.34
2023,Segundo Trimestre,Junio,P09-1219069,Largo Plazo,Banca de Desarrollo,BANOBRAS,"BANOBRAS 2,000",2019-12-30,2026-12-28,2555,1278,2000000000,0,75713997.24,40905175.61,116619172.85,1335595179.34,-75713997.24,TIIE,0.2,TIIE+0.20
2023,Segundo Trimestre,Junio,P09-0720076,Largo Plazo,Banca de Desarrollo,BANOBRAS,"BANOBRAS 2,000-20",2020-07-31,2030-07-25,3646,2583,2000000000,0,50000000.01,43749529.71,93749529.72,1416666666.5499997,-50000000.01,TIIE,0.46,TIIE+0.46
2023,Segundo Trimestre,Junio,P09-0720077,Largo Plazo,Banca de Desarrollo,BANOBRAS,"BANOBRAS 2,300",2020-07-31,2030-07-25,3646,2583,2300000000,0,57500000.010000005,50775441.12,108275441.13,1629166666.5499997,-57500000.010000005,TIIE,0.56999999999999995,TIIE+0.57
2023,Segundo Trimestre,Junio,P09-1220098,Largo Plazo,Banca de Desarrollo,BANOBRAS,"BANOBRAS 2,500",2020-12-11,2030-11-25,3636,2706,2500000000,0,63025210.08,58021142.5,121046352.58,1869747899.2000003,-63025210.08,TIIE,0.53,TIIE+0.53
2023,Segundo Trimestre,Junio,P09-1220099,Largo Plazo,Banca de Desarrollo,BANOBRAS,"BANOBRAS 2,683",2020-12-11,2030-11-25,3636,2706,2683529136.16,0,67651995.03,62850964.59,130502959.62,2007009185.86,-67651995.03,TIIE,0.64,TIIE+0.64
2023,Segundo Trimestre,Junio,P09-0721036,Largo Plazo,Banca de Desarrollo,BANOBRAS,"BANOBRAS 2,200",2021-07-13,2031-07-11,3650,2934,2200000000,0,61111111.11,60952030.400000006,122063141.51,1975925925.9300008,-61111111.11,TIIE,0.48,TIIE+0.48
2023,Segundo Trimestre,Junio,P09-1221046,Largo Plazo,Banca de Desarrollo,BANOBRAS,"BANOBRAS 1,908",2021-12-13,2036-12-15,5481,4918,1908190692.18,0,31803178.200000003,52159063.61,83962241.81,1717371622.9799995,-31803178.200000003,TIIE,0.39,TIIE+0.39
2023,Segundo Trimestre,Junio,P09-1221045,Largo Plazo,Banca de Desarrollo,BANOBRAS,"BANOBRAS 3,000",2021-12-13,2036-12-15,5481,4918,3000000000,0,50000000.01,81657517.13,131657517.14,2699999999.9399996,-50000000.01,TIIE,0.34,TIIE+0.34
2023,Segundo Trimestre,Junio,P09-1222049,Largo Plazo,Banca de Desarrollo,BANOBRAS,"BANOBRAS 4,263",2022-12-16,2042-12-15,7304,7108,4263754383.38,0,53296929.78,100032968.05,153329897.83,4157160523.8199983,-53296929.78,9.44,NA,NA
2023,Segundo Trimestre,Junio,329/2007,Largo Plazo,Mercado de Capitales,CI BANCO,BONO GDFCB 07,2007-12-17,2027-11-22,7280,1607,575000000,0,0,25145069.44,25145069.44,575000000,0,8.65,NA,8.65
2023,Segundo Trimestre,Junio,P09-1219057,Largo Plazo,Mercado de Capitales,CI BANCO,BONO CDMXCB 19,2019-12-03,2029-11-20,3640,2336,1500000000,0,0,59301666.67,59301666.67,2500000000,0,7.82,NA,7.82
2023,Segundo Trimestre,Junio,P09-1112186,Largo Plazo,Mercado de Capitales,CI BANCO,BONO GDFECB 12,2012-11-30,2027-11-12,5460,1597,2500000000,0,0,86576388.89,86576388.89,2126874900,0,6.85,NA,6.85
2023,Segundo Trimestre,Junio,P09-1113146,Largo Plazo,Mercado de Capitales,CI BANCO,BONO GDFECB 13,2013-11-29,2023-11-17,3640,141,2126874900,0,0,75805366.23,75805366.23,2500000000,0,7.05,NA,7.05
2023,Segundo Trimestre,Junio,P09-1014157,Largo Plazo,Mercado de Capitales,CI BANCO,BONO GDFECB 14,2014-11-03,2024-10-21,3640,480,2500000000,0,0,81141666.67,81141666.67,2500000000,0,6.42,NA,6.42
2023,Segundo Trimestre,Junio,P09-0915121,Largo Plazo,Mercado de Capitales,CI BANCO,BONO GDFECB 15-2,2015-09-25,2025-09-12,3640,806,2500000000,0,0,0,0,2000000000,0,6.7,NA,6.7
2023,Segundo Trimestre,Junio,P09-0917056,Largo Plazo,Mercado de Capitales,CI BANCO,BONO GCDMXCB 17X,2017-09-19,2028-03-07,3822,1713,2000000000,0,0,0,0,1100000000,0,7.6,NA,7.6
2023,Segundo Trimestre,Junio,P09-1118104,Largo Plazo,Mercado de Capitales,CI BANCO,BONO GCDMXCB 18V,2018-11-21,2028-11-08,3640,1959,1100000000,0,0,55221833.33,55221833.33,1500000000,0,9.93,NA,9.93
2023,Tercer Trimestre,Septiembre,721/2011,Largo Plazo,Banca Comercial,BANAMEX,"BANAMEX 1,500",2011-12-29,2026-12-28,5478,1186,1500000000,0,20209581,15773731.11,35983312.11,630988017,-20209581,TIIE,TIIE-1.815,TIIE+TIIE-1.815
2023,Tercer Trimestre,Septiembre,P09-1213198,Largo Plazo,Banca Comercial,BANAMEX,"BANAMEX 3,500",2013-12-31,2023-12-26,3647,88,3500000000,0,109375000.02,4239192.7,113614192.72,109374999.37999997,-109375000.02,5.74,NA,5.74
2023,Tercer Trimestre,Septiembre,224/2007,Largo Plazo,Banca Comercial,BANCOMER,"BANCOMER 3,457",2007-08-30,2037-07-27,10924,5050,3457974220.57,0,10423702.39,97844622.03,108268324.42,3258635951.74,-10423702.39,TIIE,0.35,TIIE+0.35
2023,Tercer Trimestre,Septiembre,226/2007,Largo Plazo,Banca Comercial,BANCOMER,"BANCOMER 4,700",2007-08-31,2037-07-27,10923,5050,4700000000,0,14167659.49,99628621,113796280.49,4429063953.68,-14167659.49,8.8000000000000007,NA,8.8000000000000007
2023,Tercer Trimestre,Septiembre,225/2007,Largo Plazo,Banca Comercial,BANCOMER,"BANCOMER 7,000",2007-08-31,2040-08-27,12050,6177,7000000000,0,40387011.9,129479683.78,169866695.68,5722274909.86,-40387011.9,8.91,NA,8.91
2023,Tercer Trimestre,Septiembre,P09-1214242,Largo Plazo,Banca Comercial,BANCOMER,"BANCOMER 2,500",2014-12-26,2024-12-26,3653,454,2500000000,0,78125000.01,6426323.78,84551323.79,390624999.73,-78125000.01,5.75,NA,5.75
2023,Tercer Trimestre,Septiembre,P09-1216082,Largo Plazo,Banca Comercial,BANCOMER,"BANCOMER 3,000-15",2016-12-30,2031-12-26,5474,3010,3000000000,0,53571428.58,37467053.56999999,91038482.15,1767857142.6600003,-53571428.58,8.2200000000000006,NA,8.2200000000000006
2023,Tercer Trimestre,Septiembre,P09-1216083,Largo Plazo,Banca Comercial,BANCOMER,"BANCOMER 3,000-7",2016-12-30,2023-12-26,2552,88,3000000000,0,125000000.01,4000451.38,129000451.39,124999999.76999994,-125000000.01,7.63,NA,7.63
2023,Tercer Trimestre,Septiembre,P09-1218140,Largo Plazo,Banca Comercial,BANCOMER,"BANCOMER 3,000-18",2018-12-31,2028-12-26,3648,1915,3000000000,0,83333333.34,41610000,124943333.34,1749999999.9,-83333333.34,9.1199999999999992,NA,9.1199999999999992
2023,Tercer Trimestre,Septiembre,P09-1219070,Largo Plazo,Banca Comercial,BANCOMER,"BANCOMER 2,000",2019-12-30,2026-12-28,2555,1186,2000000000,0,78008207.07,38797143.91,116805350.98,1257586972.25,-78008207.07,TIIE,0.22,TIIE+0.22
2023,Tercer Trimestre,Septiembre,P09-1219071,Largo Plazo,Banca Comercial,BANCOMER,"BANCOMER 3,421",2019-12-30,2029-12-26,3649,2280,3421287307.47,0,72438959.05,47360123.06,119799082.11,2731877450.2099996,-72438959.05,6.74,NA,6.74
2023,Tercer Trimestre,Septiembre,P09-1219072,Largo Plazo,Banca Comercial,BANCOMER,BANCOMER 500-19,2019-12-30,2029-12-26,3649,2280,500000000,0,10586506.26,7280808.68,17867314.939999998,399247009.2000001,-10586506.26,7.09,NA,7.09
2023,Tercer Trimestre,Septiembre,P09-0721037,Largo Plazo,Banca Comercial,BANCOMER,"BANCOMER 2,296",2021-07-13,2031-07-11,3650,2842,2296288492.98,0,63785791.47,61866602.45,125652393.92,1998621466.12,-63785791.47,TIIE,0.49,TIIE+0.49
2023,Tercer Trimestre,Septiembre,P09-1222047,Largo Plazo,Banca Comercial,BANCOMER,"BANCOMER 2,500-2",2022-12-16,2032-12-15,3652,3364,2500000000,0,62499999.989999995,54617812.5,117117812.49,2312500000.03,-62499999.989999995,9.18,NA,NA
2023,Tercer Trimestre,Septiembre,P09-1222048,Largo Plazo,Banca Comercial,BANCOMER,"BANCOMER 1,763",2022-12-16,2032-12-15,3652,3364,1763754383.38,0,44093859.57,38868761.72,82962621.28999999,1631472804.6699998,-44093859.57,9.26,NA,NA
2023,Tercer Trimestre,Septiembre,P09-1222050,Largo Plazo,Banca Comercial,BANCOMER,"BANCOMER 3,037",2022-12-16,2042-12-15,7304,7016,3037855202.23,0,37973190.03,87539295.83,125512485.86,2923935632.1399994,-37973190.03,TIIE,0.24,TIIE+0.24
2023,Tercer Trimestre,Septiembre,233/2007,Largo Plazo,Banca Comercial,HSBC,"HSBC 7,000",2007-09-07,2047-09-25,14628,8762,7000000000,0,0,212923744.44,212923744.44,7000000000,0,TIIE,0.53,TIIE+0.53
2023,Tercer Trimestre,Septiembre,P09-1217133,Largo Plazo,Banca Comercial,HSBC,"HSBC 2,500",2017-12-29,2024-12-26,2554,454,2500000000,0,89285714.28,9528521.83,98814236.11,446428571.56,-89285714.28,7.46,NA,7.46
2023,Tercer Trimestre,Septiembre,P09-1218139,Largo Plazo,Banca Comercial,HSBC,"HSBC 1,170",2018-12-31,2028-12-26,3648,1915,1170915399.91,0,32525427.78,17220018.54,49745446.32,683033983.2100005,-32525427.78,9.67,NA,9.67
2023,Tercer Trimestre,Septiembre,P09-1218138,Largo Plazo,Banca Comercial,SANTANDER,"SANTANDER 2,400",2018-12-31,2028-12-26,3648,1915,2400000000,0,66666666.66,34857500,101524166.66,1400000000.1,-66666666.66,9.5500000000000007,NA,9.5500000000000007
2023,Tercer Trimestre,Septiembre,P09-1221044,Largo Plazo,Banca Comercial,SANTANDER,"SANTANDER 2,000",2021-12-13,2036-12-15,5479,4826,2000000000,0,33333333.33,53728354.44,87061687.77,1766666666.6900003,-33333333.33,TIIE,0.38,TIIE+0.38
2023,Tercer Trimestre,Septiembre,262/2007,Largo Plazo,Banca de Desarrollo,BANOBRAS,"BANOBRAS 4,000",2007-10-17,2047-10-25,14618,8792,4000000000,0,0,88736959.12,88736959.12,2917999852.46,0,TIIE,0.53,TIIE+0.53
2023,Tercer Trimestre,Septiembre,261/2007,Largo Plazo,Banca de Desarrollo,BANOBRAS,"BANOBRAS 4,459",2007-10-17,2040-10-25,12062,6236,4459000000,0,15192594.47,121386624.29,136579218.76,4047430773.7,-15192594.47,TIIE,0.35,TIIE+0.35
2023,Tercer Trimestre,Septiembre,260/2007,Largo Plazo,Banca de Desarrollo,BANOBRAS,"BANOBRAS 4,806",2007-10-17,2037-10-26,10967,5141,4806995488.54,0,13739987.28,136048747.6,149788734.88,4532628320.62,-13739987.28,TIIE,0.35,TIIE+0.35
2023,Tercer Trimestre,Septiembre,514/2008,Largo Plazo,Banca de Desarrollo,BANOBRAS,BANOBRAS 175,2009-12-24,2028-11-27,6913,1886,174978799.57,0,2421929.16,1547190.19,3969119.35,50053202.330000006,-2421929.16,TIIE,0.35,TIIE+0.35
2023,Tercer Trimestre,Septiembre,562/2010,Largo Plazo,Banca de Desarrollo,BANOBRAS,"BANOBRAS 1,499",2010-12-28,2040-10-25,10894,6236,1499069397.53,0,23958333.01,20288458.01,44246791.02,863305506.4899999,-23958333.01,9.1300000000000008,NA,9.1300000000000008
2023,Tercer Trimestre,Septiembre,P09-1012161,Largo Plazo,Banca de Desarrollo,BANOBRAS,"BANOBRAS 2,138",2012-11-12,2032-11-25,7318,3345,2138648319,0,0,43086040.739999995,43086040.739999995,2138648319,0,7.09,0.88,7.97
2023,Tercer Trimestre,Septiembre,P09-1012161,Largo Plazo,Banca de Desarrollo,BANOBRAS,BANOBRAS 294,2012-11-30,2032-11-25,7300,3345,294874160,0,0,5888473.17,5888473.17,294874160,0,7.02,0.88,7.9
2023,Tercer Trimestre,Septiembre,P09-1212219,Largo Plazo,Banca de Desarrollo,BANOBRAS,"BANOBRAS 1,954",2012-12-28,2027-11-25,5445,1518,1954226708.26,0,35105869.019999996,10578048.44,45683917.45999999,585097816.4799999,-35105869.019999996,5.97,0.91,6.88
2023,Tercer Trimestre,Septiembre,P09-1212219,Largo Plazo,Banca de Desarrollo,BANOBRAS,BANOBRAS 145,2012-12-31,2027-11-25,5442,1518,145773291.74,0,2618681.88,787910.47,3406592.3499999996,43644698.42,-2618681.88,5.96,0.91,6.87
2023,Tercer Trimestre,Septiembre,P09-1012161,Largo Plazo,Banca de Desarrollo,BANOBRAS,BANOBRAS 196,2013-11-07,2032-11-25,6958,3345,196783977,0,0,4267916.49,4267916.49,196783977,0,7.7,0.88,8.58
2023,Tercer Trimestre,Septiembre,P09-1213189,Largo Plazo,Banca de Desarrollo,BANOBRAS,"BANOBRAS 1,024",2013-12-31,2023-10-25,3585,26,1024317877.06,0,43589847.27,1293294.25,44883141.52,14542241.009999985,-43589847.27,TIIE,0.32,TIIE+0.32
2023,Tercer Trimestre,Septiembre,P09-1214244,Largo Plazo,Banca de Desarrollo,BANOBRAS,"BANOBRAS 1,949",2014-12-31,2029-11-26,5444,2250,1949386371.4,0,37730058.81,28647925.22,66377984.03,930674783.53,-37730058.81,TIIE,0.36,TIIE+0.36
2023,Tercer Trimestre,Septiembre,P09-1215162,Largo Plazo,Banca de Desarrollo,BANOBRAS,"BANOBRAS 1,000",2015-12-29,2025-12-26,3650,819,1000000000,0,13888888.89,3899688.67,17788577.560000002,120370370.33,-13888888.89,TIIE,0.41,TIIE+0.41
2023,Tercer Trimestre,Septiembre,P09-1217134,Largo Plazo,Banca de Desarrollo,BANOBRAS,"BANOBRAS 1,378",2017-12-29,2032-12-27,5477,3377,1378859929,0,22980998.82,25902845.79,48883844.61,850296956.1399999,-22980998.82,TIIE,0.34,TIIE+0.34
2023,Tercer Trimestre,Septiembre,P09-1219069,Largo Plazo,Banca de Desarrollo,BANOBRAS,"BANOBRAS 2,000",2019-12-30,2026-12-28,2555,1186,2000000000,0,78008207.07,38732991.26,116741198.32999998,1257586972.27,-78008207.07,TIIE,0.2,TIIE+0.20
2023,Tercer Trimestre,Septiembre,P09-0720076,Largo Plazo,Banca de Desarrollo,BANOBRAS,"BANOBRAS 2,000-20",2020-07-31,2030-07-25,3646,2491,2000000000,0,50000000.01,42328503.11,92328503.12,1366666666.5399995,-50000000.01,TIIE,0.46,TIIE+0.46
2023,Tercer Trimestre,Septiembre,P09-0720077,Largo Plazo,Banca de Desarrollo,BANOBRAS,"BANOBRAS 2,300",2020-07-31,2030-07-25,3646,2491,2300000000,0,57500000.010000005,49125330.87,106625330.88,1571666666.5399995,-57500000.010000005,TIIE,0.56999999999999995,TIIE+0.57
2023,Tercer Trimestre,Septiembre,P09-1220098,Largo Plazo,Banca de Desarrollo,BANOBRAS,"BANOBRAS 2,500",2020-12-11,2030-11-25,3636,2614,2500000000,0,63025210.08,56223694.62,119248904.7,1806722689.12,-63025210.08,TIIE,0.53,TIIE+0.53
2023,Tercer Trimestre,Septiembre,P09-1220099,Largo Plazo,Banca de Desarrollo,BANOBRAS,"BANOBRAS 2,683",2020-12-11,2030-11-25,3636,2614,2683529136.16,0,67651995.03,60902820.98,128554816.01,1939357190.83,-67651995.03,TIIE,0.64,TIIE+0.64
2023,Tercer Trimestre,Septiembre,P09-0721036,Largo Plazo,Banca de Desarrollo,BANOBRAS,"BANOBRAS 2,200",2021-07-13,2031-07-11,3650,2842,2200000000,0,61111111.11,59226317.650000006,120337428.76,1914814814.8200004,-61111111.11,TIIE,0.48,TIIE+0.48
2023,Tercer Trimestre,Septiembre,P09-1221046,Largo Plazo,Banca de Desarrollo,BANOBRAS,"BANOBRAS 1,908",2021-12-13,2036-12-15,5481,4826,1908190692.18,0,31803178.200000003,51308144.67,83111322.87,1685568444.7799995,-31803178.200000003,TIIE,0.39,TIIE+0.39
2023,Tercer Trimestre,Septiembre,P09-1221045,Largo Plazo,Banca de Desarrollo,BANOBRAS,"BANOBRAS 3,000",2021-12-13,2036-12-15,5481,4826,3000000000,0,50000000.01,80326024.26,130326024.27,2649999999.93,-50000000.01,TIIE,0.34,TIIE+0.34
2023,Tercer Trimestre,Septiembre,P09-1222049,Largo Plazo,Banca de Desarrollo,BANOBRAS,"BANOBRAS 4,263",2022-12-16,2042-12-15,7304,7016,4263754383.38,0,53296929.78,98765843.42,152062773.2,4103863594.039999,-53296929.78,9.44,NA,NA
2023,Tercer Trimestre,Septiembre,329/2007,Largo Plazo,Mercado de Capitales,CI BANCO,BONO GDFCB 07,2007-12-17,2027-11-22,7280,1515,575000000,0,0,0,0,575000000,0,8.65,NA,8.65
2023,Tercer Trimestre,Septiembre,P09-1219057,Largo Plazo,Mercado de Capitales,CI BANCO,BONO CDMXCB 19,2019-12-03,2029-11-20,3640,2244,1500000000,0,0,0,0,1500000000,0,7.82,NA,7.82
2023,Tercer Trimestre,Septiembre,P09-1112186,Largo Plazo,Mercado de Capitales,CI BANCO,BONO GDFECB 12,2012-11-30,2027-11-12,5460,1505,2500000000,0,0,0,0,2500000000,0,6.85,NA,6.85
2023,Tercer Trimestre,Septiembre,P09-1113146,Largo Plazo,Mercado de Capitales,CI BANCO,BONO GDFECB 13,2013-11-29,2023-11-17,3640,49,2126874900,0,0,0,0,2126874900,0,7.05,NA,7.05
2023,Tercer Trimestre,Septiembre,P09-1014157,Largo Plazo,Mercado de Capitales,CI BANCO,BONO GDFECB 14,2014-11-03,2024-10-21,3640,388,2500000000,0,0,0,0,2500000000,0,6.42,NA,6.42
2023,Tercer Trimestre,Septiembre,P09-0915121,Largo Plazo,Mercado de Capitales,CI BANCO,BONO GDFECB 15-2,2015-09-25,2025-09-12,3640,714,2500000000,0,0,84680555.56,84680555.56,2500000000,0,6.7,NA,6.7
2023,Tercer Trimestre,Septiembre,P09-0917056,Largo Plazo,Mercado de Capitales,CI BANCO,BONO GCDMXCB 17X,2017-09-19,2028-03-07,3822,1621,2000000000,0,0,76844444.44,76844444.44,2000000000,0,7.6,NA,7.6
2023,Tercer Trimestre,Septiembre,P09-1118104,Largo Plazo,Mercado de Capitales,CI BANCO,BONO GCDMXCB 18V,2018-11-21,2028-11-08,3640,1867,1100000000,0,0,0,0,1100000000,0,9.93,NA,9.93
2023,Cuarto Trimestre,Diciembre,721/2011,Largo Plazo,Banca Comercial,BANAMEX,"BANAMEX 1,500",2011-12-29,2026-12-28,5478,1094,1500000000,0,20209581,15456138.98,35665719.980000004,610778436,-20209581,TIIE,"≤7 = 5.185
>7= TIIE-1.815",NA
2023,Cuarto Trimestre,Diciembre,P09-1213198,Largo Plazo,Banca Comercial,BANAMEX,"BANAMEX 3,500",2013-12-31,2023-12-26,3647,0,3500000000,0,109374999.38,1731480.16,111106479.54,0,-109374999.38,TIIE,"≤8 = 5.74
>8= TIIE-2.26",NA
2023,Cuarto Trimestre,Diciembre,224/2007,Largo Plazo,Banca Comercial,BANCOMER,"BANCOMER 3,457",2007-08-30,2037-07-27,10924,4958,3457974220.57,0,10964399.78,98620437.95,109584837.73,3247671551.9599996,-10964399.78,TIIE,0.35,TIIE+0.35
2023,Cuarto Trimestre,Diciembre,226/2007,Largo Plazo,Banca Comercial,BANCOMER,"BANCOMER 4,700",2007-08-31,2037-07-27,10923,4958,4700000000,0,14902563.1,100400000.71,115302563.81,4414161390.580001,-14902563.1,8.8000000000000007,NA,8.8000000000000007
2023,Cuarto Trimestre,Diciembre,225/2007,Largo Plazo,Banca Comercial,BANCOMER,"BANCOMER 7,000",2007-08-31,2040-08-27,12050,6085,7000000000,0,41171592.08,130000690.6,171172282.68,5681103317.78,-41171592.08,8.91,NA,8.91
2023,Cuarto Trimestre,Diciembre,P09-1214242,Largo Plazo,Banca Comercial,BANCOMER,"BANCOMER 2,500",2014-12-26,2024-12-26,3653,362,2500000000,0,78125000.01,5361508.96,83486508.97,312499999.7199999,-78125000.01,5.75,NA,5.75
2023,Cuarto Trimestre,Diciembre,P09-1216082,Largo Plazo,Banca Comercial,BANCOMER,"BANCOMER 3,000-15",2016-12-30,2031-12-26,5474,2918,3000000000,0,53571428.58,36765744.05,90337172.63,1714285714.0800004,-53571428.58,8.2200000000000006,NA,8.2200000000000006
2023,Cuarto Trimestre,Diciembre,P09-1216083,Largo Plazo,Banca Comercial,BANCOMER,"BANCOMER 3,000-7",2016-12-30,2023-12-26,2552,0,3000000000,0,124999999.77,1633738.4300000002,126633738.20000002,0,-124999999.77,7.63,NA,7.63
2023,Cuarto Trimestre,Diciembre,P09-1218140,Largo Plazo,Banca Comercial,BANCOMER,"BANCOMER 3,000-18",2018-12-31,2028-12-26,3648,1823,3000000000,0,83333333.34,40146296.3,123479629.64,1666666666.5600002,-83333333.34,9.1199999999999992,NA,9.1199999999999992
2023,Cuarto Trimestre,Diciembre,P09-1219070,Largo Plazo,Banca Comercial,BANCOMER,"BANCOMER 2,000",2019-12-30,2026-12-28,2555,1094,2000000000,0,80371933.75999999,36895363.120000005,117267296.88,1177215038.49,-80371933.75999999,TIIE,0.22,TIIE+0.22
2023,Cuarto Trimestre,Diciembre,P09-1219071,Largo Plazo,Banca Comercial,BANCOMER,"BANCOMER 3,421",2019-12-30,2029-12-26,3649,2188,3421287307.47,0,74633931.94,46634092.83,121268024.77,2657243518.27,-74633931.94,6.74,NA,6.74
2023,Cuarto Trimestre,Diciembre,P09-1219072,Largo Plazo,Banca Comercial,BANCOMER,BANCOMER 500-19,2019-12-30,2029-12-26,3649,2188,500000000,0,10907287.99,7169193.94,18076481.93,388339721.21,-10907287.99,7.09,NA,7.09
2023,Cuarto Trimestre,Diciembre,P09-0721037,Largo Plazo,Banca Comercial,BANCOMER,"BANCOMER 2,296",2021-07-13,2031-07-11,3650,2750,2296288492.98,0,63785791.47,60623726.02,124409517.49,1934835674.65,-63785791.47,TIIE,0.49,TIIE+0.49
2023,Cuarto Trimestre,Diciembre,P09-1222047,Largo Plazo,Banca Comercial,BANCOMER,"BANCOMER 2,500-2",2022-12-16,2032-12-15,3652,3272,2500000000,0,62499999.989999995,53767812.5,116267812.49,2250000000.0400004,-62499999.989999995,9.18,NA,NA
2023,Cuarto Trimestre,Diciembre,P09-1222048,Largo Plazo,Banca Comercial,BANCOMER,"BANCOMER 1,763",2022-12-16,2032-12-15,3652,3272,1763754383.38,0,44093859.57,38263859.29,82357718.86,1587378945.1,-44093859.57,9.26,NA,NA
2023,Cuarto Trimestre,Diciembre,P09-1222050,Largo Plazo,Banca Comercial,BANCOMER,"BANCOMER 3,037",2022-12-16,2042-12-15,7304,6924,3037855202.23,0,37973190.03,87390356.47,125363546.5,2885962442.109999,-37973190.03,TIIE,0.24,TIIE+0.24
2023,Cuarto Trimestre,Diciembre,233/2007,Largo Plazo,Banca Comercial,HSBC,"HSBC 7,000",2007-09-07,2047-09-25,14628,8670,7000000000,0,0,215302888.89,215302888.89,7000000000,0,TIIE,0.53,TIIE+0.53
2023,Cuarto Trimestre,Diciembre,P09-1217133,Largo Plazo,Banca Comercial,HSBC,"HSBC 2,500",2017-12-29,2024-12-26,2554,362,2500000000,0,89285714.28,7949685.85,97235400.13,357142857.28000003,-89285714.28,7.46,NA,7.46
2023,Cuarto Trimestre,Diciembre,P09-1218139,Largo Plazo,Banca Comercial,HSBC,"HSBC 1,170",2018-12-31,2028-12-26,3648,1823,1170915399.91,0,32525427.78,16614274.61,49139702.39,650508555.4300004,-32525427.78,9.67,NA,9.67
2023,Cuarto Trimestre,Diciembre,P09-1218138,Largo Plazo,Banca Comercial,SANTANDER,"SANTANDER 2,400",2018-12-31,2028-12-26,3648,1823,2400000000,0,66666666.66,33631327.17,100297993.83,1333333333.4399998,-66666666.66,9.5500000000000007,NA,9.5500000000000007
2023,Cuarto Trimestre,Diciembre,P09-1221044,Largo Plazo,Banca Comercial,SANTANDER,"SANTANDER 2,000",2021-12-13,2036-12-15,5479,4734,2000000000,0,33333333.33,53327316.36,86660649.69,1733333333.3600004,-33333333.33,TIIE,0.38,TIIE+0.38
2023,Cuarto Trimestre,Diciembre,262/2007,Largo Plazo,Banca de Desarrollo,BANOBRAS,"BANOBRAS 4,000",2007-10-17,2047-10-25,14618,8700,4000000000,0,0,89752974.25,89752974.25,2917999852.46,0,TIIE,0.53,TIIE+0.53
2023,Cuarto Trimestre,Diciembre,261/2007,Largo Plazo,Banca de Desarrollo,BANOBRAS,"BANOBRAS 4,459",2007-10-17,2040-10-25,12062,6144,4459000000,0,15698498.56,122310100.07,138008598.63,4031732275.14,-15698498.56,TIIE,0.35,TIIE+0.35
2023,Cuarto Trimestre,Diciembre,260/2007,Largo Plazo,Banca de Desarrollo,BANOBRAS,"BANOBRAS 4,806",2007-10-17,2037-10-26,10967,5049,4806995488.54,0,14452712.84,137188625.03,151641337.87,4518175607.78,-14452712.84,TIIE,0.35,TIIE+0.35
2023,Cuarto Trimestre,Diciembre,514/2008,Largo Plazo,Banca de Desarrollo,BANOBRAS,BANOBRAS 175,2009-12-24,2028-11-27,6913,1794,174978799.57,0,2421929.16,1492338.72,3914267.88,47631273.17000001,-2421929.16,TIIE,0.35,TIIE+0.35
2023,Cuarto Trimestre,Diciembre,562/2010,Largo Plazo,Banca de Desarrollo,BANOBRAS,"BANOBRAS 1,499",2010-12-28,2040-10-25,10894,6144,1499069397.53,0,23958333.51,19958527.57,43916861.08,839347172.98,-23958333.51,9.1300000000000008,NA,9.1300000000000008
2023,Cuarto Trimestre,Diciembre,P09-1012161,Largo Plazo,Banca de Desarrollo,BANOBRAS,"BANOBRAS 2,138",2012-11-12,2032-11-25,7318,3253,2138648319,0,0,43559513.72,43559513.72,2138648319,0,7.09,0.88,7.97
2023,Cuarto Trimestre,Diciembre,P09-1012161,Largo Plazo,Banca de Desarrollo,BANOBRAS,BANOBRAS 294,2012-11-30,2032-11-25,7300,3253,294874160,0,0,5953181.659999999,5953181.659999999,294874160,0,7.02,0.88,7.9
2023,Cuarto Trimestre,Diciembre,P09-1212219,Largo Plazo,Banca de Desarrollo,BANOBRAS,"BANOBRAS 1,954",2012-12-28,2027-11-25,5445,1426,1954226708.26,0,35105869.019999996,10083809.82,45189678.84,549991947.4599998,-35105869.019999996,5.97,0.91,6.88
2023,Cuarto Trimestre,Diciembre,P09-1212219,Largo Plazo,Banca de Desarrollo,BANOBRAS,BANOBRAS 145,2012-12-31,2027-11-25,5442,1426,145773291.74,0,2618681.88,751096.8999999999,3369778.78,41026016.54,-2618681.88,5.96,0.91,6.87
2023,Cuarto Trimestre,Diciembre,P09-1012161,Largo Plazo,Banca de Desarrollo,BANOBRAS,BANOBRAS 196,2013-11-07,2032-11-25,6958,3253,196783977,0,0,4314816.67,4314816.67,196783977,0,7.7,0.88,8.58
2023,Cuarto Trimestre,Diciembre,P09-1213189,Largo Plazo,Banca de Desarrollo,BANOBRAS,"BANOBRAS 1,024",2013-12-31,2023-10-25,3585,0,1024317877.06,0,14542241.01,143319.84,14685560.85,-2.421438694000244e-8,-14542241.01,TIIE,0.32,TIIE+0.32
2023,Cuarto Trimestre,Diciembre,P09-1214244,Largo Plazo,Banca de Desarrollo,BANOBRAS,"BANOBRAS 1,949",2014-12-31,2029-11-26,5444,2158,1949386371.4,0,37730058.81,27844526.61,65574585.42,892944724.7200001,-37730058.81,TIIE,0.36,TIIE+0.36
2023,Cuarto Trimestre,Diciembre,P09-1215162,Largo Plazo,Banca de Desarrollo,BANOBRAS,"BANOBRAS 1,000",2015-12-29,2025-12-26,3650,727,1000000000,0,13888888.89,3526046.6799999997,17414935.57,106481481.44,-13888888.89,TIIE,0.41,TIIE+0.41
2023,Cuarto Trimestre,Diciembre,P09-1217134,Largo Plazo,Banca de Desarrollo,BANOBRAS,"BANOBRAS 1,378",2017-12-29,2032-12-27,5477,3285,1378859929,0,22980998.82,25511534.26,48492533.08,827315957.3199998,-22980998.82,TIIE,0.34,TIIE+0.34
2023,Cuarto Trimestre,Diciembre,P09-1219069,Largo Plazo,Banca de Desarrollo,BANOBRAS,"BANOBRAS 2,000",2019-12-30,2026-12-28,2555,1094,2000000000,0,80371933.75999999,36822248.19,117194181.95,1177215038.51,-80371933.75999999,TIIE,0.2,TIIE+0.20
2023,Cuarto Trimestre,Diciembre,P09-0720076,Largo Plazo,Banca de Desarrollo,BANOBRAS,"BANOBRAS 2,000-20",2020-07-31,2030-07-25,3646,2399,2000000000,0,50000000.01,41275651.43,91275651.44,1316666666.5299995,-50000000.01,TIIE,0.46,TIIE+0.46
2023,Cuarto Trimestre,Diciembre,P09-0720077,Largo Plazo,Banca de Desarrollo,BANOBRAS,"BANOBRAS 2,300",2020-07-31,2030-07-25,3646,2399,2300000000,0,57500000.010000005,47903482.71,105403482.72,1514166666.5299995,-57500000.010000005,TIIE,0.56999999999999995,TIIE+0.57
2023,Cuarto Trimestre,Diciembre,P09-1220098,Largo Plazo,Banca de Desarrollo,BANOBRAS,"BANOBRAS 2,500",2020-12-11,2030-11-25,3636,2522,2500000000,0,63025210.08,54916566.70999999,117941776.79,1743697479.0400002,-63025210.08,TIIE,0.53,TIIE+0.53
2023,Cuarto Trimestre,Diciembre,P09-1220099,Largo Plazo,Banca de Desarrollo,BANOBRAS,"BANOBRAS 2,683",2020-12-11,2030-11-25,3636,2522,2683529136.16,0,67651995.03,59486987.24,127138982.27,1871705195.8,-67651995.03,TIIE,0.64,TIIE+0.64
2023,Cuarto Trimestre,Diciembre,P09-0721036,Largo Plazo,Banca de Desarrollo,BANOBRAS,"BANOBRAS 2,200",2021-07-13,2031-07-11,3650,2750,2200000000,0,61111111.11,58017645.120000005,119128756.23,1853703703.7100005,-61111111.11,TIIE,0.48,TIIE+0.48
2023,Cuarto Trimestre,Diciembre,P09-1221046,Largo Plazo,Banca de Desarrollo,BANOBRAS,"BANOBRAS 1,908",2021-12-13,2036-12-15,5481,4734,1908190692.18,0,31803178.200000003,50908417.88,82711596.08000001,1653765266.58,-31803178.200000003,TIIE,0.39,TIIE+0.39
2023,Cuarto Trimestre,Diciembre,P09-1221045,Largo Plazo,Banca de Desarrollo,BANOBRAS,"BANOBRAS 3,000",2021-12-13,2036-12-15,5481,4734,3000000000,0,50000000.01,79700178.42,129700178.43,2599999999.9199996,-50000000.01,TIIE,0.34,TIIE+0.34
2023,Cuarto Trimestre,Diciembre,P09-1222049,Largo Plazo,Banca de Desarrollo,BANOBRAS,"BANOBRAS 4,263",2022-12-16,2042-12-15,7304,6924,4263754383.38,0,53296929.78,98579501.56,151876431.34,4050566664.2599993,-53296929.78,9.44,NA,NA
2023,Cuarto Trimestre,Diciembre,329/2007,Largo Plazo,Mercado de Capitales,CI BANCO,BONO GDFCB 07,2007-12-17,2027-11-22,7280,1423,575000000,0,0,25145069.44,25145069.44,575000000,0,8.65,NA,8.65
2023,Cuarto Trimestre,Diciembre,P09-1219057,Largo Plazo,Mercado de Capitales,CI BANCO,BONO CDMXCB 19,2019-12-03,2029-11-20,3640,2152,1500000000,0,0,59301666.67,59301666.67,1500000000,0,7.82,NA,7.82
2023,Cuarto Trimestre,Diciembre,P09-1112186,Largo Plazo,Mercado de Capitales,CI BANCO,BONO GDFECB 12,2012-11-30,2027-11-12,5460,1413,2500000000,0,0,86576388.89,86576388.89,2500000000,0,6.85,NA,6.85
2023,Cuarto Trimestre,Diciembre,P09-1113146,Largo Plazo,Mercado de Capitales,CI BANCO,BONO GDFECB 13,2013-11-29,2023-11-17,3640,0,2126874900,0,2126874900,75805366.23,2202680266.23,0,-2126874900,7.05,NA,7.05
2023,Cuarto Trimestre,Diciembre,P09-1014157,Largo Plazo,Mercado de Capitales,CI BANCO,BONO GDFECB 14,2014-11-03,2024-10-21,3640,296,2500000000,0,0,81141666.67,81141666.67,2500000000,0,6.42,NA,6.42
2023,Cuarto Trimestre,Diciembre,P09-0915121,Largo Plazo,Mercado de Capitales,CI BANCO,BONO GDFECB 15-2,2015-09-25,2025-09-12,3640,622,2500000000,0,0,0,0,2500000000,0,6.7,NA,6.7
2023,Cuarto Trimestre,Diciembre,P09-0917056,Largo Plazo,Mercado de Capitales,CI BANCO,BONO GCDMXCB 17X,2017-09-19,2028-03-07,3822,1529,2000000000,0,0,0,0,2000000000,0,7.6,NA,7.6
2023,Cuarto Trimestre,Diciembre,P09-1118104,Largo Plazo,Mercado de Capitales,CI BANCO,BONO GCDMXCB 18V,2018-11-21,2028-11-08,3640,1775,1100000000,0,0,55221833.33,55221833.33,1100000000,0,9.93,NA,9.93
2023,Cuarto Trimestre,Diciembre,P09-1223078,Largo Plazo,Banca Comercial,SANTANDER,"SANTANDER 2,169",2023-12-15,2033-12-14,3653,3637,2169946419,2169946419,0,0,0,2169946419,2169946419,9.1999999999999993,NA,9.1999999999999993
2023,Cuarto Trimestre,Diciembre,P09-1223079,Largo Plazo,Banca de Desarrollo,BANOBRAS,"BANOBRAS 2,500 23-1",2023-12-15,2043-12-15,7305,7289,2500000000,2500000000,0,0,0,2500000000,2500000000,8.83,NA,8.83
2023,Cuarto Trimestre,Diciembre,P09-1223080,Largo Plazo,Banca de Desarrollo,BANOBRAS,"BANOBRAS 2,500 23-2",2023-12-15,2043-12-15,7305,7289,2500000000,2500000000,0,0,0,2500000000,2500000000,8.93,NA,8.93
2023,Cuarto Trimestre,Diciembre,P09-1223081,Largo Plazo,Banca de Desarrollo,BANOBRAS,"BANOBRAS 5,276",2023-12-15,2043-12-15,7305,7289,4974578884.889999,4974578884.889999,0,0,0,4974578884.889999,4974578884.889999,TIIE Fondeo,0.44,TIIE Fondeo+0.44
2024,Primer Trimestre,Marzo,721/2011,Largo Plazo,Banca Comercial,BANAMEX,"BANAMEX 1,500",2011-12-29,2026-12-28,5478,1003,1500000000,0,20209581,14626201.98,34835782.980000004,590568855,-20209581,TIIE,"≤7 = 5.185
>7= TIIE-1.815",NA
2024,Primer Trimestre,Marzo,224/2007,Largo Plazo,Banca Comercial,BANCOMER,"BANCOMER 3,457",2007-08-30,2037-07-27,10924,4867,3457974220.57,0,11533144.19,96097628.98,107630773.17,3236138407.7699995,-11533144.19,TIIE,0.35,TIIE+0.35
2024,Primer Trimestre,Marzo,226/2007,Largo Plazo,Banca Comercial,BANCOMER,"BANCOMER 4,700",2007-08-31,2037-07-27,10923,4867,4700000000,0,15675587.560000002,97882264.59,113557852.15,4398485803.0199995,-15675587.560000002,8.8000000000000007,NA,8.8000000000000007
2024,Primer Trimestre,Marzo,225/2007,Largo Plazo,Banca Comercial,BANCOMER,"BANCOMER 7,000",2007-08-31,2040-08-27,12050,5994,7000000000,0,41971413.94,126255714.5,168227128.44,5639131903.84,-41971413.94,8.91,NA,8.91
2024,Primer Trimestre,Marzo,P09-1214242,Largo Plazo,Banca Comercial,BANCOMER,"BANCOMER 2,500",2014-12-26,2024-12-26,3653,271,2500000000,0,78125000.01,4126157.4,82251157.41000001,234374999.70999992,-78125000.01,5.75,NA,5.75
2024,Primer Trimestre,Marzo,P09-1216082,Largo Plazo,Banca Comercial,BANCOMER,"BANCOMER 3,000-15",2016-12-30,2031-12-26,5474,2827,3000000000,0,53571428.58,34869761.9,88441190.47999999,1660714285.5,-53571428.58,8.2200000000000006,NA,8.2200000000000006
2024,Primer Trimestre,Marzo,P09-1218140,Largo Plazo,Banca Comercial,BANCOMER,"BANCOMER 3,000-18",2018-12-31,2028-12-26,3648,1732,3000000000,0,83333333.34,37380740.75,120714074.09,1583333333.22,-83333333.34,9.1199999999999992,NA,9.1199999999999992
2024,Primer Trimestre,Marzo,P09-1219070,Largo Plazo,Banca Comercial,BANCOMER,"BANCOMER 2,000",2019-12-30,2026-12-28,2555,1003,2000000000,0,82807283.73,33705602.21,116512885.94,1094407754.7599998,-82807283.73,TIIE,0.22,TIIE+0.22
2024,Primer Trimestre,Marzo,P09-1219071,Largo Plazo,Banca Comercial,BANCOMER,"BANCOMER 3,421",2019-12-30,2029-12-26,3649,2097,3421287307.47,0,76895414.72,44355119.69,121250534.41,2580348103.55,-76895414.72,6.74,NA,6.74
2024,Primer Trimestre,Marzo,P09-1219072,Largo Plazo,Banca Comercial,BANCOMER,BANCOMER 500-19,2019-12-30,2029-12-26,3649,2097,500000000,0,11237789.72,6818840.82,18056630.54,377101931.49,-11237789.72,7.09,NA,7.09
2024,Primer Trimestre,Marzo,P09-0721037,Largo Plazo,Banca Comercial,BANCOMER,"BANCOMER 2,296",2021-07-13,2031-07-11,3650,2659,2296288492.98,0,63785791.47,57371014.48,121156805.95,1871049883.18,-63785791.47,TIIE,0.49,TIIE+0.49
2024,Primer Trimestre,Marzo,P09-1222047,Largo Plazo,Banca Comercial,BANCOMER,"BANCOMER 2,500-22",2022-12-16,2032-12-15,3652,3181,2500000000,0,62499999.989999995,51170000,113669999.99,2187500000.05,-62499999.989999995,9.18,NA,NA
2024,Primer Trimestre,Marzo,P09-1222048,Largo Plazo,Banca Comercial,BANCOMER,"BANCOMER 1,763",2022-12-16,2032-12-15,3652,3181,1763754383.38,0,44093859.57,36415126.24,80508985.81,1543285085.5300002,-44093859.57,9.26,NA,NA
2024,Primer Trimestre,Marzo,P09-1222050,Largo Plazo,Banca Comercial,BANCOMER,"BANCOMER 3,037",2022-12-16,2042-12-15,7304,6833,3037855202.23,0,37973190.03,84335791.3,122308981.33,2847989252.08,-37973190.03,TIIE,0.24,TIIE+0.24
2024,Primer Trimestre,Marzo,233/2007,Largo Plazo,Banca Comercial,HSBC,"HSBC 7,000",2007-09-07,2047-09-25,14628,8579,7000000000,0,0,210515083.33,210515083.33,7000000000,0,TIIE,0.53,TIIE+0.53
2024,Primer Trimestre,Marzo,P09-1217133,Largo Plazo,Banca Comercial,HSBC,"HSBC 2,500",2017-12-29,2024-12-26,2554,271,2500000000,0,89285714.28,6117989.41,95403703.69,267857143.00000003,-89285714.28,7.46,NA,7.46
2024,Primer Trimestre,Marzo,P09-1218139,Largo Plazo,Banca Comercial,HSBC,"HSBC 1,170",2018-12-31,2028-12-26,3648,1732,1170915399.91,0,32525427.78,15469768.04,47995195.82,617983127.6500005,-32525427.78,9.67,NA,9.67
2024,Primer Trimestre,Marzo,P09-1218138,Largo Plazo,Banca Comercial,SANTANDER,"SANTANDER 2,400",2018-12-31,2028-12-26,3648,1732,2400000000,0,66666666.66,31314567.9,97981234.56,1266666666.78,-66666666.66,9.5500000000000007,NA,9.5500000000000007
2024,Primer Trimestre,Marzo,P09-1221044,Largo Plazo,Banca Comercial,SANTANDER,"SANTANDER 2,000",2021-12-13,2036-12-15,5479,4643,2000000000,0,33333333.33,51154992.59,84488325.92,1700000000.0300002,-33333333.33,TIIE,0.38,TIIE+0.38
2024,Primer Trimestre,Marzo,P09-1223078,Largo Plazo,Banca Comercial,SANTANDER,"SANTANDER 2,169",2023-12-01,2033-12-01,3653,3532,2169946419,0,5968754.95,55964885.89,61933640.84,2163977664.05,-5968754.95,9.1999999999999993,NA,9.1999999999999993
2024,Primer Trimestre,Marzo,262/2007,Largo Plazo,Banca de Desarrollo,BANOBRAS,"BANOBRAS 4,000",2007-10-17,2047-10-25,14618,8609,4000000000,0,0,87748421.8,87748421.8,2917999852.46,0,TIIE,0.53,TIIE+0.53
2024,Primer Trimestre,Marzo,261/2007,Largo Plazo,Banca de Desarrollo,BANOBRAS,"BANOBRAS 4,459",2007-10-17,2040-10-25,12062,6053,4459000000,0,16221251.48,119105388.42999998,135326639.90999997,4015511023.66,-16221251.48,TIIE,0.35,TIIE+0.35
2024,Primer Trimestre,Marzo,260/2007,Largo Plazo,Banca de Desarrollo,BANOBRAS,"BANOBRAS 4,806",2007-10-17,2037-10-26,10967,4958,4806995488.54,0,15202398.34,133689769.31,148892167.65,4502973209.44,-15202398.34,TIIE,0.35,TIIE+0.35
2024,Primer Trimestre,Marzo,514/2008,Largo Plazo,Banca de Desarrollo,BANOBRAS,BANOBRAS 175,2009-12-24,2028-11-27,6913,1703,174978799.57,0,2421929.16,1387530.53,3809459.69,45209344.010000005,-2421929.16,TIIE,0.35,TIIE+0.35
2024,Primer Trimestre,Marzo,562/2010,Largo Plazo,Banca de Desarrollo,BANOBRAS,"BANOBRAS 1,499",2010-12-28,2040-10-25,10894,6053,1499069397.53,0,23958333.52,18979866.979999997,42938200.5,815388839.46,-23958333.52,9.1300000000000008,NA,9.1300000000000008
2024,Primer Trimestre,Marzo,P09-1012161,Largo Plazo,Banca de Desarrollo,BANOBRAS,"BANOBRAS 2,138",2012-11-12,2032-11-25,7318,3162,2138648319,0,0,42612567.77,42612567.77,2138648319,0,7.09,0.88,7.97
2024,Primer Trimestre,Marzo,P09-1012161,Largo Plazo,Banca de Desarrollo,BANOBRAS,BANOBRAS 294,2012-11-30,2032-11-25,7300,3162,294874160,0,0,5823764.67,5823764.67,294874160,0,7.02,0.88,7.9
2024,Primer Trimestre,Marzo,P09-1212219,Largo Plazo,Banca de Desarrollo,BANOBRAS,"BANOBRAS 1,954",2012-12-28,2027-11-25,5445,1335,1954226708.26,0,35105869.019999996,9263060.59,44368929.61,514886078.43999994,-35105869.019999996,5.97,0.91,6.88
2024,Primer Trimestre,Marzo,P09-1212219,Largo Plazo,Banca de Desarrollo,BANOBRAS,BANOBRAS 145,2012-12-31,2027-11-25,5442,1335,145773291.74,0,2618681.88,689963.04,3308644.92,38407334.66,-2618681.88,5.96,0.91,6.87
2024,Primer Trimestre,Marzo,P09-1012161,Largo Plazo,Banca de Desarrollo,BANOBRAS,BANOBRAS 196,2013-11-07,2032-11-25,6958,3162,196783977,0,0,4221016.3100000005,4221016.3100000005,196783977,0,7.7,0.88,8.58
2024,Primer Trimestre,Marzo,P09-1214244,Largo Plazo,Banca de Desarrollo,BANOBRAS,"BANOBRAS 1,949",2014-12-31,2029-11-26,5444,2067,1949386371.4,0,37730058.81,26108153.67,63838212.48,855214665.9100001,-37730058.81,TIIE,0.36,TIIE+0.36
2024,Primer Trimestre,Marzo,P09-1215162,Largo Plazo,Banca de Desarrollo,BANOBRAS,"BANOBRAS 1,000",2015-12-29,2025-12-26,3650,636,1000000000,0,13888888.89,3035374.9699999997,16924263.86,92592592.55,-13888888.89,TIIE,0.41,TIIE+0.41
2024,Primer Trimestre,Marzo,P09-1217134,Largo Plazo,Banca de Desarrollo,BANOBRAS,"BANOBRAS 1,378",2017-12-29,2032-12-27,5477,3194,1378859929,0,22980998.82,24263977.93,47244976.75,804334958.5,-22980998.82,TIIE,0.34,TIIE+0.34
2024,Primer Trimestre,Marzo,P09-1219069,Largo Plazo,Banca de Desarrollo,BANOBRAS,"BANOBRAS 2,000",2019-12-30,2026-12-28,2555,1003,2000000000,0,82807283.73,33644345.02,116451628.75,1094407754.7799995,-82807283.73,TIIE,0.2,TIIE+0.20
2024,Primer Trimestre,Marzo,P09-0720076,Largo Plazo,Banca de Desarrollo,BANOBRAS,"BANOBRAS 2,000-20",2020-07-31,2030-07-25,3646,2308,2000000000,0,50000000.01,38875102.59,88875102.6,1266666666.52,-50000000.01,TIIE,0.46,TIIE+0.46
2024,Primer Trimestre,Marzo,P09-0720077,Largo Plazo,Banca de Desarrollo,BANOBRAS,"BANOBRAS 2,300",2020-07-31,2030-07-25,3646,2308,2300000000,0,57500000.010000005,45117610.1,102617610.11,1456666666.5199995,-57500000.010000005,TIIE,0.56999999999999995,TIIE+0.57
2024,Primer Trimestre,Marzo,P09-1220098,Largo Plazo,Banca de Desarrollo,BANOBRAS,"BANOBRAS 2,500",2020-12-11,2030-11-25,3636,2431,2500000000,0,63025210.08,51815987.86,114841197.94,1680672268.96,-63025210.08,TIIE,0.53,TIIE+0.53
2024,Primer Trimestre,Marzo,P09-1220099,Largo Plazo,Banca de Desarrollo,BANOBRAS,"BANOBRAS 2,683",2020-12-11,2030-11-25,3636,2431,2683529136.16,0,67651995.03,56128540.55,123780535.58,1804053200.77,-67651995.03,TIIE,0.64,TIIE+0.64
2024,Primer Trimestre,Marzo,P09-0721036,Largo Plazo,Banca de Desarrollo,BANOBRAS,"BANOBRAS 2,200",2021-07-13,2031-07-11,3650,2659,2200000000,0,61111111.11,54913430,116024541.11,1792592592.6,-61111111.11,TIIE,0.48,TIIE+0.48
2024,Primer Trimestre,Marzo,P09-1221046,Largo Plazo,Banca de Desarrollo,BANOBRAS,"BANOBRAS 1,908",2021-12-13,2036-12-15,5481,4643,1908190692.18,0,31803178.200000003,48842378.53,80645556.73,1621962088.38,-31803178.200000003,TIIE,0.39,TIIE+0.39
2024,Primer Trimestre,Marzo,P09-1221045,Largo Plazo,Banca de Desarrollo,BANOBRAS,"BANOBRAS 3,000",2021-12-13,2036-12-15,5481,4643,3000000000,0,50000000.01,76465555.17999999,126465555.19,2549999999.91,-50000000.01,TIIE,0.34,TIIE+0.34
2024,Primer Trimestre,Marzo,P09-1222049,Largo Plazo,Banca de Desarrollo,BANOBRAS,"BANOBRAS 4,263",2022-12-16,2042-12-15,7304,6833,4263754383.38,0,53296929.78,95183421.19,148480350.97000003,3997269734.48,-53296929.78,9.44,NA,NA
2024,Primer Trimestre,Marzo,P09-1223079,Largo Plazo,Banca de Desarrollo,BANOBRAS,"BANOBRAS 2,500-23 (1)",2023-12-01,2043-12-01,7305,7184,2500000000,0,192563.01,68945016.5,69137579.51,2499807436.99,-192563.01,8.83,NA,8.83
2024,Primer Trimestre,Marzo,P09-1223080,Largo Plazo,Banca de Desarrollo,BANOBRAS,"BANOBRAS 2,500-23 (2)",2023-12-01,2043-12-01,7305,7184,2500000000,0,192563.01,69646389.99000001,69838953.00000001,2499807436.99,-192563.01,8.93,NA,8.93
2024,Primer Trimestre,Marzo,P09-1223081,Largo Plazo,Banca de Desarrollo,BANOBRAS,"BANOBRAS 4,974",2023-12-01,2043-12-01,7305,7184,4974578884.889999,0,383167.97,164027426.5911864,164410594.5611864,4974195716.919999,-383167.97,TIIE 1 día hábil bancario,0.44,TIIE 1 día hábil bancario+0.44
2024,Primer Trimestre,Marzo,329/2007,Largo Plazo,Mercado de Capitales,CI BANCO,BONO GDFCB 07,2007-12-17,2027-11-22,7280,1332,575000000,0,0,0,0,575000000,0,8.65,NA,8.65
2024,Primer Trimestre,Marzo,P09-1219057,Largo Plazo,Mercado de Capitales,CI BANCO,BONO CDMXCB 19,2019-12-03,2029-11-20,3640,2061,1500000000,0,0,0,0,1500000000,0,7.82,NA,7.82
2024,Primer Trimestre,Marzo,P09-1112186,Largo Plazo,Mercado de Capitales,CI BANCO,BONO GDFECB 12,2012-11-30,2027-11-12,5460,1322,2500000000,0,0,0,0,2500000000,0,6.85,NA,6.85
2024,Primer Trimestre,Marzo,P09-1014157,Largo Plazo,Mercado de Capitales,CI BANCO,BONO GDFECB 14,2014-11-03,2024-10-21,3640,205,2500000000,0,0,0,0,2500000000,0,6.42,NA,6.42
2024,Primer Trimestre,Marzo,P09-0915121,Largo Plazo,Mercado de Capitales,CI BANCO,BONO GDFECB 15-2,2015-09-25,2025-09-12,3640,531,2500000000,0,0,84680555.56,84680555.56,2500000000,0,6.7,NA,6.7
2024,Primer Trimestre,Marzo,P09-0917056,Largo Plazo,Mercado de Capitales,CI BANCO,BONO GCDMXCB 17X,2017-09-19,2028-03-07,3822,1438,2000000000,0,0,76844444.44,76844444.44,2000000000,0,7.6,NA,7.6
2024,Primer Trimestre,Marzo,P09-1118104,Largo Plazo,Mercado de Capitales,CI BANCO,BONO GCDMXCB 18V,2018-11-21,2028-11-08,3640,1684,1100000000,0,0,0,0,1100000000,0,9.93,NA,9.93
2024,Segundo Trimestre,Junio,721/2011,Largo Plazo,Banca Comercial,BANAMEX,"BANAMEX 1,500",2011-12-29,2026-12-28,5478,913,1500000000,0,20209581,14073094.47,34282675.47,570359274,-20209581,TIIE,"≤7 = 5.185
>7= TIIE-1.815",NA
2024,Segundo Trimestre,Junio,224/2007,Largo Plazo,Banca Comercial,BANCOMER,"BANCOMER 3,457",2007-08-30,2037-07-27,10924,4777,3457974220.57,0,12131390.44,95750289.76,107881680.2,3224007017.329999,-12131390.44,TIIE,0.35,TIIE+0.35
2024,Segundo Trimestre,Junio,226/2007,Largo Plazo,Banca Comercial,BANCOMER,"BANCOMER 4,700",2007-08-31,2037-07-27,10923,4777,4700000000,0,16488710.27,99695681.86,116184392.13,4381997092.750002,-16488710.27,8.8000000000000007,NA,8.8000000000000007
2024,Segundo Trimestre,Junio,225/2007,Largo Plazo,Banca Comercial,BANCOMER,"BANCOMER 7,000",2007-08-31,2040-08-27,12050,5904,7000000000,0,42786773.59,128095931.38,170882704.97000003,5596345130.25,-42786773.59,8.91,NA,8.91
2024,Segundo Trimestre,Junio,P09-1214242,Largo Plazo,Banca Comercial,BANCOMER,"BANCOMER 2,500",2014-12-26,2024-12-26,3653,181,2500000000,0,78125000.01,3069661.45,81194661.46000001,156249999.6999998,-78125000.01,5.75,NA,5.75
2024,Segundo Trimestre,Junio,P09-1216082,Largo Plazo,Banca Comercial,BANCOMER,"BANCOMER 3,000-15",2016-12-30,2031-12-26,5474,2737,3000000000,0,53571428.58,34519107.129999995,88090535.71,1607142856.920001,-53571428.58,8.2200000000000006,NA,8.2200000000000006
2024,Segundo Trimestre,Junio,P09-1218140,Largo Plazo,Banca Comercial,BANCOMER,"BANCOMER 3,000-18",2018-12-31,2028-12-26,3648,1642,3000000000,0,83333333.34,36268888.879999995,119602222.22,1499999999.8800004,-83333333.34,9.1199999999999992,NA,9.1199999999999992
2024,Segundo Trimestre,Junio,P09-1219070,Largo Plazo,Banca Comercial,BANCOMER,"BANCOMER 2,000",2019-12-30,2026-12-28,2555,913,2000000000,0,85316427.23,31247548.450000003,116563975.68,1009091327.53,-85316427.23,TIIE,0.22,TIIE+0.22
2024,Segundo Trimestre,Junio,P09-1219071,Largo Plazo,Banca Comercial,BANCOMER,"BANCOMER 3,421",2019-12-30,2029-12-26,3649,2007,3421287307.47,0,79225422.67,44003080.489999995,123228503.16,2501122680.8799996,-79225422.67,6.74,NA,6.74
2024,Segundo Trimestre,Junio,P09-1219072,Largo Plazo,Banca Comercial,BANCOMER,BANCOMER 500-19,2019-12-30,2029-12-26,3649,2007,500000000,0,11578305.99,6764720.8100000005,18343026.8,365523625.5,-11578305.99,7.09,NA,7.09
2024,Segundo Trimestre,Junio,P09-0721037,Largo Plazo,Banca Comercial,BANCOMER,"BANCOMER 2,296",2021-07-13,2031-07-11,3650,2569,2296288492.98,0,63785791.47,55473244.849999994,119259036.32,1807264091.71,-63785791.47,TIIE,0.49,TIIE+0.49
2024,Segundo Trimestre,Junio,P09-1222047,Largo Plazo,Banca Comercial,BANCOMER,"BANCOMER 2,500-22",2022-12-16,2032-12-15,3652,3091,2500000000,0,62499999.989999995,50840625,113340624.99,2125000000.060001,-62499999.989999995,9.18,NA,NA
2024,Segundo Trimestre,Junio,P09-1222048,Largo Plazo,Banca Comercial,BANCOMER,"BANCOMER 1,763",2022-12-16,2032-12-15,3652,3091,1763754383.38,0,44093859.57,36180726.56,80274586.13,1499191225.9599996,-44093859.57,9.26,NA,NA
2024,Segundo Trimestre,Junio,P09-1222050,Largo Plazo,Banca Comercial,BANCOMER,"BANCOMER 3,037",2022-12-16,2042-12-15,7304,6743,3037855202.23,0,37973190.03,83203893.49,121177083.52,2810016062.049998,-37973190.03,TIIE,0.24,TIIE+0.24
2024,Segundo Trimestre,Junio,233/2007,Largo Plazo,Banca Comercial,HSBC,"HSBC 7,000",2007-09-07,2047-09-25,14628,8489,7000000000,0,0,210585277.78,210585277.78,7000000000,0,TIIE,0.53,TIIE+0.53
2024,Segundo Trimestre,Junio,P09-1217133,Largo Plazo,Banca Comercial,HSBC,"HSBC 2,500",2017-12-29,2024-12-26,2554,181,2500000000,0,89285714.28,4551488.09,93837202.37,178571428.7200001,-89285714.28,7.46,NA,7.46
2024,Segundo Trimestre,Junio,P09-1218139,Largo Plazo,Banca Comercial,HSBC,"HSBC 1,170",2018-12-31,2028-12-26,3648,1642,1170915399.91,0,32525427.78,15009635.64,47535063.42,585457699.8700005,-32525427.78,9.67,NA,9.67
2024,Segundo Trimestre,Junio,P09-1218138,Largo Plazo,Banca Comercial,SANTANDER,"SANTANDER 2,400",2018-12-31,2028-12-26,3648,1642,2400000000,0,66666666.66,30383148.16,97049814.82,1200000000.1199996,-66666666.66,9.5500000000000007,NA,9.5500000000000007
2024,Segundo Trimestre,Junio,P09-1221044,Largo Plazo,Banca Comercial,SANTANDER,"SANTANDER 2,000",2021-12-13,2036-12-15,5479,4553,2000000000,0,33333333.33,50167734.56,83501067.89,1666666666.700001,-33333333.33,TIIE,0.38,TIIE+0.38
2024,Segundo Trimestre,Junio,P09-1223078,Largo Plazo,Banca Comercial,SANTANDER,"SANTANDER 2,169",2023-12-01,2033-12-01,3653,3442,2169946419,0,6522219.699999999,50828517.02,57350736.72,2157455444.35,-6522219.699999999,9.1999999999999993,NA,9.1999999999999993
2024,Segundo Trimestre,Junio,262/2007,Largo Plazo,Banca de Desarrollo,BANOBRAS,"BANOBRAS 4,000",2007-10-17,2047-10-25,14618,8519,4000000000,0,41154824.81,87999235.55,129154060.36,2876845027.65,-41154824.81,TIIE,0.53,TIIE+0.53
2024,Segundo Trimestre,Junio,261/2007,Largo Plazo,Banca de Desarrollo,BANOBRAS,"BANOBRAS 4,459",2007-10-17,2040-10-25,12062,5963,4459000000,0,16761409.59,119457934.57,136219344.16,3998749614.07,-16761409.59,TIIE,0.35,TIIE+0.35
2024,Segundo Trimestre,Junio,260/2007,Largo Plazo,Banca de Desarrollo,BANOBRAS,"BANOBRAS 4,806",2007-10-17,2037-10-26,10967,4868,4806995488.54,0,15990978.55,134176026.22,150167004.77,4486982230.89,-15990978.55,TIIE,0.35,TIIE+0.35
2024,Segundo Trimestre,Junio,514/2008,Largo Plazo,Banca de Desarrollo,BANOBRAS,BANOBRAS 175,2009-12-24,2028-11-27,6913,1613,174978799.57,0,2421929.16,1325248.13,3747177.29,42787414.85000002,-2421929.16,TIIE,0.35,TIIE+0.35
2024,Segundo Trimestre,Junio,562/2010,Largo Plazo,Banca de Desarrollo,BANOBRAS,"BANOBRAS 1,499",2010-12-28,2040-10-25,10894,5963,1499069397.53,0,23958332.81,18842550.630000003,42800883.440000005,791430506.65,-23958332.81,9.1300000000000008,NA,9.1300000000000008
2024,Segundo Trimestre,Junio,P09-1012161,Largo Plazo,Banca de Desarrollo,BANOBRAS,"BANOBRAS 2,138",2012-11-12,2032-11-25,7318,3072,2138648319,0,0,43559513.72,43559513.72,2138648319,0,7.09,0.88,7.97
2024,Segundo Trimestre,Junio,P09-1012161,Largo Plazo,Banca de Desarrollo,BANOBRAS,BANOBRAS 294,2012-11-30,2032-11-25,7300,3072,294874160,0,0,5953181.659999999,5953181.659999999,294874160,0,7.02,0.88,7.9
2024,Segundo Trimestre,Junio,P09-1212219,Largo Plazo,Banca de Desarrollo,BANOBRAS,"BANOBRAS 1,954",2012-12-28,2027-11-25,5445,1245,1954226708.26,0,35105869.019999996,8851567.79,43957436.809999995,479780209.4199999,-35105869.019999996,5.97,0.91,6.88
2024,Segundo Trimestre,Junio,P09-1212219,Largo Plazo,Banca de Desarrollo,BANOBRAS,BANOBRAS 145,2012-12-31,2027-11-25,5442,1245,145773291.74,0,2618681.88,659312.8200000001,3277994.7,35788652.779999994,-2618681.88,5.96,0.91,6.87
2024,Segundo Trimestre,Junio,P09-1012161,Largo Plazo,Banca de Desarrollo,BANOBRAS,BANOBRAS 196,2013-11-07,2032-11-25,6958,3072,196783977,0,0,4314816.67,4314816.67,196783977,0,7.7,0.88,8.58
2024,Segundo Trimestre,Junio,P09-1214244,Largo Plazo,Banca de Desarrollo,BANOBRAS,"BANOBRAS 1,949",2014-12-31,2029-11-26,5444,1977,1949386371.4,0,37730058.81,25169058.52,62899117.33,817484607.1000003,-37730058.81,TIIE,0.36,TIIE+0.36
2024,Segundo Trimestre,Junio,P09-1215162,Largo Plazo,Banca de Desarrollo,BANOBRAS,"BANOBRAS 1,000",2015-12-29,2025-12-26,3650,546,1000000000,0,13888888.89,2641468.75,16530357.64,78703703.66000004,-13888888.89,TIIE,0.41,TIIE+0.41
2024,Segundo Trimestre,Junio,P09-1217134,Largo Plazo,Banca de Desarrollo,BANOBRAS,"BANOBRAS 1,378",2017-12-29,2032-12-27,5477,3104,1378859929,0,22980998.82,23751840.02,46732838.84,781353959.6799995,-22980998.82,TIIE,0.34,TIIE+0.34
2024,Segundo Trimestre,Junio,P09-1219069,Largo Plazo,Banca de Desarrollo,BANOBRAS,"BANOBRAS 2,000",2019-12-30,2026-12-28,2555,913,2000000000,0,85316427.23,31201179.340000004,116517606.57,1009091327.55,-85316427.23,TIIE,0.2,TIIE+0.20
2024,Segundo Trimestre,Junio,P09-0720076,Largo Plazo,Banca de Desarrollo,BANOBRAS,"BANOBRAS 2,000-20",2020-07-31,2030-07-25,3646,2218,2000000000,0,50000000.01,37401507.88,87401507.89,1216666666.5099993,-50000000.01,TIIE,0.46,TIIE+0.46
2024,Segundo Trimestre,Junio,P09-0720077,Largo Plazo,Banca de Desarrollo,BANOBRAS,"BANOBRAS 2,300",2020-07-31,2030-07-25,3646,2218,2300000000,0,57500000.010000005,43415948.39,100915948.4,1399166666.5099993,-57500000.010000005,TIIE,0.56999999999999995,TIIE+0.57
2024,Segundo Trimestre,Junio,P09-1220098,Largo Plazo,Banca de Desarrollo,BANOBRAS,"BANOBRAS 2,500",2020-12-11,2030-11-25,3636,2341,2500000000,0,63025210.08,49955389.24,112980599.32,1617647058.8800008,-63025210.08,TIIE,0.53,TIIE+0.53
2024,Segundo Trimestre,Junio,P09-1220099,Largo Plazo,Banca de Desarrollo,BANOBRAS,"BANOBRAS 2,683",2020-12-11,2030-11-25,3636,2341,2683529136.16,0,67651995.03,54123634.989999995,121775630.02,1736401205.7400002,-67651995.03,TIIE,0.64,TIIE+0.64
2024,Segundo Trimestre,Junio,P09-0721036,Largo Plazo,Banca de Desarrollo,BANOBRAS,"BANOBRAS 2,200",2021-07-13,2031-07-11,3650,2569,2200000000,0,61111111.11,53115498,114226609.11,1731481481.4900012,-61111111.11,TIIE,0.48,TIIE+0.48
2024,Segundo Trimestre,Junio,P09-1221046,Largo Plazo,Banca de Desarrollo,BANOBRAS,"BANOBRAS 1,908",2021-12-13,2036-12-15,5481,4553,1908190692.18,0,31803178.200000003,47918451.83,79721630.03,1590158910.1799994,-31803178.200000003,TIIE,0.39,TIIE+0.39
2024,Segundo Trimestre,Junio,P09-1221045,Largo Plazo,Banca de Desarrollo,BANOBRAS,"BANOBRAS 3,000",2021-12-13,2036-12-15,5481,4553,3000000000,0,50000000.01,75012198.38,125012198.39,2499999999.899999,-50000000.01,TIIE,0.34,TIIE+0.34
2024,Segundo Trimestre,Junio,P09-1222049,Largo Plazo,Banca de Desarrollo,BANOBRAS,"BANOBRAS 4,263",2022-12-16,2042-12-15,7304,6743,4263754383.38,0,53296929.78,96012642.46,149309572.24,3943972804.699998,-53296929.78,9.44,NA,NA
2024,Segundo Trimestre,Junio,P09-1223079,Largo Plazo,Banca de Desarrollo,BANOBRAS,"BANOBRAS 2,500-23 (1)",2023-12-01,2043-12-01,7305,7094,2500000000,0,210418.82,62796251.21,63006670.03,2499597018.1699996,-210418.82,8.83,NA,8.83
2024,Segundo Trimestre,Junio,P09-1223080,Largo Plazo,Banca de Desarrollo,BANOBRAS,"BANOBRAS 2,500-23 (2)",2023-12-01,2043-12-01,7305,7094,2500000000,0,210418.82,63435073.71000001,63645492.53000001,2499597018.1699996,-210418.82,8.93,NA,8.93
2024,Segundo Trimestre,Junio,P09-1223081,Largo Plazo,Banca de Desarrollo,BANOBRAS,"BANOBRAS 4,974",2023-12-01,2043-12-01,7305,7094,4974578884.889999,0,418697.99,146443839.34,146862537.33,4973777018.929999,-418697.99,TIIE 1 día hábil bancario,0.44,TIIE 1 día hábil bancario+0.44
2024,Segundo Trimestre,Junio,329/2007,Largo Plazo,Mercado de Capitales,CI BANCO,BONO GDFCB 07,2007-12-17,2027-11-22,7280,1242,575000000,0,0,25145069.44,25145069.44,575000000,0,8.65,NA,8.65
2024,Segundo Trimestre,Junio,P09-1219057,Largo Plazo,Mercado de Capitales,CI BANCO,BONO CDMXCB 19,2019-12-03,2029-11-20,3640,1971,1500000000,0,0,59301666.67,59301666.67,1500000000,0,7.82,NA,7.82
2024,Segundo Trimestre,Junio,P09-1112186,Largo Plazo,Mercado de Capitales,CI BANCO,BONO GDFECB 12,2012-11-30,2027-11-12,5460,1232,2500000000,0,0,86576388.89,86576388.89,2500000000,0,6.85,NA,6.85
2024,Segundo Trimestre,Junio,P09-1014157,Largo Plazo,Mercado de Capitales,CI BANCO,BONO GDFECB 14,2014-11-03,2024-10-21,3640,115,2500000000,0,0,81141666.67,81141666.67,2500000000,0,6.42,NA,6.42
2024,Segundo Trimestre,Junio,P09-0915121,Largo Plazo,Mercado de Capitales,CI BANCO,BONO GDFECB 15-2,2015-09-25,2025-09-12,3640,441,2500000000,0,0,0,0,2500000000,0,6.7,NA,6.7
2024,Segundo Trimestre,Junio,P09-0917056,Largo Plazo,Mercado de Capitales,CI BANCO,BONO GCDMXCB 17X,2017-09-19,2028-03-07,3822,1348,2000000000,0,0,0,0,2000000000,0,7.6,NA,7.6
2024,Segundo Trimestre,Junio,P09-1118104,Largo Plazo,Mercado de Capitales,CI BANCO,BONO GCDMXCB 18V,2018-11-21,2028-11-08,3640,1594,1100000000,0,0,55221833.33,55221833.33,1100000000,0,9.93,NA,9.93
2025,Primer Trimestre,Marzo,721/2011,Largo Plazo,Banca Comercial,BANAMEX,"BANAMEX 1,500",2011-12-29,2026-12-28,5478,639,1500000000,0,20209581,10729673.01,30939254.009999998,509730531,-20209581,TIIE,"≤7 = 5.185
>7= TIIE-1.815",NA
2025,Primer Trimestre,Marzo,P09-1224048,Largo Plazo,Banca Comercial,BANAMEX,"BANAMEX 3,000",2024-12-06,2034-12-19,3652,3551,3000000000,0,8251938.71,75482463.22,83734401.92999999,2991748061.29,-8251938.71,9.5422999999999991,NA,9.5422999999999991
2025,Primer Trimestre,Marzo,224/2007,Largo Plazo,Banca Comercial,BANCOMER,"BANCOMER 3,457",2007-08-30,2037-07-27,10924,4503,3457974220.57,0,14118844.54,82614386.97,96733231.50999999,3183704914.78,-14118844.54,TIIE,0.35,TIIE+0.35
2025,Primer Trimestre,Marzo,226/2007,Largo Plazo,Banca Comercial,BANCOMER,"BANCOMER 4,700",2007-08-31,2037-07-27,10923,4503,4700000000,0,19190012.75,95285573.5,114475586.25,4327219390.52,-19190012.75,8.8000000000000007,NA,8.8000000000000007
2025,Primer Trimestre,Marzo,225/2007,Largo Plazo,Banca Comercial,BANCOMER,"BANCOMER 7,000",2007-08-31,2040-08-27,12050,5630,7000000000,0,45329127.06,121019106.78999999,166348233.85,5462932710.889999,-45329127.06,8.91,NA,8.91
2025,Primer Trimestre,Marzo,P09-1216082,Largo Plazo,Banca Comercial,BANCOMER,"BANCOMER 3,000-15",2016-12-30,2031-12-26,5474,2463,3000000000,0,53571428.58,30135922.619999997,83707351.19999999,1446428571.18,-53571428.58,8.2200000000000006,NA,8.2200000000000006
2025,Primer Trimestre,Marzo,P09-1218140,Largo Plazo,Banca Comercial,BANCOMER,"BANCOMER 3,000-18",2018-12-31,2028-12-26,3648,1368,3000000000,0,83333333.34,29464074.07,112797407.41,1249999999.8600001,-83333333.34,9.1199999999999992,NA,9.1199999999999992
2025,Primer Trimestre,Marzo,P09-1219070,Largo Plazo,Banca Comercial,BANCOMER,"BANCOMER 2,000",2019-12-30,2026-12-28,2555,639,2000000000,0,93309319.98,20478775.490000002,113788095.47,737315300.5799999,-93309319.98,TIIE,0.22,TIIE+0.22
2025,Primer Trimestre,Marzo,P09-1219071,Largo Plazo,Banca Comercial,BANCOMER,"BANCOMER 3,421",2019-12-30,2029-12-26,3649,1733,3421287307.47,0,86647678,38457638.63,125105316.63,2248749588.08,-86647678,6.74,NA,6.74
2025,Primer Trimestre,Marzo,P09-1219072,Largo Plazo,Banca Comercial,BANCOMER,BANCOMER 500-19,2019-12-30,2029-12-26,3649,1733,500000000,0,12663022.740000002,5912204,18575226.740000002,328640857.4,-12663022.740000002,7.09,NA,7.09
2025,Primer Trimestre,Marzo,P09-0721037,Largo Plazo,Banca Comercial,BANCOMER,"BANCOMER 2,296",2021-07-13,2031-07-11,3650,2295,2296288492.98,0,63785791.47,43510401.21,107296192.68,1615906717.3,-63785791.47,TIIE,0.49,TIIE+0.49
2025,Primer Trimestre,Marzo,P09-1222047,Largo Plazo,Banca Comercial,BANCOMER,"BANCOMER 2,500-22",2022-12-16,2032-12-15,3652,2817,2500000000,0,62499999.989999995,44938437.5,107438437.49,1937500000.09,-62499999.989999995,9.18,NA,NA
2025,Primer Trimestre,Marzo,P09-1222048,Largo Plazo,Banca Comercial,BANCOMER,"BANCOMER 1,763",2022-12-16,2032-12-15,3652,2817,1763754383.38,0,44093859.57,31980435.3,76074294.87,1366909647.25,-44093859.57,9.26,NA,NA
2025,Primer Trimestre,Marzo,P09-1222050,Largo Plazo,Banca Comercial,BANCOMER,"BANCOMER 3,037",2022-12-16,2042-12-15,7304,6469,3037855202.23,0,37973190.03,69681996.17,107655186.2,2696096491.9599996,-37973190.03,TIIE,0.24,TIIE+0.24
2025,Primer Trimestre,Marzo,233/2007,Largo Plazo,Banca Comercial,HSBC,"HSBC 7,000",2007-09-07,2047-09-25,14628,8215,7000000000,0,0,184204863.89,184204863.89,7000000000,0,TIIE,0.53,TIIE+0.53
2025,Primer Trimestre,Marzo,P09-1218139,Largo Plazo,Banca Comercial,HSBC,"HSBC 1,170",2018-12-31,2028-12-26,3648,1368,1170915399.91,0,32525427.78,12193508.82,44718936.6,487881416.5300007,-32525427.78,9.67,NA,9.67
2025,Primer Trimestre,Marzo,P09-1218138,Largo Plazo,Banca Comercial,SANTANDER,"SANTANDER 2,400",2018-12-31,2028-12-26,3648,1368,2400000000,0,66666666.66,24682623.47,91349290.13,1000000000.14,-66666666.66,9.5500000000000007,NA,9.5500000000000007
2025,Primer Trimestre,Marzo,P09-1221044,Largo Plazo,Banca Comercial,SANTANDER,"SANTANDER 2,000",2021-12-13,2036-12-15,5479,4279,2000000000,0,33333333.33,41239389.47,74572722.8,1566666666.71,-33333333.33,TIIE,0.38,TIIE+0.38
2025,Primer Trimestre,Marzo,P09-1223078,Largo Plazo,Banca Comercial,SANTANDER,"SANTANDER 2,169",2023-12-01,2033-12-01,3653,3168,2169946419,0,8510017.36,48670497.19,57180514.55,2134030550.0200002,-8510017.36,9.1999999999999993,NA,9.1999999999999993
2025,Primer Trimestre,Marzo,262/2007,Largo Plazo,Banca de Desarrollo,BANOBRAS,"BANOBRAS 4,000",2007-10-17,2047-10-25,14618,8245,4000000000,0,0,75583317.45,75583317.45,2876845027.65,0,TIIE,0.53,TIIE+0.53
2025,Primer Trimestre,Marzo,261/2007,Largo Plazo,Banca de Desarrollo,BANOBRAS,"BANOBRAS 4,459",2007-10-17,2040-10-25,12062,5689,4459000000,0,18492227.48,102066470.56000002,120558698.04000002,3945041541.1,-18492227.48,TIIE,0.35,TIIE+0.35
2025,Primer Trimestre,Marzo,260/2007,Largo Plazo,Banca de Desarrollo,BANOBRAS,"BANOBRAS 4,806",2007-10-17,2037-10-26,10967,4594,4806995488.54,0,18610737.72,114849420.05999999,133460157.77999999,4433858061.04,-18610737.72,TIIE,0.35,TIIE+0.35
2025,Primer Trimestre,Marzo,514/2008,Largo Plazo,Banca de Desarrollo,BANOBRAS,BANOBRAS 175,2009-12-24,2028-11-27,6913,1339,174978799.57,0,2421929.16,960405.7799999999,3382334.94,35521627.370000005,-2421929.16,TIIE,0.35,TIIE+0.35
2025,Primer Trimestre,Marzo,562/2010,Largo Plazo,Banca de Desarrollo,BANOBRAS,"BANOBRAS 1,499",2010-12-28,2040-10-25,10894,5689,1499069397.53,0,23958333.450000003,16609983.870000001,40568317.32000001,719555506.3,-23958333.450000003,9.1300000000000008,NA,9.1300000000000008
2025,Primer Trimestre,Marzo,P09-1012161,Largo Plazo,Banca de Desarrollo,BANOBRAS,"BANOBRAS 2,138",2012-11-12,2032-11-25,7318,2798,2138648319,0,0,42139094.8,42139094.8,2138648319,0,7.09,0.88,7.97
2025,Primer Trimestre,Marzo,P09-1012161,Largo Plazo,Banca de Desarrollo,BANOBRAS,BANOBRAS 294,2012-11-30,2032-11-25,7300,2798,294874160,0,0,5759056.17,5759056.17,294874160,0,7.02,0.88,7.9
2025,Primer Trimestre,Marzo,P09-1212219,Largo Plazo,Banca de Desarrollo,BANOBRAS,"BANOBRAS 1,954",2012-12-28,2027-11-25,5445,971,1954226708.26,0,35105869.019999996,6776212.840000001,41882081.86,374462602.36,-35105869.019999996,5.97,0.91,6.88
2025,Primer Trimestre,Marzo,P09-1212219,Largo Plazo,Banca de Desarrollo,BANOBRAS,BANOBRAS 145,2012-12-31,2027-11-25,5442,971,145773291.74,0,2618681.88,504729.12,3123411,27932607.14,-2618681.88,5.96,0.91,6.87
2025,Primer Trimestre,Marzo,P09-1012161,Largo Plazo,Banca de Desarrollo,BANOBRAS,BANOBRAS 196,2013-11-07,2032-11-25,6958,2798,196783977,0,0,4174116.12,4174116.12,196783977,0,7.7,0.88,8.58
2025,Primer Trimestre,Marzo,P09-1214244,Largo Plazo,Banca de Desarrollo,BANOBRAS,"BANOBRAS 1,949",2014-12-31,2029-11-26,5444,1703,1949386371.4,0,37730058.81,18877709.21,56607768.02,704294430.6700001,-37730058.81,TIIE,0.36,TIIE+0.36
2025,Primer Trimestre,Marzo,P09-1215162,Largo Plazo,Banca de Desarrollo,BANOBRAS,"BANOBRAS 1,000",2015-12-29,2025-12-26,3650,272,1000000000,0,13888888.89,1209813.57,15098702.46,37037036.99,-13888888.89,TIIE,0.41,TIIE+0.41
2025,Primer Trimestre,Marzo,P09-1217134,Largo Plazo,Banca de Desarrollo,BANOBRAS,"BANOBRAS 1,378",2017-12-29,2032-12-27,5477,2830,1378859929,0,22980998.82,18789717.1,41770715.92,712410963.2199999,-22980998.82,TIIE,0.34,TIIE+0.34
2025,Primer Trimestre,Marzo,P09-1219069,Largo Plazo,Banca de Desarrollo,BANOBRAS,"BANOBRAS 2,000",2019-12-30,2026-12-28,2555,639,2000000000,0,93309319.98,20418504.36,113727824.34,737315300.6,-93309319.98,TIIE,0.2,TIIE+0.20
2025,Primer Trimestre,Marzo,P09-0720076,Largo Plazo,Banca de Desarrollo,BANOBRAS,"BANOBRAS 2,000-20",2020-07-31,2030-07-25,3646,1944,2000000000,0,50000000.01,28752653.049999997,78752653.06,1066666666.48,-50000000.01,TIIE,0.46,TIIE+0.46
2025,Primer Trimestre,Marzo,P09-0720077,Largo Plazo,Banca de Desarrollo,BANOBRAS,"BANOBRAS 2,300",2020-07-31,2030-07-25,3646,1944,2300000000,0,57500000.010000005,33409795,90909795.01,1226666666.48,-57500000.010000005,TIIE,0.56999999999999995,TIIE+0.57
2025,Primer Trimestre,Marzo,P09-1220098,Largo Plazo,Banca de Desarrollo,BANOBRAS,"BANOBRAS 2,500",2020-12-11,2030-11-25,3636,2067,2500000000,0,63025210.08,38692034.91,101717244.99,1428571428.64,-63025210.08,TIIE,0.53,TIIE+0.53
2025,Primer Trimestre,Marzo,P09-1220099,Largo Plazo,Banca de Desarrollo,BANOBRAS,"BANOBRAS 2,683",2020-12-11,2030-11-25,3636,2067,2683529136.16,0,67651995.03,41962033.79,109614028.82,1533445220.65,-67651995.03,TIIE,0.64,TIIE+0.64
2025,Primer Trimestre,Marzo,P09-0721036,Largo Plazo,Banca de Desarrollo,BANOBRAS,"BANOBRAS 2,200",2021-07-13,2031-07-11,3650,2295,2200000000,0,61111111.11,41604405.85,102715516.96000001,1548148148.16,-61111111.11,TIIE,0.48,TIIE+0.48
2025,Primer Trimestre,Marzo,P09-1221046,Largo Plazo,Banca de Desarrollo,BANOBRAS,"BANOBRAS 1,908",2021-12-13,2036-12-15,5481,4279,1908190692.18,0,31803178.200000003,39343284.28,71146462.48,1494749375.58,-31803178.200000003,TIIE,0.39,TIIE+0.39
2025,Primer Trimestre,Marzo,P09-1221045,Largo Plazo,Banca de Desarrollo,BANOBRAS,"BANOBRAS 3,000",2021-12-13,2036-12-15,5481,4279,3000000000,0,50000000.01,61559628.85,111559628.86,2349999999.87,-50000000.01,TIIE,0.34,TIIE+0.34
2025,Primer Trimestre,Marzo,P09-1222049,Largo Plazo,Banca de Desarrollo,BANOBRAS,"BANOBRAS 4,263",2022-12-16,2042-12-15,7304,6469,4263754383.38,0,53296929.78,89159920.61,142456850.39,3784082015.3599997,-53296929.78,9.44,NA,NA
2025,Primer Trimestre,Marzo,P09-1223079,Largo Plazo,Banca de Desarrollo,BANOBRAS,"BANOBRAS 2,500-23 (1)",2023-12-01,2043-12-01,7305,6820,2500000000,0,274548.83,60731292.260000005,61005841.09,2498841287.949999,-274548.83,8.83,NA,8.83
2025,Primer Trimestre,Marzo,P09-1223080,Largo Plazo,Banca de Desarrollo,BANOBRAS,"BANOBRAS 2,500-23 (2)",2023-12-01,2043-12-01,7305,6820,2500000000,0,274548.83,61349108.029999994,61623656.85999999,2498841287.949999,-274548.83,8.93,NA,8.93
2025,Primer Trimestre,Marzo,P09-1223081,Largo Plazo,Banca de Desarrollo,BANOBRAS,"BANOBRAS 4,974",2023-12-01,2043-12-01,7305,6820,4974578884.889999,0,546305.92,126331357.33000001,126877663.25000001,4972273243.109999,-546305.92,TIIE 1 día hábil bancario,0.44,TIIE 1 día hábil bancario+0.44
2025,Primer Trimestre,Marzo,P09-1224047,Largo Plazo,Banca de Desarrollo,BANOBRAS,"BANOBRAS 1,702",2024-12-06,2044-12-19,7305,7204,1702761229.88,0,131155.54,47539077.08,47670232.62,1999845949.58,-131155.54,10.58,NA,10.58
2025,Primer Trimestre,Marzo,P09-1224049,Largo Plazo,Banca de Desarrollo,BANOBRAS,"BANOBRAS 2,000-24",2024-12-06,2044-12-19,7305,7204,2000000000,0,154050.41999999998,55309865.660000004,55463916.080000006,1702630074.3400002,-154050.41999999998,10.48,NA,10.48
2025,Primer Trimestre,Marzo,P09-1224050,Largo Plazo,Banca de Desarrollo,BANOBRAS,"BANOBRAS 2,225",2024-12-06,2044-12-19,7305,7204,2225251326.99,0,192563.01,67877097.94,68069660.95,2225079926.54,-192563.01,TIIE 1 día hábil bancario,0.44,TIIE 1 día hábil bancario+0.44
2025,Primer Trimestre,Marzo,P09-1224051,Largo Plazo,Banca de Desarrollo,BANOBRAS,"BANOBRAS 2,500-24",2024-12-06,2044-12-19,7305,7204,2500000000,0,171400.45,60534882.099999994,60706282.55,2499807436.99,-171400.45,TIIE 1 día hábil bancario,0.42,TIIE 1 día hábil bancario+0.42
2025,Primer Trimestre,Marzo,329/2007,Largo Plazo,Mercado de Capitales,CI BANCO,BONO GDFCB 07,2007-12-17,2027-11-22,7280,968,575000000,0,0,0,0,575000000,0,8.65,NA,8.65
2025,Primer Trimestre,Marzo,P09-1219057,Largo Plazo,Mercado de Capitales,CI BANCO,BONO CDMXCB 19,2019-12-03,2029-11-20,3640,1697,1500000000,0,0,0,0,1500000000,0,7.82,NA,7.82
2025,Primer Trimestre,Marzo,P09-1112186,Largo Plazo,Mercado de Capitales,CI BANCO,BONO GDFECB 12,2012-11-30,2027-11-12,5460,958,2500000000,0,0,0,0,2500000000,0,6.85,NA,6.85
2025,Primer Trimestre,Marzo,P09-0915121,Largo Plazo,Mercado de Capitales,CI BANCO,BONO GDFECB 15-2,2015-09-25,2025-09-12,3640,167,2500000000,0,0,84680555.56,84680555.56,2500000000,0,6.7,NA,6.7
2025,Primer Trimestre,Marzo,P09-0917056,Largo Plazo,Mercado de Capitales,CI BANCO,BONO GCDMXCB 17X,2017-09-19,2028-03-07,3822,1074,2000000000,0,0,76844444.44,76844444.44,2000000000,0,7.6,NA,7.6
2025,Primer Trimestre,Marzo,P09-1118104,Largo Plazo,Mercado de Capitales,CI BANCO,BONO GCDMXCB 18V,2018-11-21,2028-11-08,3640,1320,1100000000,0,0,0,0,1100000000,0,9.93,NA,9.93
